metro,age_25_35,age_35_65,age_65plus,educ_BA,educ_Grad,educ_NoCollege,educ_SomeCollege,kids_flow_kids_u18,kids_flow_no_kids,kids_flow_with_kids,retired_flow_head50_no_work,retired_flow_someone_working,tenure_NA,tenure_Owner,tenure_Renter,race_Black,race_Hispanic,race_White,total_flow_household,total_flow_individual,metro_name,industry_1,industry_2,industry_3,industry_4,industry_5,industry_6,industry_7,industry_8,industry_9,industry_X,rank_age_25_35,rank_age_35_65,rank_age_65plus,rank_educ_BA,rank_educ_Grad,rank_educ_NoCollege,rank_educ_SomeCollege,rank_kids_flow_kids_u18,rank_kids_flow_no_kids,rank_kids_flow_with_kids,rank_retired_flow_head50_no_work,rank_retired_flow_someone_working,rank_tenure_NA,rank_tenure_Owner,rank_tenure_Renter,rank_race_Black,rank_race_Hispanic,rank_race_White,rank_total_flow_household,rank_total_flow_individual,rank_industry_1,rank_industry_2,rank_industry_3,rank_industry_4,rank_industry_5,rank_industry_6,rank_industry_7,rank_industry_8,rank_industry_9,rank_industry_X
35620,0.018503199201293,0.01112780983742506,0.01001728384334095,0.02332568695961949,0.02380502008242446,0.009928676394423,0.0097528479158851,0.01051774569128917,0.01639512082924319,0.01463354261439141,0.01264727888616091,0.01410097636502571,0.01815282146547776,0.00997623423322146,0.0152935483250411,0.01384893177645737,0.01585201587792212,0.01142382064104958,0.01366493756267677,0.01343636587458771,"New York-Newark-Jersey City, NY-NJ",0.0055449868919683,0.0050574427995951,0.00804492800281689,0.00896982207788386,0.01201943226042436,0.0130739087316871,0.01029476142657507,0.0080882171299431,0.00707789408311235,0.01536603721587691,1,6,7,1,1,6,7,7,1,4,3,1,1,9,4,7,7,3,3,4,21,28,6,8,2,2,4,8,18,2
19100,0.018139017920413,0.01517579095023643,0.0127198499655498,0.0215575561034003,0.02016789578113084,0.01316223551983278,0.01304696409372089,0.01627807674174598,0.01370907189448495,0.01666600524681184,0.01388588881458979,0.01294540370012583,0.00639929536900932,0.01482795863028225,0.01755146313206377,0.02257391827359421,0.01896518550639574,0.01292620534413151,0.01503616744104789,0.01534838653612161,"Dallas-Fort Worth-Arlington, TX",0.00811831314480298,0.00997430451299843,0.00764673317359367,0.01045687116291296,0.01058184053484005,0.01401088768287281,0.01073217446200328,0.01144326147373473,0.00994944552545713,0.01694617173305835,2,1,2,2,4,1,1,2,3,1,1,2,14,2,1,3,2,1,1,1,11,3,7,3,6,1,3,2,7,1
16980,0.01666793240890458,0.01058003325600037,0.00991136579794443,0.02027426481908643,0.01779161353572826,0.01033599707787188,0.00932395507560283,0.01291323873612478,0.01230817615700735,0.01493621651604345,0.01059950444153536,0.01133021582531142,0.00820654245745998,0.01265497547933827,0.01372370600777697,0.01595762576043208,0.01651764651210061,0.0105291670792839,0.01269043249058903,0.01259756292215169,"Chicago-Naperville-Elgin, IL-IN",0.00368681902703564,0.00530494118123092,0.00950767371277336,0.00798001696605055,0.00882603399279365,0.01078649127663886,0.00588996318291756,0.00792708935093411,0.00767283076714692,0.01409812329053137,3,8,8,3,5,5,9,4,5,3,9,5,7,5,6,5,6,4,5,5,66,25,3,13,8,7,23,9,15,5
12060,0.01550679241499143,0.01434272620805449,0.0122957711679873,0.01895142192657968,0.02055235960622359,0.01191169983331096,0.01205648440510257,0.01394226134402226,0.0117269347799282,0.0136336026474208,0.01148720339349861,0.01243362101992699,0.00696900670435868,0.01557891913291814,0.01414779583948035,0.03307768414521404,0.0099263348481728,0.01007721099023103,0.01367034991040976,0.01387875459222075,"Atlanta-Sandy Springs-Roswell, GA",0.00239733502993156,0.00950644382310839,0.013434531361333161,0.01154073006157628,0.01084726540410656,0.01161391073630307,0.01102822180173641,0.00815600290742722,0.01153264560488712,0.01490161277508045,4,2,3,5,3,3,3,3,7,5,5,3,9,1,5,1,14,5,2,2,103,4,1,1,5,4,2,6,2,3
26420,0.01540799618384731,0.01384289826586033,0.01125663868305106,0.01612758207723922,0.01714402637691643,0.01247982917994388,0.01091926459927977,0.01637631666800832,0.01149100450216975,0.0159734091488313,0.01047277098751358,0.01184262478257349,0.00519876553464838,0.01335818991027556,0.01539028936800379,0.02416480737321257,0.019421379186198712,0.00899220274725824,0.01341170464118557,0.01346272485080904,"Houston-Pasadena-The Woodlands, TX",0.00432007018294728,0.01053184706365655,0.00734423061291836,0.009949541355162,0.01155802045673017,0.01106204739088703,0.00789114662544832,0.00696871049933262,0.01048789157938855,0.0141328663742157,5,3,4,7,7,2,4,1,8,2,11,4,24,3,3,2,1,11,4,3,40,1,8,5,3,6,13,17,5,4
31080,0.0153745188677346,0.01034008230342536,0.008627647250782,0.01933115206742114,0.01742910914161996,0.00851332809988182,0.01090518272358018,0.00927814483696788,0.01322318379718479,0.01223464924223015,0.0108792506150388,0.01090432018232364,0.01255820935238345,0.00658073034099287,0.0159392446956351,0.01090875664662752,0.01388696324246695,0.0084576530809996,0.0114998416635318,0.01171406420953389,"Los Angeles-Long Beach-Anaheim, CA",0.00380067485484028,0.00628262500588866,0.00688418869413671,0.0096741833750303,0.01148550957236148,0.01125242647777555,0.00928552482711832,0.00869237825312267,0.00593934534942606,0.01322111321629269,6,10,13,4,6,10,5,11,4,6,7,6,2,22,2,11,8,14,8,8,53,15,13,7,4,5,8,5,25,7
47900,0.01418188702270691,0.01130786828261026,0.00927069159345427,0.01742756276220239,0.0235629689447258,0.00894091398085726,0.00979958832252242,0.01077355644268301,0.01174654894919739,0.01153967151076694,0.01264902010788105,0.0093514821183535,0.00875562967172561,0.01058066107190186,0.01359431239884357,0.01781515740593157,0.01172236343997833,0.00984566231708091,0.01182689757297799,0.01197241712447644,"Washington-Arlington-Alexandria, DC-VA-MD-WV",0.00306027105579058,0.00555455287963584,0.00544797134089545,0.00969567707774186,0.00832019256599388,0.00971568181093952,0.00899094944447386,0.00779305713251687,0.0107322361136623,0.01357236691457317,7,5,10,6,2,9,6,6,6,7,2,11,5,6,7,4,9,7,7,7,81,20,26,6,12,11,9,10,4,6
42660,0.01393609786310488,0.00833757517400104,0.00747065916000944,0.01529388262225169,0.01682162809296884,0.0076104228743103,0.00864757427996607,0.01030430270190854,0.01547460905477577,0.01056319899662701,0.01049148075635933,0.01021799064146518,0.0072186472097958,0.00670896811985054,0.0130927336952013,0.01037285793115621,0.00772687755444985,0.00876117917347357,0.0101187832947367,0.00992413509500824,"Seattle-Tacoma-Bellevue, WA",0.00371029072132505,0.00542234279710821,0.00545407916087632,0.007475448647104,0.00704162221976796,0.00848626115431267,0.00595671746803297,0.00699971664090076,0.01004029730749249,0.01204654177804148,8,13,17,9,8,13,11,8,2,9,10,10,8,21,8,13,18,13,10,11,56,22,25,15,18,13,22,16,6,9
38060,0.01301379314013396,0.01264640969575562,0.01581694139969314,0.01530102733366881,0.01372694571476079,0.01115112405423174,0.01271889829019245,0.01122149116284878,0.01055182920675882,0.01097711800429695,0.01241348374593544,0.01081498408239055,0.00680345340446391,0.01276930017324988,0.0128275358670579,0.01131696714378785,0.01774106378602573,0.0115314508544285,0.01245200632510479,0.01240805150285926,"Phoenix-Mesa-Chandler, AZ",0.00928013236481026,0.00811777779351378,0.01182928866735559,0.0107507964243624,0.01268126400760524,0.01274092850890813,0.00991785009277544,0.01353241756975406,0.01143579316301753,0.01280903939422791,9,4,1,8,12,4,2,5,11,8,4,7,11,4,9,10,3,2,6,6,5,6,2,2,1,3,6,1,3,8
37980,0.01263897276165321,0.00964258196949038,0.00765367752503978,0.01250164933634803,0.01405950804697172,0.00910382850082079,0.0090446455109691,0.00908379687887895,0.0109437053449536,0.01034947620035655,0.00902480218752104,0.01038167630967743,0.0110419629099151,0.0099911537106973,0.0100384195122711,0.01490138907323085,0.00865446178066998,0.00948198830143072,0.01027632892802409,0.0102438982061873,"Philadelphia-Camden-Wilmington, PA-NJ-DE-MD",0.00328954304264483,0.00759717897280014,0.00709222711489792,0.0088436883153016,0.00838380314997028,0.01017844915577952,0.00959190356734044,0.00766838232114371,0.00949205947668985,0.01082592873472724,10,11,15,13,11,8,10,12,9,10,15,8,4,8,13,6,17,9,9,9,77,8,10,10,11,9,7,12,9,10
19740,0.01181101643828836,0.00782701349260315,0.00650369613207623,0.015089324216484,0.01336504596671717,0.00635301858192277,0.00669461239062285,0.0066774075938773,0.0086014783563632,0.00670797138497305,0.00807230637220901,0.00640133932429422,0.00333171785302774,0.0070022494851919,0.01075240539735618,0.00588140705483105,0.00979525676575687,0.00887868872603321,0.0084142962670838,0.00846117441010642,"Denver-Aurora-Centennial, CO",0.00151030387919977,0.00692530944391142,0.00326825312418215,0.00424556657914229,0.00828072065103627,0.00558196477596,0.00554464969409636,0.00506875078392975,0.00340823035546723,0.0102316422594005,11,16,21,10,13,21,20,19,13,23,16,20,63,18,10,36,16,12,14,14,147,11,70,45,13,26,27,30,67,13
14460,0.01089000286763107,0.00830669875354594,0.00952477495978748,0.01331230536366409,0.01543687655276717,0.00830678905780853,0.00838743358263506,0.00939448061740119,0.01091648374387525,0.01019335181204338,0.00941271060461212,0.01024251792624613,0.01237237942305171,0.00764816759821042,0.0107199541288067,0.00728064558379672,0.00749538058576841,0.00993108284708616,0.0098998868148648,0.0097806590991188,"Boston-Cambridge-Newton, MA-NH",0.004124616189676,0.00813330619123037,0.00549302811350171,0.0084289578930501,0.01012644829017651,0.01000655364655383,0.00898288564187183,0.00642418998778465,0.00691915720432121,0.01048977775235069,12,14,9,11,9,11,13,10,10,11,12,9,3,12,11,25,20,6,11,12,48,5,24,12,7,10,10,23,21,12
16740,0.01077546162907836,0.01054871799909759,0.00889785556071935,0.01253332429878856,0.01197196957751083,0.00936415278675341,0.00854819426540191,0.01005881716115981,0.00877623046181584,0.00971129036144769,0.01079672739053434,0.00730542957395654,0.00610801659133516,0.01032805525595384,0.01039599931861362,0.01219188670859162,0.00711957104800469,0.00934474108588935,0.00973532835832395,0.00993139978935972,"Charlotte-Concord-Gastonia, NC-SC",0.01572021287488966,0.00998886876882553,0.00697398299867144,0.00875083140576126,0.00804834852499374,0.01075436202520933,0.01227051538872373,0.00916591195480717,0.00952078222438556,0.01061133281061951,13,9,11,12,14,7,12,9,12,12,8,14,15,7,12,8,22,10,12,10,1,2,12,11,14,8,1,3,8,11
12420,0.00954479674424997,0.00724871385635248,0.00569055418552424,0.0116273885420127,0.01109282501893453,0.00615417418186608,0.00728905593140449,0.00727729463369018,0.00855110555222181,0.00684063412173149,0.00692657121544199,0.0068628146895703,0.00473345078993905,0.00598626925084676,0.00935066885040782,0.00627592764683693,0.01085166634575015,0.00697545746121835,0.00782329061210095,0.0077518866105159,"Austin-Round Rock-San Marcos, TX",0.00262321480533835,0.00593840429522349,0.00470801197168868,0.00662560469199426,0.00840127713856687,0.0059730782935387,0.00634878048986494,0.0046865830886695,0.00498663149743922,0.00890147210801057,14,21,26,14,16,25,15,14,14,21,19,16,34,27,15,34,11,18,15,16,92,16,39,16,10,22,16,35,42,15
41860,0.00944226319063243,0.00572509892162719,0.00548578838306048,0.01128979388216508,0.01501567876434015,0.00424153509180753,0.00450433955683467,0.00470244091301529,0.0071676668625557,0.00579398538290445,0.00578866191480481,0.00523070862179053,0.00590720355906901,0.00412727255522157,0.00861018283743746,0.00632431585089002,0.00454033870720167,0.0047777656764868,0.00632553695177988,0.00645666363624681,"San Francisco-Oakland-Fremont, CA",0.00136831966138749,0.00289342183511897,0.00323828391841072,0.00369198172033354,0.00757832176999366,0.00532617812460598,0.00404701666106737,0.00422037524663151,0.00299665112796759,0.00776068973140465,15,29,30,15,10,41,41,40,19,30,28,30,19,45,18,33,41,33,26,25,157,85,72,54,16,29,53,45,83,20
38900,0.00890170716883056,0.00681373483982244,0.00761442430515932,0.01041311654856124,0.00980683438684243,0.00563212705888481,0.00677700764747436,0.00640031334015971,0.00804933038840506,0.00704835724565249,0.00933493670656648,0.00692138579041965,0.00434247812158242,0.00591965089131321,0.00843358543060713,0.0069745599647803,0.00576032499819975,0.00759999108348227,0.00712501534058186,0.0070422756596332,"Portland-Vancouver-Hillsboro, OR-WA",0.00413417652424319,0.00480277346613523,0.00572452426845107,0.00635687662652834,0.00467282741286874,0.00690623425695855,0.00454643820352591,0.00465762778731405,0.00591494768583997,0.00816134077225143,16,22,16,18,19,29,18,21,16,19,13,15,40,28,19,26,28,17,19,21,47,32,22,18,42,18,44,37,26,17
45300,0.00888170558547126,0.01112561625068914,0.01120522186125349,0.01111692461356736,0.01010198535565851,0.00822938107053937,0.00955012517038912,0.00892750529734525,0.00817384078361313,0.00866009858512141,0.01089454204673476,0.00868244800381126,0.00466208658332159,0.00975252062216702,0.00935424086613159,0.00681484743676725,0.01127846608336416,0.00950297119395363,0.00868316123733028,0.00913586446573967,"Tampa-St. Petersburg-Clearwater, FL",0.00297362652775165,0.0075869666976216,0.00823709628486225,0.01023721462183813,0.0079436793213840309,0.00850473631201034,0.00620153835214321,0.00778053130603095,0.013008049400102,0.00933361131011883,17,7,5,16,18,12,8,13,15,14,6,12,35,10,14,29,10,8,13,13,84,9,5,4,15,12,19,11,1,14
33460,0.00883220331439652,0.0057167311317536,0.00608249815118355,0.00895416499478908,0.01027030299781964,0.0056536326107917,0.00552834927495014,0.00616687441875171,0.0065281283994788,0.00751621491601504,0.00458199818627707,0.00635421266298527,0.00473821577589487,0.0067676726247689,0.00709789891014347,0.00930994419154966,0.00524563944421446,0.00665418586644168,0.00678296703435294,0.00674316079488413,"Minneapolis-St. Paul-Bloomington, MN-WI",0.00312188716301774,0.0048074519583615,0.00703608518573113,0.00479811538894202,0.00624150013565697,0.00413031499934521,0.00470573933237991,0.00604824498339888,0.00296892070182595,0.0075662529231526,18,30,22,21,17,28,30,25,22,15,41,21,33,20,25,18,32,20,22,24,80,31,11,32,25,48,41,28,85,21
28140,0.00834753337557909,0.00734108294383182,0.00686516551321241,0.00944398607874605,0.00817094120490359,0.00685598671664755,0.00649807387057963,0.00721832540907621,0.00674147395795228,0.00719465858249743,0.00639579741799321,0.00588590732995877,0.00483632237469991,0.00714684986689272,0.00785730649337315,0.00928938776938038,0.00658481398129167,0.00765597334747162,0.00742533376361248,0.00733981516721258,"Kansas City, MO-KS",0.00216606448104426,0.00356286937251496,0.00589531857981338,0.00605495470051608,0.00547859361456493,0.00703652897534996,0.00557771930492123,0.00586766598456179,0.00522372888922391,0.00790753314331712,19,19,19,20,22,17,22,15,20,17,24,27,31,15,21,19,23,16,18,18,112,55,21,21,31,17,26,29,35,19
33100,0.00832459800247503,0.00945410857369543,0.01072695408907497,0.0097271923382105,0.01194487246621532,0.0070852546199282,0.00703251356278395,0.00633351891231081,0.00743323334346075,0.00718307074827392,0.00928872723439394,0.00746582977071089,0.00594980141062685,0.00702553670287931,0.00869629138642584,0.01011251688183462,0.01735608073452603,0.00539106401697547,0.00757752929800998,0.00799587171273766,"Miami-Fort Lauderdale-West Palm Beach, FL",0.00898703732142108,0.0058984682969976604,0.00479346050275627,0.00755514607769999,0.00851250837637885,0.00768052586350872,0.00468766489854072,0.00811315421157408,0.00509133712006986,0.00812424130220434,20,12,6,19,15,16,16,24,18,18,14,13,18,16,16,16,4,30,17,15,7,17,37,14,9,15,42,7,39,18
19820,0.00818722127746696,0.00746468414816156,0.00802590400968564,0.00733617986825766,0.00755080850702421,0.00668099704151999,0.00638775610369984,0.00658123533646811,0.00626836018602923,0.00882113593830979,0.00691524369351271,0.00642306085779552,0.00319590930316592,0.00883330370455597,0.00617759188316651,0.01218017591520114,0.00482323641210893,0.00636628119553378,0.00671785013163026,0.00681675808576377,"Detroit-Warren-Dearborn, MI",0.0025016080019216,0.00424953239792344,0.003462648114226,0.00440380888641098,0.00631374447749117,0.00478442702789289,0.00404947227338609,0.00647407402486051,0.0069663751794817,0.00723580620962504,21,18,14,25,24,18,23,20,25,13,20,19,72,11,28,9,37,21,23,23,96,42,62,42,24,39,52,21,20,24
34980,0.00814738968090623,0.00768886583622719,0.00589556602480385,0.01094195939507065,0.00771844142780574,0.00657108682103356,0.00673767781023103,0.00639635465774617,0.00768396557073902,0.00622844606312023,0.00737716857175859,0.00599198717162773,0.00398169323819242,0.00701328183876748,0.00832580751690567,0.00843754398039019,0.00586406988632199,0.0080901989542471,0.00761643817358037,0.00741764603193824,"Nashville-Davidson--Murfreesboro--Franklin, TN",0.00362330591389747,0.00644999381627063,0.00568113673316582,0.0047722147337374,0.00641462166061791,0.00776764475297859,0.00489612581138969,0.00647309870124479,0.0068209650731042,0.00824676768716637,22,17,23,17,23,20,19,22,17,26,18,24,48,17,20,20,27,15,16,17,68,14,23,33,21,14,38,22,23,16
41740,0.00793902707893789,0.00512304043984065,0.00477453497149577,0.00818523341321112,0.00907992078912352,0.00502907111036838,0.00584864864781817,0.00512394448660981,0.00637340939476185,0.0051523221654942,0.00483589221716074,0.00521607356435194,0.00686917555799317,0.00384806069629627,0.00761870384268668,0.00441132674671215,0.00986770745559838,0.00562265667337327,0.0059693339700785,0.00609171280622064,"San Diego-Chula Vista-Carlsbad, CA",0.00269193326945452,0.00338704845256239,0.00347102300392355,0.00477048854826125,0.00499032865598848,0.00495404793891583,0.00408088060128226,0.00421899370258374,0.00566592911763804,0.00709437151245257,23,33,40,22,20,33,25,31,23,33,39,31,10,52,23,51,15,28,29,28,90,65,61,34,37,35,51,46,29,26
41700,0.00752923526269681,0.00674109194628941,0.00568175206127313,0.00718222275258858,0.00614180668595602,0.00719938610402099,0.00688535644789399,0.00668109257397244,0.00628808322555953,0.00643599212383421,0.0064744992771565,0.00590257310377371,0.00526433981289255,0.00718799026761527,0.00720763711534989,0.00502504140940777,0.01686394233135945,0.00468848074014876,0.00678862702307286,0.00711432874075532,"San Antonio-New Braunfels, TX",0.00192990150658937,0.00513130689504253,0.00646674774505362,0.00641588702329759,0.00649291381581662,0.00687908355218327,0.00435523158044695,0.00370434188259142,0.00930652509821926,0.00733456698872534,24,23,27,26,31,14,17,18,24,25,23,26,23,14,24,45,5,35,20,19,123,27,17,17,20,19,48,62,10,23
36740,0.00730194813570641,0.00732325078812441,0.00567265889145652,0.00790634868501036,0.00674374520062822,0.00632468948351232,0.00747541044079567,0.00600423685048209,0.00567040421196224,0.00620228173980538,0.00658576912340919,0.0059898225661979,0.00466153991616242,0.00604792067193875,0.00763755522426715,0.00695700811216312,0.01033593222225152,0.00563575162938531,0.00664306920859455,0.00686438929649377,"Orlando-Kissimmee-Sanford, FL",0.0015658613446837,0.00806621093400147,0.00307766341686066,0.00507720687837122,0.00535361488265066,0.00492729340370836,0.00443376644152766,0.00481224182251434,0.00566594389196943,0.00717524771948132,25,20,28,23,28,23,14,27,29,27,22,25,36,26,22,27,13,26,24,22,141,7,80,28,33,37,46,33,28,25
41180,0.00703403630492363,0.00614662650164256,0.00588386081613444,0.0066228428181914,0.00679694268518001,0.00635027354665449,0.00566718955742823,0.00699179403224478,0.00621498159235849,0.00747826809049904,0.00558324027183321,0.00646971295198139,0.00549631373664314,0.00746361523129681,0.0055202260170966,0.01012666460870942,0.00312960797350319,0.0066744091593731,0.00642212619604841,0.0062935081046329704,"St. Louis, MO-IL",0.00520198481126483,0.00371454230195548,0.00670784701228893,0.00452903121453369,0.00752925972332374,0.00676648787496326,0.00475019620422648,0.00694011422887357,0.00495405663721665,0.00616052244561188,26,26,24,28,27,22,29,17,26,16,31,18,21,13,31,15,69,19,25,26,24,51,14,39,17,20,40,18,44,28
29820,0.00689731760173867,0.00824335040280166,0.00716644337520108,0.00671758359818819,0.0066077783213264,0.00712000837072054,0.00662448035141839,0.00717773359721321,0.00571703446674678,0.00702820109987663,0.00674655565904624,0.00657731844092101,0.00206273541371448,0.00612373454236378,0.00865042962812969,0.01032384305545715,0.0075257315877435,0.00522837766894696,0.00678314240429362,0.00705450723732307,"Las Vegas-Henderson-North Las Vegas, NV",0.0034470657941735,0.00673751745045753,0.00321193164190317,0.00539714256295193,0.00659821299208976,0.00493844192349659,0.00500933344025671,0.00402372685148704,0.00552585384677184,0.00733511800807497,27,15,18,27,29,15,21,16,28,20,21,17,121,25,17,14,19,31,21,20,72,13,74,25,19,36,36,52,30,22
18140,0.00640665588508798,0.00531354204547822,0.00473167023906519,0.00600032973100985,0.00649651563744677,0.00559538609045747,0.00542821871205049,0.00490280712475804,0.00589956759133957,0.00488822225132566,0.00567017561001353,0.00599546080221809,0.00656756597766658,0.00428351035111476,0.00628948472221777,0.00821137250691892,0.00391625898951147,0.00558368358029996,0.00580571679864086,0.00570389952559863,"Columbus, OH",0.00501322675078937,0.00711237290364601,0.00669050495879993,0.00608733914606584,0.00619794994990797,0.00740694125955988,0.00817466374044049,0.00637900744324061,0.00348063909832704,0.00567314636972164,28,32,43,32,30,30,31,34,27,37,29,23,13,41,27,22,49,29,30,31,25,10,15,19,28,16,12,24,64,31
26900,0.00635279371213742,0.00630986432410571,0.00496588544109118,0.00735892967470007,0.00572388861738902,0.00618145574246607,0.00493690237557584,0.00604908981435643,0.00521273568349368,0.00649334882716884,0.00607657276463859,0.00500264047940991,0.00398056300740188,0.00646945110534775,0.00609302196208781,0.00832692595975934,0.00540805731073566,0.00596014702792746,0.00607834362142273,0.00606141099613993,"Indianapolis-Carmel-Greenwood, IN",0.00124020934963472,0.00316120314004201,0.005151696846482,0.00465081417534129,0.0056854015320078,0.0054144714823704,0.00323589695526454,0.00373693350101814,0.0030369719016193,0.00646292066183309,29,25,37,24,34,24,36,26,35,24,26,35,49,23,29,21,29,24,27,29,165,72,31,36,30,27,71,60,81,27
40140,0.00616227094093316,0.00638495672183845,0.00671584225438735,0.0054149792022426,0.00472858268092442,0.00661794656106005,0.00568932968381148,0.00583655419088847,0.00548204874713137,0.00679060346580418,0.00535816733816032,0.00634504676515358,0.00475159708882664,0.00687332475954999,0.00524948987902841,0.00690436999131687,0.01057495155351428,0.00393440318942631,0.00600909824693365,0.00620284205132619,"Riverside-San Bernardino-Ontario, CA",0.00447669825255828,0.00540224124576923,0.00480238383993186,0.00607750845366194,0.00637844097921437,0.00630723132372447,0.00478170256048806,0.00432461145469818,0.00739467831124757,0.00553554968887577,30,24,20,35,42,19,28,28,33,22,33,22,32,19,34,28,12,48,28,27,36,23,36,20,22,21,39,44,17,33
40900,0.00564174054977799,0.00479628741365075,0.00465011156036634,0.00589642294137288,0.00597484528725028,0.00460794717349279,0.00591043389335123,0.00495707737947727,0.00480981971508867,0.00602473617280645,0.00448138033865301,0.00484927886204802,0.00332847060968959,0.00470851648794221,0.00584738361196519,0.00548036207790253,0.00517661656195838,0.00458774030574748,0.00511162775753545,0.00520577992166185,"Sacramento-Roseville-Folsom, CA",0.00262632101810995,0.00347803111848894,0.00460047822535803,0.00458803270662478,0.00469324639590261,0.00433762508858105,0.00334531281760228,0.00302481279235379,0.00488815438678688,0.00555758457735254,31,35,44,33,32,38,24,32,38,29,42,37,64,36,30,39,33,36,35,35,91,63,41,38,41,46,64,83,45,32
12580,0.00562251612782247,0.00472666915661462,0.00524272331994878,0.00651807358120435,0.00689668003839619,0.00441114470933594,0.00468148058720915,0.00481370335295397,0.00483436192955968,0.00531689691201261,0.005335150623666,0.00456937232861041,0.00380178346791288,0.00510756100287383,0.00517173398390995,0.00938678836334532,0.00413457081307655,0.0042418052122131,0.00506464618108426,0.00502429764372783,"Baltimore-Columbia-Towson, MD",7.3177015842184e-4,0.00277038364858555,0.00357738868976305,0.00484045124603698,0.00483478612255186,0.00445810796265527,0.0038185081650316,0.00327052168917581,0.00474090341157283,0.00524987791445509,32,37,33,29,26,40,38,36,37,32,34,38,52,32,35,17,48,44,36,36,221,90,57,31,39,43,56,78,49,36
17140,0.00559015621370632,0.00474690897866195,0.00526558893415615,0.00606100591520927,0.0053501441190101,0.0052708126286907,0.00530944519681329,0.00495066858497383,0.00553836616018784,0.00502197076852722,0.0042131485175732,0.00552877268017583,0.00510525970388385,0.00556529922730254,0.00534708217594819,0.00535031782771493,0.00500212000168262,0.00616380021457812,0.00549696715229514,0.00540108268378049,"Cincinnati, OH-KY-IN",0.00297952016524353,0.00470174013981875,0.00460761494248478,0.00602731990970968,0.00622721252652484,0.00562915909941884,0.00633243637950063,0.00368650003720915,0.00548864307512259,0.00552651751303723,33,36,32,31,36,32,32,33,32,35,47,29,27,30,32,41,34,22,32,33,83,33,40,22,26,25,18,63,31,34
38300,0.00542883052163364,0.00427425221366758,0.00464867244858505,0.00532805688027449,0.00491016323234695,0.00469329719078236,0.00491275428771355,0.004647111077562,0.00531812485383935,0.00473403554267153,0.00397815742601158,0.00519514227200744,0.00588437193207856,0.0043071471200799,0.00476972015096321,0.00504738923388889,0.00250223949753034,0.00562724172303675,0.00499347876817106,0.00482498861652681,"Pittsburgh, PA",0.00316856744754731,0.00537173398976741,0.0060716980479427,0.00525646336291483,0.00599201117742575,0.0053828302722208,0.00602068637702559,0.00624987535479354,0.00534363921820256,0.00486418349771186,34,44,45,36,38,36,37,41,34,39,49,33,20,38,40,44,97,27,38,38,78,24,20,26,29,28,21,25,34,39
47260,0.00532258970121914,0.00496526667058601,0.00474805331534272,0.00486005072001621,0.00487702908311182,0.00567283849248901,0.00578876019612875,0.00636787285840833,0.0065886243916995,0.00614423400935325,0.00780511294498843,0.00507893952647192,0.00828851787640438,0.00494500107692564,0.00514180350049793,0.01043347377621588,0.00374138208139115,0.00493101935630208,0.00548437343622389,0.00547736875245514,"Virginia Beach-Chesapeake-Norfolk, VA-NC",0.00275204260782953,0.00382425543958482,0.00326855223435023,0.00493033716261838,0.00540175317772161,0.00532282517143229,0.00434258884391925,0.00606847585030167,0.0053660322423408,0.00587152463083791,35,34,42,38,40,27,27,23,21,28,17,34,6,34,36,12,53,32,33,32,87,49,69,30,32,30,49,27,33,30
17460,0.0052924801508551,0.00442722938712352,0.00475403851764385,0.0047940957462427,0.00547191405135849,0.00423297682714046,0.0040618652306069,0.0048235554298898,0.00426700335549045,0.00488909054250078,0.00513641745782997,0.00430172950404269,0.00321426225078481,0.00497043881044504,0.00459637787079823,0.00581204060465378,0.00484482489999071,0.0043197634073184,0.00450383979446732,0.00450411232435042,NA,0.00255489610438233,0.00366710620401127,0.00329831553241661,0.00331258542992577,0.00479918320095813,0.0039773456554324,0.00321269055642794,0.00272898117901155,0.00496455485997019,0.00466274256431084,36,41,41,39,35,42,49,35,43,36,38,41,67,33,43,37,36,43,42,41,93,53,67,63,40,52,72,95,43,41
36420,0.00514426857631985,0.00563216116416663,0.00518727940489318,0.00461591745564912,0.00514731344146866,0.00605109015628659,0.00581952289236532,0.00549957536416693,0.0056662195598789,0.00514653349626015,0.00584082774552064,0.00556725445339102,0.00416057682935886,0.0048199016856562,0.00664344852995513,0.00568929057408422,0.00716204432556516,0.00592878390881666,0.00570078817997966,0.00577303305670457,"Oklahoma City, OK",0.00427774699692463,0.00493584313938286,0.00522425719217587,0.0049501070683164,0.00492369645077227,0.00464014670542409,0.0056893623145662,0.00476434526711499,0.00487646384572584,0.00598021752227114,37,31,34,42,37,26,26,29,30,34,27,28,44,35,26,38,21,25,31,30,45,29,29,29,38,40,25,34,46,29
41940,0.00496757391975711,0.00257554086447563,0.00248561383740465,0.00448747629579318,0.00871502224073813,0.00231507889093919,0.0026648404220444,0.00257104926975797,0.00355652041899382,0.00290514274570518,0.00232242866506152,0.00264374967345286,0.00320546526856204,0.00179401587472409,0.00493841996499305,0.00204108370533673,0.00273385344487341,0.00211114249194756,0.00326302781156111,0.00332438496907309,"San Jose-Sunnyvale-Santa Clara, CA",0.00143376427210822,0.00182813439398255,0.00321342131824766,0.00246142561564585,0.00285041938602751,0.00317413718507068,0.00275004954091379,0.00276952850691699,0.00135772890421396,0.00388820540647989,38,84,96,43,21,102,100,91,50,73,113,82,69,139,38,107,81,115,65,60,150,140,73,109,83,70,92,93,176,48
39580,0.00487879735321805,0.00470530226234944,0.00393966373218971,0.00632095220652079,0.00714255566085054,0.00400678358030262,0.00411037955181132,0.00477561665803089,0.00404960040128275,0.00443602972960532,0.00382174266047108,0.00361668771967438,0.00341822523403921,0.0042843796376568,0.00526843761827357,0.00537144518036741,0.00384077574065105,0.00450675609809812,0.00463736973230511,0.00470213409108807,"Raleigh-Cary, NC",0.00115737738060693,0.00583498054115785,0.00360739436533016,0.0037372386213159,0.00421372763301944,0.00436469913217918,0.00348472763698553,0.00357877883703993,0.00172863224230998,0.00489722271215617,39,38,51,30,25,45,48,38,46,41,53,48,60,40,33,40,51,39,40,40,170,18,56,52,45,45,60,66,141,38
24860,0.00481909394546134,0.00595671828012935,0.00549616137602717,0.00530663009635903,0.00450873824411759,0.00553927146731861,0.00520999570082758,0.00433960024217312,0.00442839757485991,0.00423369025376339,0.00547502703734751,0.00428662586391888,0.00363360599578007,0.00615158321058726,0.0048354442724753,0.0040097674718482,0.0061984447824308,0.006120932182595,0.00546146318768614,0.00533885266595945,"Greenville-Anderson-Greer, SC",0.00184415077775699,0.00447099640476183,0.00492792279213473,0.00461792735254171,0.00511095526061673,0.00573294718661741,0.00655986637773162,0.0046423952953599,0.00788648813656049,0.00547542752374487,40,27,29,37,44,31,34,42,41,44,32,42,57,24,39,56,25,23,34,34,126,35,33,37,36,24,14,38,14,35
41620,0.00473287420729541,0.00378797350839782,0.00326639793190366,0.00436808457441104,0.00462411307365185,0.00393365342043278,0.0042840373182213,0.00395398210574759,0.00467834910072974,0.00411422943294235,0.00530402898651579,0.00322859685014317,0.00317988433025115,0.00398289250997549,0.00445694536796369,0.00298071483370335,0.00387282620304955,0.00413483486504702,0.00414890605542474,0.00417711175760315,"Salt Lake City-Murray, UT",0.00212719573282836,0.0034713726496183,0.00354961940098901,0.00299976065715983,0.00268673416192737,0.00322786071099334,0.00250694796403161,0.00215156077649112,0.00211783614662872,0.00476207864904271,41,54,69,45,43,46,44,48,39,45,35,55,73,47,45,69,50,45,45,45,115,64,58,79,91,69,102,121,121,40
27260,0.00469273371895275,0.005727873867491,0.00462591200492498,0.00580084379603794,0.00578172256524821,0.00466918821342387,0.00465955708846477,0.00478199534044094,0.00403276622505344,0.00475922077818803,0.00561160007520108,0.00440874407724203,0.00310251130213391,0.00567722687339719,0.00475731243055518,0.00654661462738078,0.00441799035910592,0.00477304503064397,0.00499770620450312,0.00495829259547112,"Jacksonville, FL",9.2904272389469e-4,0.00404221366892267,0.00385613463048155,0.00427700413411103,0.00428768487235807,0.00497672906730092,0.00276559781401552,0.00248002576530381,0.00702282671481039,0.00499694002095087,42,28,46,34,33,37,39,37,47,38,30,39,74,29,41,30,43,34,37,37,192,43,52,44,44,34,91,104,19,37
33340,0.00458818915855149,0.0042682776373481,0.0040920363150206,0.00476491941671264,0.00488619188703508,0.00403310660402164,0.00441263329213989,0.00513019453101742,0.00562061048103363,0.00542286409016261,0.00520693123604722,0.00521262168365113,0.00328223543623463,0.00417090600238345,0.00467966708023897,0.00734584811342933,0.00375521275083001,0.00406921514155622,0.00433145206466151,0.00431341908163629,"Milwaukee-Waukesha, WI",0.0065061219307439,0.0027279946346215698,0.0066791363265851,0.00340324400953154,0.00287036704128572,0.00508499742448479,0.00320668199526325,0.00248258152957369,0.00223636401667211,0.0044590802650897,43,45,47,40,39,43,43,30,31,31,37,32,66,44,42,24,52,47,44,44,15,92,16,61,81,32,73,103,113,44
39300,0.00440077092309238,0.00442111981626175,0.0049318851152657,0.0042726216552958,0.00398797852023208,0.00483200424933558,0.00420203636648457,0.00475558447399842,0.00411517341881886,0.00428539370504128,0.006217207595205,0.00402731893455809,0.00456580981343973,0.00423274743632106,0.00442765187762817,0.0044762312381389,0.00341067205393879,0.00456095709130486,0.00451764887616875,0.0044012620368942,"Providence-Warwick, RI-MA",0.00180636794156532,0.00350028616161633,0.00313327301840832,0.00405340927506097,0.00319406554768421,0.00455871982783063,0.00369130377310728,0.00388950221323628,0.00284259707004927,0.00450190975225326,44,42,38,47,50,35,46,39,45,43,25,43,38,42,46,50,60,37,41,43,128,59,77,47,70,42,57,57,89,43
13820,0.00439679720826516,0.0043422697744977,0.00485891031115218,0.00463708171378996,0.00422268745494524,0.00453924738373563,0.00441427657971848,0.00421551993712267,0.00414767939356464,0.00467846070993001,0.00304013705639845,0.00433267318434614,0.00394610991533388,0.00448954920207079,0.00455231490856896,0.00649922794438067,0.00134086159811932,0.00433717325343262,0.00442707889023964,0.00448247985895058,"Birmingham, AL",0.00342875144757381,0.00400379957491641,0.0054371532840095,0.00409262668124286,0.00315171781814844,0.00345844905274624,0.00270437183054352,0.00496753804588124,0.00285928704527008,0.00438154429617982,45,43,39,41,47,39,42,44,44,40,77,40,51,37,44,31,204,42,43,42,73,46,27,46,73,64,93,31,87,45
46060,0.00435437144647154,0.0045438838990636,0.00579996985158703,0.00418489121139266,0.00417846508922153,0.00483915393755515,0.00504251652523285,0.00414332841846384,0.00485496821110208,0.00394989427962872,0.00432552525821548,0.00492010085871865,0.00605104630819508,0.00372878853209295,0.00500085461670437,0.00326658294504594,0.00651150447622674,0.00410220572661604,0.00480592297208574,0.0047309259709538,"Tucson, AZ",0.00782398887727071,0.003819053029479,0.00719201349502439,0.00578581203614189,0.00531819891553796,0.00503503137509559,0.00535948411774537,0.00491615428502944,0.00418133068663041,0.00450466463587559,46,40,25,50,49,34,35,46,36,46,46,36,16,57,37,61,24,46,39,39,12,50,9,23,34,33,31,32,53,42
40060,0.00430356962880235,0.00398816939266076,0.00368849223538962,0.0043616320360993,0.00442085221468311,0.00391794643050206,0.00388937214198184,0.00414762318390732,0.00467212320321345,0.00391898605216967,0.00468090975182786,0.00394667544487163,0.00518231151813608,0.00383515674118886,0.00398417191008013,0.00633444062638255,0.00238416425084138,0.00371398514077485,0.00392066965808726,0.00403287387753502,"Richmond, VA",0.00384552357614148,0.00328738415057686,0.00345650171073962,0.00383648051453578,0.00377958891173946,0.00404598092151171,0.00295705892058112,0.00402994576019405,0.00364922371048424,0.00411035202277214,47,46,54,46,45,47,53,45,40,47,40,45,26,53,47,32,108,55,46,46,52,68,64,50,55,51,87,50,59,46
38860,0.00427695878101155,0.00326644356133105,0.00407633247147471,0.0044395853495713,0.00425335081181548,0.00285901796555796,0.00286820240346019,0.00335095736560544,0.00310326365233629,0.00371953560105322,0.00443112625422763,0.00293218092326312,0.00220254513727738,0.00394331719030705,0.00312120928282355,0.00307272871519333,0.0019491941979354,0.00384767787959619,0.00334861438295296,0.00329250372221792,"Portland-South Portland, ME",0.00163019778576408,0.00194678218291388,0.00315557660311042,0.00221284264081617,0.00382061426799252,0.00440527754117612,0.00239116590549652,0.00211037547797604,0.00320535004483655,0.0036799997085357,48,60,49,44,46,74,90,59,64,52,44,70,111,50,68,68,137,49,61,64,135,129,75,122,52,44,108,127,75,51
32820,0.00410963946522224,0.00351491031179706,0.00342024490843216,0.0037503181923436,0.00332720850100536,0.00375272787360256,0.00325312845526082,0.00411490231299899,0.00322746858043287,0.00387799095118519,0.00282030138040522,0.00351612950630683,0.00222043264392215,0.00378562907167835,0.00372939807242253,0.00774871558884432,0.00239825864283381,0.00274710879212232,0.00355415483902547,0.00364495948074824,"Memphis, TN-MS-AR",0.00153129321659416,0.00317715214871035,0.00262417294948509,0.00317103020899579,0.00258177088419119,0.0027157225662639,0.00227994873841951,0.00201092974455949,0.0017021310344487,0.0036045627460364,49,56,63,57,60,48,72,47,59,48,82,50,108,55,49,23,105,84,52,51,144,71,92,69,97,85,114,134,146,57
31140,0.00397216967069255,0.00381008263717077,0.00322205204522144,0.00423687669164269,0.00384282477291363,0.00349209195345812,0.00358353308720854,0.00356837503535542,0.00367147551747973,0.00373718825210752,0.00280202683447609,0.00350506962439273,0.00328227420826596,0.00382563927801718,0.00353250191402966,0.00451527195212408,0.00213348594272739,0.0038200060650677,0.00362381917196495,0.00361457289819867,"Louisville/Jefferson County, KY-IN",0.00225926728608251,0.00280351183862944,0.0022875668177816,0.00327303334857694,0.00339251087673096,0.00357382267770228,0.00304338830275443,0.00394399314679422,0.00351908454002543,0.0036281795382284,50,53,70,48,54,56,59,54,49,51,83,51,65,54,52,49,124,51,49,52,107,88,113,67,64,60,83,56,63,55
36540,0.00381004990502471,0.00335276312328837,0.00359305100557106,0.00416300260672463,0.00324567784280573,0.00320433714296662,0.00329979556520631,0.00321854063762529,0.00346483706731165,0.00332461459051617,0.00256836977985648,0.0032060942059604,0.00221763218556793,0.00410036143227345,0.00335861375159481,0.00319508165902536,0.00309885512970859,0.00380297880620553,0.00351847541466782,0.00343851192952524,"Omaha, NE-IA",0.00161224847006152,0.001494930173114,0.00184537702694259,0.00202583251755331,0.0024533697854711,0.00341744417985197,0.00227279700113284,0.0028813006926793,0.00373916215032581,0.00364027727307777,51,59,58,52,62,65,69,64,52,59,99,57,110,46,62,63,71,54,54,57,137,172,147,136,101,65,115,91,56,53
10740,0.00376042416358793,0.00398171806088944,0.00396542083727736,0.00420913859721793,0.0042077177933166,0.00345679794367754,0.0036906775053005,0.00342913958725782,0.00337139020922757,0.0034394829486416,0.00394283621243892,0.00301500887009579,0.0025008869668026,0.00421215805573967,0.00341801677516358,0.00213473745069825,0.00539865310678896,0.0030376665744733,0.00361838415651151,0.00366357157400519,"Albuquerque, NM",0.00100605948636752,0.00329906365924718,0.00345722829156727,0.0034188320713517,0.00391869873544214,0.00383387586929032,0.00457414664522634,0.00466778531227806,0.00248352247720194,0.00378012476453699,52,47,50,49,48,57,56,56,54,57,50,66,91,43,56,99,30,69,50,50,181,67,63,60,51,55,43,36,103,49
17820,0.00359362223955366,0.00261806740309686,0.00220228276870391,0.00332976196148424,0.00330019837248022,0.00283870646747301,0.0033768164811552,0.00302083715385946,0.00280832603076033,0.00282951630166391,0.00270345678641448,0.0023594483418765,0.00239934351961809,0.00275780210496861,0.00335893837104073,0.00241314444946216,0.00418565703841823,0.0032936252011266,0.00315969336054491,0.00308625785554411,"Colorado Springs, CO",0.00164009752855175,0.00185980616970291,0.00170094049400362,0.00195818911060059,0.00298052770887562,0.00227218946321575,0.00252711206372092,0.00237051800492163,0.00213401607429904,0.00341709932915922,53,80,112,60,61,75,63,71,74,77,91,101,98,82,61,85,46,63,67,69,134,137,163,138,77,107,101,108,120,64
35380,0.00356656759079978,0.00392501569263072,0.00338232937267046,0.00395645624069172,0.00340789086421166,0.00334713444008161,0.00331349748831258,0.00386531945346479,0.00304084260386155,0.00370143713173654,0.00412751659688798,0.00313069202352768,0.00179213030270046,0.00373905214080808,0.00364005248529862,0.00436136928990023,0.00331717091859137,0.00317440183389658,0.00327091680294481,0.00344079335030252,"New Orleans-Metairie, LA",0.00440664528780215,0.00233811321707908,0.00282265783580848,0.00303204854148214,0.00272255949457903,0.0034854407840054,0.00281333704046289,0.00457745297769171,0.00262799763635416,0.00349028426928576,54,48,66,55,58,61,68,50,66,53,48,62,139,56,50,53,64,64,64,56,39,109,86,76,90,61,89,39,98,59
16700,0.00355612099540119,0.0034973244259171,0.00364438770488451,0.00417616240519055,0.00397730689473357,0.00318918093116455,0.00319852130377899,0.00239013453113273,0.00304590421544877,0.00246207840393728,0.00350691097467135,0.00250157774396744,0.00274523944851611,0.00351588150721909,0.00333636088393352,0.00325523937896272,0.00223273942921158,0.00383370816130327,0.0033339679288995,0.00342959257643671,"Charleston-North Charleston, SC",0.00230644760495231,0.00434419481028478,0.00410018939277461,0.00215439523305866,0.00305033501921681,0.00392853905923128,0.00222503928821438,0.00225870154211792,0.00320311888838564,0.00375629213469787,55,57,55,51,51,66,75,103,65,92,59,86,84,61,63,62,115,50,63,58,106,37,49,128,75,53,118,115,76,50
24340,0.00353367312439432,0.0029700214962723,0.00314526683119498,0.00332036812836614,0.00393319604757807,0.00351522827351675,0.0036720026566134,0.00302175483380646,0.00335761306846383,0.0035764647054225,0.00284951512253234,0.00312754207563364,0.00358389195399866,0.00349330308053505,0.00340939868199941,0.00314120389506198,0.00359556059536104,0.00381088804072694,0.00346367252209835,0.00350546784904224,"Grand Rapids-Wyoming-Kentwood, MI",0.00304353407431116,0.00144969959280161,0.0019106145482009,0.00362229258613039,0.00367325376238082,0.0026651504114265,0.00303030277382619,0.00349357134985493,0.00126352886634899,0.00361653212880782,56,69,73,61,53,53,57,70,56,54,81,63,58,62,57,65,54,52,57,54,82,179,139,56,57,89,84,68,186,56
14260,0.0035309738312756,0.00386562532602078,0.00513141294588898,0.00403598668371686,0.00367579707312964,0.00367459321783429,0.00352632631098616,0.00343583826073354,0.00317454217217392,0.00351635578551335,0.00237575932152758,0.00345261166940281,0.00319838248963068,0.00429514043627012,0.0034007486318019,0.00143157617049274,0.00414227919144899,0.00449711880662852,0.00372893920928191,0.0037205928075467,"Boise City, ID",0.00549936787284724,0.00562785346844268,0.00474013987947559,0.00354176742104407,0.00392679766622139,0.00525337301911921,0.00323739987033302,0.00401994210310731,0.00297943983444094,0.00365995029614975,57,51,36,54,55,51,60,55,62,55,109,52,71,39,58,161,47,40,48,49,22,19,38,57,50,31,70,53,84,52
46520,0.00344207383825311,0.00325430683360428,0.00340407218712721,0.00344251638734202,0.00394212918031034,0.00302146971888655,0.00334493652970712,0.00307263361158166,0.00336824993117842,0.00286803951537569,0.00299634952813656,0.00297426057069137,0.0033897479198499,0.00210392864440129,0.00397893719983606,0.00163229173127549,0.00238788151070084,0.00235338878080728,0.00324125045036087,0.0032329400863051,"Urban Honolulu, HI",0.00271997768286395,0.00401015171556688,0.00170398355151736,0.00292435867752977,0.00274803289690152,0.00234419069007334,0.00221190554237586,0.00254602982884068,0.00296637450703784,0.0034298190545284,58,62,64,59,52,69,66,67,55,75,78,68,62,118,48,137,107,99,66,66,89,44,162,85,87,102,120,100,86,63
25540,0.0033791934429342,0.00323795013489633,0.00328486526412437,0.00331945713078128,0.00302084095801486,0.00336902550082743,0.00373535801530048,0.00324125926026574,0.00317734958276819,0.00326021901850788,0.00350405573448902,0.00321035330568718,0.00376395122878751,0.00352460724756,0.00301568710663553,0.00475599772387915,0.00465176197151621,0.00305378329925459,0.00337147771514321,0.00331107071830468,"Hartford-West Hartford-East Hartford, CT",0.00249464935424346,0.00205153384898262,0.00121451930172295,0.0017980172365596,0.00215407238233074,0.00313643310481475,0.00226759447078282,0.00246364582606078,0.00358038838529407,0.00344492683649156,59,63,68,62,64,59,54,63,61,61,60,56,55,60,69,46,40,68,59,62,97,123,204,153,120,72,116,106,61,62
17900,0.00330693361937133,0.00339636157007389,0.00317795723192291,0.00319921116922888,0.00334491546741477,0.00401821151376725,0.00452437861744282,0.00299899131423665,0.0044062099405297,0.0029875196396086,0.00352343480803786,0.00379968939877734,0.00675079881269477,0.00331887282911814,0.0035662048848688,0.00610444982918375,0.00258775632732867,0.00348997769357632,0.00387940227617301,0.00389654073375066,"Columbia, SC",0.0021306966819436,0.0026321345895137,0.00526423440316856,0.00443792714553193,0.00353254871491466,0.00369721299418684,0.00641580969417502,0.00672975066754454,0.00323370834214648,0.00404744821334962,60,58,71,64,59,44,40,72,42,70,58,47,12,67,51,35,93,57,47,47,114,97,28,40,58,58,15,19,73,47
19380,0.00330642448781822,0.00313348670190863,0.0030491628980379,0.00302994393054028,0.00280226937386784,0.00325960549155248,0.00418409166914053,0.00313429440145227,0.00344626197282855,0.00320921732134476,0.00446303782861801,0.00336436853827114,0.00419029733659766,0.00303093575891365,0.00339468537209884,0.00438123850464358,0.00202766268875603,0.00364565729001829,0.0034585555022131,0.00335096767688522,NA,0.0031305541568111,0.00241402285734894,0.00198642869355907,0.0029552541664467,0.00380066324183795,0.00405910077281583,0.00298002472190871,0.00407850431538338,0.00247951055325217,0.00348484019803861,61,67,75,65,68,63,47,65,53,63,43,53,43,71,59,52,132,56,58,59,79,105,130,82,53,49,86,49,105,60
48620,0.00327844673272479,0.00295329925368238,0.00335514959534324,0.00234912011262385,0.00254126077123033,0.00369625237790172,0.00345153326858001,0.00386728274213751,0.00268890031481515,0.0034598107985415,0.00306238694964523,0.00290450029652787,0.0018344249290835,0.00339885949915749,0.00343140691307493,0.00295374730674463,0.00341588196825266,0.00343727956724952,0.00333494356332774,0.00329418259114757,"Wichita, KS",0.00247257976067476,0.00305465829383134,0.00265545299960287,0.00317805639215736,0.00241342734391702,0.00377937996759362,0.00328596304498718,0.00211071817523792,0.00241870849808914,0.00313646728293365,62,70,67,90,78,50,61,49,78,56,74,71,135,65,55,71,59,60,62,63,100,76,91,68,105,56,69,126,109,66
49340,0.00312989766177385,0.00293469835770417,0.00257459538690273,0.00258634677795088,0.00254164430089993,0.0033621344534108,0.0033677863756656,0.00430441218998895,0.00283928967992539,0.00439473216282128,0.00207867455741557,0.00315764146360685,0.00411796306938992,0.0030852456984899,0.0027296378116981,0.00243966049473241,0.00538883655339355,0.00294357369724513,0.00307072234846343,0.00301996936925889,"Worcester, MA",0.00128878049239019,0.00365401693977134,0.00167918020836277,0.0018634676708413,0.00341242580960037,0.0031605919433271,0.0033334628903069,0.00115629720527209,0.0092683561248632,0.00282750383890423,63,72,88,73,77,60,64,43,72,42,129,59,46,70,79,83,31,74,68,72,163,54,165,148,60,71,65,207,11,76
45780,0.00306898126288833,0.00315388001666044,0.00276737002502564,0.00258218064512659,0.00226464505250773,0.00374896239257288,0.00424224119872135,0.00377334655719207,0.00295457025273067,0.0034295061860792,0.00333603764245177,0.00309034153876327,0.00274543068573371,0.00365534400628178,0.00352400398679278,0.00468288409446208,0.0033471261133536,0.00343847714172958,0.00353572390710619,0.00349076428041676,"Toledo, OH",0.00136339876283725,0.00148646906880152,0.00255947107631179,0.00330519474957871,0.0023924432292271,0.00288535359224541,0.00311777673751065,0.00229434358585924,0.00189227694032918,0.00347657198010946,64,66,79,74,91,49,45,51,69,58,65,64,83,59,53,48,61,59,53,55,158,173,97,64,106,78,78,112,134,61
16860,0.00303036213103261,0.0031902676331958,0.00374297009657359,0.00325704983656825,0.00345238549782719,0.00296644170639496,0.00306648039706764,0.00334025789219658,0.00302007898576795,0.00292127313981622,0.00319653295436816,0.00297340856549289,0.00204656513051096,0.00288647473985231,0.00337972049465439,0.00314055958350865,0.00213602930920088,0.00345466450135324,0.00300632611377753,0.00306615984223845,"Chattanooga, TN-GA",0.00219453667934705,0.00172755322636431,0.00366605472129037,0.0018180850856682,0.00340852203901415,0.00302886500414974,0.00164976818065526,0.00175256151115608,0.00115102013697804,0.00312160111569014,65,64,53,63,57,70,80,60,67,72,68,69,123,75,60,66,123,58,69,70,111,150,55,150,62,74,155,150,195,67
35840,0.00302834124941221,0.00467318705836704,0.00877065951642683,0.00415794639066801,0.00479896811066473,0.00349379166575121,0.00389028463338878,0.00311632789382184,0.00329048810996179,0.00376413799194041,0.00523516777848132,0.00397207688895023,0.00145956365797418,0.00515106463713099,0.00322752749886348,0.00239605279899651,0.00332203183706207,0.00441660966776888,0.0035935223559521,0.00379205265965445,"North Port-Bradenton-Sarasota, FL",0.00198634787844618,0.00685912693311418,0.005218608191822,0.00259390577933494,0.0037322088183498,0.00405532818793691,0.00244686884237567,0.00291693691325227,0.00881596201928832,0.0036394391456963,66,39,12,53,41,55,52,66,57,50,36,44,167,31,66,86,63,41,51,48,120,12,30,103,56,50,103,87,12,54
28940,0.00296730361527201,0.00391963042683642,0.004077985348358,0.00351813972885112,0.00296219604800213,0.00341421202801897,0.00401028892533846,0.00373748186059312,0.00349061367216412,0.003804031745872,0.00349616457435786,0.0038191746741885,0.00286358039049066,0.00395274787783304,0.00327735799901761,0.00179390372287845,0.00271598062986095,0.00455311416066433,0.00347493107552295,0.00351938273832206,"Knoxville, TN",0.00141656217375955,0.00244396022336371,0.00415747953685908,0.00383639178589381,0.00330698895255479,0.00492412341878521,0.00306970228954829,0.00322840887529059,0.00302789445928153,0.00339848758531005,67,50,48,58,65,58,50,52,51,49,61,46,79,49,65,123,82,38,55,53,153,104,46,51,67,38,81,80,82,65
23420,0.00294267262703856,0.00286874973226357,0.00255197534291495,0.00247667843509282,0.00271123207151777,0.00313764860110954,0.00312223628946792,0.00341815471944016,0.00266336100089371,0.00312361834298521,0.00183717382488677,0.0028153537005637,0.00231157749001443,0.00253371311852711,0.00352098919793571,0.00195667550736296,0.00474323551321871,0.00224228321803603,0.00293012067473562,0.00298815212560335,"Fresno, CA",0.00224951386801478,0.00238861479824743,0.00350481521590793,0.00234408440420121,0.00236787156572344,0.00281487602490912,0.00202097010890239,0.00328341262504689,0.00280119368104101,0.0028922523910451,68,75,89,81,70,67,77,58,79,67,156,75,103,90,54,112,38,106,72,73,108,108,60,116,109,80,132,77,90,72
11260,0.00291109984183922,0.00242253400046358,0.00178150795680566,0.00240284591455347,0.00230350588705212,0.00277737514503544,0.00259220750698406,0.00223177768152228,0.00209609601313777,0.00213561311243006,0.00202040924100398,0.00203184658881125,0.00281770391098661,0.0026429402956546,0.00261573527964328,0.00152994242146879,0.00268788750119002,0.00276007472358279,0.00261756173209813,0.0026604624963602,"Anchorage, AK",0.00221873880557616,0.00233222284618684,0.00169834850550569,0.00308507808747769,0.00196901873551646,0.00193419845111499,0.00221811286461056,0.00143345443118651,7.6253386391926e-4,0.00287800375817656,69,92,142,85,88,78,105,109,112,108,135,123,81,84,82,148,86,82,85,82,109,111,164,74,133,141,119,171,238,73
19780,0.00286702703352469,0.00318288307251421,0.00292418202053268,0.00377057883032636,0.00281198140168734,0.00268251167261003,0.00243831657313108,0.00368272154189004,0.00270866243675778,0.00332280751053192,0.00232486759359743,0.00277778258227295,0.0024309784805169,0.00292180635069568,0.00284329216332394,0.0022269837599251,0.00299470689539982,0.00309159081197981,0.00292676069038548,0.00285366044307621,"Des Moines-West Des Moines, IA",0.00253142341924095,0.00296776038836777,0.00286945214206174,0.00243743629946099,0.00331221506609898,0.00268614600470342,0.00331613974285633,0.00131013018475847,0.00194166696684357,0.0029794052793009,70,65,78,56,67,85,114,53,76,60,112,77,96,73,72,97,73,67,73,74,95,81,84,112,66,87,66,190,129,71
27140,0.00281828141728052,0.00250933206553819,0.00267576115790935,0.00275968671522082,0.00226920670109692,0.00280974919317702,0.00256017096710092,0.00270849533189542,0.00249972090041811,0.00267037157740649,0.00271153985395828,0.00272862134229801,0.00320821792788834,0.00296290855852734,0.00251160928890997,0.00419321541764161,0.00164094226092964,0.0024019590635178,0.00273504785127911,0.0027134679220434,"Jackson, MS",0.00155500753827213,0.00275912779269026,0.00451485047244731,0.0023918197807496,0.00170458675539859,0.00347155878088815,0.00240543371299355,9.7292416001701e-4,0.00128274016459923,0.00249980093252187,71,89,83,68,90,77,106,83,87,81,90,78,68,72,87,54,162,96,78,79,142,91,43,113,150,62,107,224,184,88
44060,0.00277740384633588,0.00278656671731841,0.00266002304126207,0.00254204637087065,0.00203184950209045,0.00286008977592626,0.00332561508808697,0.00329476886702255,0.00376532281105166,0.00321581543838377,0.00329780481484164,0.00355950797604159,0.00320355394491892,0.002598510008528,0.00298173464475176,0.00151022897735888,0.00184043701692555,0.00341439881196657,0.00295680246937217,0.00284141160388665,"Spokane-Spokane Valley, WA",0.00476300425583702,0.00451419814700486,0.00350590863954044,0.0028259108556587,0.00286788100344048,0.0036058381838621,0.0038642755893968,0.00399263389775602,0.0031282919786575,0.00287772033885642,72,76,84,76,101,73,67,62,48,62,66,49,70,86,70,149,144,61,71,75,29,34,59,91,82,59,55,54,78,74
12940,0.00277210709946914,0.0029393126537192,0.00234430799162681,0.00238066012156802,0.00202460441090828,0.00350447466321169,0.00294016152034117,0.00258380175167851,0.00311341215764873,0.00282133369340761,0.00278317053919313,0.00325402377185752,0.00380079535714956,0.00333044370037953,0.00274859626021608,0.00526888051561965,0.0017599135518046,0.00282262554607046,0.00297813266415182,0.00308705164909203,"Baton Rouge, LA",9.0361535052791e-4,0.00348568244631137,0.0021500813754453,0.00286714311643344,0.00290922049353033,0.00272392241664118,0.00329364475444904,0.0014221907365779,0.00171748723675645,0.00286578322461961,73,71,103,87,102,54,86,89,63,78,85,54,53,66,77,42,152,79,70,68,195,61,120,88,80,84,67,177,145,75
39340,0.00274947920378295,0.00219197719514129,0.00151021144665786,0.00257489010458775,0.0023310006874789,0.00296416224605201,0.0053037810515006,0.0034220979687608,0.00327460823872734,0.0031612356598548,0.00231833881787748,0.00281957487046715,0.00603030399877011,0.002822269505861,0.00328379274031416,0.00147535526238527,0.0034281057710399,0.00380426837436609,0.0034667463856927,0.00327268917216024,"Provo-Orem-Lehi, UT",0.00405891160566865,0.00348370001587403,0.00230133068730209,0.00300990213517921,0.00335339718970142,0.00371595438108541,0.00253610326139322,0.00307542442413561,0.00192569461619086,0.00359302324134841,74,105,187,75,87,71,33,57,58,64,114,74,17,78,64,155,58,53,56,65,49,62,111,78,65,57,100,82,130,58
24660,0.00274714175890343,0.00326321766492355,0.00344723114331542,0.00258990174549801,0.00250798522371441,0.00353892262121253,0.00371774329671214,0.00306908243063636,0.00320280134776711,0.00314926623072946,0.0037920753278921,0.00313469030742671,0.00456773370181831,0.00310668680221321,0.00314683888972201,0.00508173307626524,0.00224713228997251,0.00297245458627198,0.00335172727330557,0.00331180256844021,"Greensboro-High Point, NC",0.00131793874613335,0.00177581871635265,0.0041384180504136,0.00353552583070015,0.00291647560208473,0.00420587433207164,0.00491228348729901,0.00365472594994654,0.00244733247958843,0.00310144129846952,75,61,61,72,82,52,55,68,60,65,54,61,37,69,67,43,114,72,60,61,162,144,47,58,79,47,37,64,108,68
35300,0.00260192219216939,0.00264445322615761,0.00316448519361231,0.00261566337226409,0.0025844888300841,0.00264447683530577,0.00292172096174375,0.00251035734852425,0.00241606460605601,0.00258205764585422,0.00307940695510762,0.00237322540369116,0.00228186436556599,0.00250731237931281,0.00283375336343303,0.00338314144407773,0.003455349608488,0.00232106025834842,0.00265888473409644,0.00264270733387883,"New Haven, CT",7.6736619865631e-4,0.00261737341623165,0.00242010068600107,0.00152527911696416,0.00206032566309969,0.00239624956108856,0.00243453078791929,0.00142308692239921,0.00410569968321575,0.00270052832343563,76,79,72,71,75,87,87,98,91,86,73,100,107,91,75,60,57,101,82,83,209,98,106,179,125,101,104,176,54,79
29460,0.00260072074332503,0.00367367892539226,0.00340008745137027,0.0022432957909822,0.00222613965913759,0.003331328812809,0.00328526636944784,0.00257035271661604,0.00236892295117787,0.00264056930097902,0.00263207394672244,0.00265181033823626,0.00236235352288223,0.0036577974532907,0.00262900160275689,0.00313464503585467,0.00354741590969685,0.00289777232893797,0.00292426682086745,0.00305224415875262,"Lakeland-Winter Haven, FL",0.00447533584228825,0.0027985482635474,0.0018056027994565,0.0026631096270678,0.00230640192596511,0.00251567027083137,0.0021900685543349,0.0022349682111046402,0.00174296382588062,0.00302557880665233,77,55,65,94,93,62,70,92,93,82,97,81,99,58,81,67,55,75,74,71,37,89,154,98,112,94,122,119,140,69
15980,0.0025998188752031,0.00392324236683526,0.00548426467394367,0.00300357266247583,0.00321525051423716,0.00321104030285261,0.00304831432218164,0.00282407394176158,0.00253979466722665,0.00288927180976433,0.00382723377645048,0.00303027593706715,0.00159255143102102,0.00385263675870603,0.00283116135453766,0.00237395724991513,0.00468933998353967,0.00330195000280062,0.00283164125097563,0.00315067930245852,"Cape Coral-Fort Myers, FL",0.00180631381269227,0.00301684575410401,0.00223147666218942,0.00336032056385116,0.00620960535142832,0.00289347453619581,0.00213198038188329,0.00229630711661159,0.00380524979996244,0.00301737422641102,78,49,31,66,63,64,81,77,86,74,52,65,155,51,76,87,39,62,75,67,129,77,116,62,27,77,126,111,55,70
40380,0.00259847281959358,0.0020483808346575,0.00238349939192813,0.00251560883242506,0.00257100818395278,0.00237622278709628,0.0031092769984013,0.00252811523431931,0.002984079752489,0.00258296276932251,0.00190192948426453,0.0027913310473944,0.00431604232085282,0.00224240790895288,0.002370098150191,0.00292256744567738,0.00219187255049586,0.00275360862772559,0.0026133528527395,0.00254661523901419,"Rochester, NY",0.00143361274612452,0.00244934926570967,0.00206156864864094,0.00267001038544887,0.0021513687855751,0.00280263593228089,0.00306610936628982,0.00272144782089567,0.00274633270519105,0.00256656299458855,79,118,99,77,76,100,78,96,68,85,149,76,41,106,97,72,120,83,86,88,151,103,126,97,121,81,82,96,94,86
25420,0.00258532364099585,0.00257047823555842,0.00253663901070118,0.00238403683424216,0.00262573747384503,0.00261192823523351,0.00255287250175788,0.00303679048101349,0.00243699149874309,0.00312364431705232,0.00338157876001754,0.00257931530453409,0.00283491765629401,0.00278915562368266,0.00247076858081852,0.00281974403099262,0.00134901307911716,0.00260596398287434,0.0026768441107432,0.00257195773150776,"Harrisburg-Carlisle, PA",0.00191251374396326,0.00371331959475557,0.00255329156740651,0.00328522254928932,0.00237124769585059,0.00199637317906598,0.00242494096832964,0.00148641216536969,0.0011597646729481,0.00269773643026775,80,86,93,86,74,89,108,69,89,66,63,83,80,80,89,76,202,89,81,85,124,52,100,66,108,132,105,166,192,80
10580,0.00252811713268009,0.00210095571449992,0.00235151835661944,0.00245441282458145,0.00275113390915723,0.00220413967845563,0.00218566262576,0.0021064784057256,0.00233691238605452,0.00220813700086369,0.00308271185622348,0.00219430110539427,0.00188942568361348,0.00223657912458148,0.00254323009172671,0.00185955921170095,0.00137422466908954,0.00267749304429822,0.00229328799236665,0.0022821036549421,"Albany-Schenectady-Troy, NY",0.00114944990646426,0.0014202868084547,0.00259079638872801,0.00214534615963519,0.00191062631873868,0.00196583877379063,0.00229855432916478,0.00191128259982876,0.00195464567206698,0.00249178298189217,81,111,100,83,69,112,126,117,98,103,72,110,131,108,86,120,196,87,99,101,171,183,95,129,138,136,111,137,128,89
36260,0.00251976125592634,0.00208870108193406,0.0018068467048314,0.00219678069145707,0.0017552467025739,0.00222901543644523,0.00213634265822843,0.00217883629661483,0.00207631820786866,0.00216472754279187,0.00235636005984911,0.0019167646689766,0.00186689493635441,0.00245658231013637,0.00195587708029469,0.0011723606024942,0.00206561720488207,0.0024608855685798,0.00216960164637362,0.00218025400053435,"Ogden, UT",9.8869652665045e-4,0.0024751624716673,0.00144034562044876,0.00250896879428831,0.00134559893567568,0.00191515720251211,0.00155027510096111,0.00139741745178266,0.00111000280520711,0.00233771459642281,82,112,138,95,121,110,130,112,115,106,111,135,133,93,125,195,130,93,109,108,184,101,181,106,192,144,163,182,197,96
39900,0.00249218727634162,0.00233628405727324,0.00209267104357363,0.00240325043411247,0.00227653178985466,0.00218199232466412,0.00242954127652738,0.00225707033837333,0.00262201785664151,0.00207640943394137,0.00362141929639502,0.00220891090266239,0.00191076223508255,0.00187770151696488,0.00272893458640359,0.00157804224025095,0.00265762566333877,0.0023572429451502,0.00239387654699303,0.00229728339648696,"Reno, NV",0.00369040721281756,0.00123680472914696,0.0021207249361353,0.00190343347440935,0.00169384048189902,0.00120085152914683,0.00177812659921958,0.00136781103072742,0.00220504102339274,0.00264723597417674,83,96,117,84,89,113,115,107,83,114,56,107,129,129,80,145,89,98,92,100,57,202,123,145,151,211,146,186,116,83
21340,0.00245961479117943,0.00233211832496452,0.00258604536736583,0.00212715981089485,0.0017503656150947,0.00281501696110209,0.00255599666835334,0.00330326350588975,0.00218035624652248,0.00300643788742175,0.00253380218779481,0.0023824291826829,0.00217290247807655,0.00236444323340159,0.00274005622001968,0.00164240753251324,0.0059485107938433,0.00125452597659684,0.00258216174139166,0.00258110457796403,"El Paso, TX",0.00120559215212671,0.00177376224151987,0.00182725982218557,0.00295425938806185,0.00220981877743064,0.00183216603201186,0.00181496675237545,0.00247817231367853,0.0018876732525496,0.00243680489852528,84,99,86,99,122,76,107,61,107,69,102,97,115,97,78,136,26,225,87,84,168,145,151,83,117,151,141,105,135,93
37860,0.00244698796518725,0.00292456414818853,0.0024937825164574,0.00249519700058738,0.00209221320388618,0.0029452664711351,0.00264814770485712,0.00266203590830539,0.0026628747197674,0.00245886636361522,0.00278129791763972,0.00266231119679242,0.00414973695233863,0.00282857978576994,0.00241405532766173,0.00319292862390443,0.00200404236586665,0.002868380018419,0.00274019445870845,0.00274044036416329,"Pensacola-Ferry Pass-Brent, FL",0.00104360406549993,0.00550921653667306,0.00195376427515472,0.00302824201228086,0.00235798156035282,0.00232595293618993,0.00206309455123666,0.00616679360799558,0.00460766103324993,0.00277073851125109,85,73,95,80,98,72,101,86,80,93,86,80,45,77,94,64,134,76,77,78,178,21,131,77,110,103,128,26,52,77
10420,0.00244243661499824,0.00261562134903689,0.00228570777359931,0.0022936755582868,0.0023438225397915,0.00262613684182177,0.00282982421674124,0.00278321032481615,0.00232050709364956,0.00281244700983741,0.00310327500301218,0.0023998242101344,0.00228798351025383,0.00277664018654841,0.00241675334032962,0.00257076221658973,0.00114726834949237,0.00280769648501354,0.00252977419146991,0.00255638929877936,"Akron, OH",8.2788099237433e-4,0.00247136041577917,0.00236811564288204,0.00269754637742727,0.00220620823030497,0.00272784676123383,0.00294044543005833,0.00113715298330228,0.00240069948827743,0.00269692621444856,86,81,109,92,85,88,91,80,100,79,71,95,106,81,92,82,217,80,90,87,203,102,110,95,118,83,88,211,110,81
30780,0.00242033055566308,0.00274995099441875,0.00364087277616594,0.00279022515608304,0.00265151791244885,0.00271517387441721,0.00246119505320703,0.00230357430482978,0.00233872963455981,0.00211420028400956,0.00227648552130128,0.00254091524666348,0.00246658701324508,0.00323854409186369,0.00239261817403638,0.0033979210536278,0.001737271782611,0.00276197574257043,0.00265776625745276,0.00268460329330219,"Little Rock-North Little Rock-Conway, AR",0.00351199608669176,0.00189608405825257,0.00189588028909579,0.00249827674695001,0.00260166224549256,0.00226701690318709,0.00269065863196438,0.00155549985152383,0.00225353966810314,0.00260999919773899,87,77,56,67,73,82,111,106,96,109,117,85,93,68,96,59,153,81,83,81,70,131,142,107,94,109,94,162,112,85
37340,0.00241633490504685,0.00287589633493282,0.00352319192715476,0.00237674427881659,0.00223166762205684,0.00246787868963188,0.00263633263516346,0.00217771411013423,0.00200080007516945,0.00208452664261531,0.00326868000378507,0.00219924300104057,0.00100400177822349,0.00343257635810628,0.00199563411809143,0.00204247411980533,0.00253963330065073,0.00268468885924702,0.00227827642408894,0.00244905745131181,"Palm Bay-Melbourne-Titusville, FL",0.00673638468170117,0.00299735994549384,0.00147409549077914,0.00223969608177579,0.00307190569326159,0.00327440085403963,0.00170344123102541,0.00144430750409956,0.00586352127781584,0.0023289219936433,88,74,60,88,92,94,102,113,123,111,67,108,223,64,120,106,95,86,101,91,14,78,178,119,74,67,150,170,27,97
22220,0.00241557694687581,0.00257678432866903,0.00228643131724415,0.00249958348616942,0.00268832159952427,0.00264482014453778,0.00321852012260158,0.00246826273290972,0.00209292689001424,0.00204309415339063,0.00137556715261338,0.00229212897622897,0.00213090200267678,0.00253903932678858,0.00283612181480715,0.00109031417469228,0.00270475565454775,0.00284355917939398,0.00280121358464841,0.00270140378944086,"Fayetteville-Springdale-Rogers, AR",0.00913994296909055,0.00260910303146888,0.00136667465390102,0.00245186636874451,0.00243228797460954,0.00211028860760464,0.0031608537373944,0.00257216095220922,0.00303911995560431,0.00267779063333685,89,83,108,79,71,86,73,100,114,117,211,105,117,89,74,204,84,78,76,80,6,99,189,110,103,123,76,99,80,82
43900,0.00240414527294569,0.00223075554776448,0.00155688309952663,0.00176213188926698,0.00208766495014783,0.00222479265819385,0.00196002461194405,0.00155954650332168,0.0016519161207099401,0.00171749077110562,0.0019122598774228,0.00158889949164252,0.00129043577220015,0.00275503751145118,0.0018476848389886,0.00282165179302751,0.00135658206570812,0.00209019040393228,0.0020817777776115,0.00210917271880263,"Spartanburg, SC",0.00160584236712134,0.00185300337674351,0.00216974318290049,0.00181492164640095,0.00185950226748277,0.00276703814365377,0.00135571677767332,0.00362645915521226,0.00135686604695269,0.00222800225968815,90,102,175,122,99,111,144,194,162,152,147,169,189,83,138,75,199,116,117,116,139,138,119,151,142,82,185,65,178,107
10900,0.0023948116630571,0.00230245404740796,0.00272622150686311,0.00192362600734829,0.0017301938749233,0.00256932580287626,0.00227201419626782,0.00294340798392123,0.00222854841770006,0.00300711850517451,0.00316876600671615,0.00235625379093349,0.00194980586246537,0.00237154379306351,0.00242502362874414,0.0022479125522415,0.00323213018722345,0.0021145762125229,0.00235398981490211,0.00232823115439125,"Allentown-Bethlehem-Easton, PA-NJ",0.0024428889210177,0.00201994078389489,0.00180020698084561,0.00203937842168549,0.00284730863915188,0.0019723425091639,0.00228289101295425,0.00135679744950706,0.00252792959932281,0.00229834060201012,91,100,80,109,127,90,123,73,103,68,69,102,126,95,91,96,65,113,94,96,102,124,156,135,84,135,113,188,102,99
14860,0.00228945835662681,0.00211266325554609,0.00178627024924449,0.00272266953785093,0.00268756110793944,0.00191470117253827,0.00130676950213607,0.00194521982773573,0.00161250165836592,0.00223119665221693,0.00230284072887154,0.00161618393702326,0.00139436536901308,0.00216571653805221,0.00196986968570055,0.00171990169982534,0.00289276873061468,0.00184937874581066,0.00197613261147768,0.00198306982396567,"Bridgeport-Stamford-Danbury, CT",0.00187154904558399,0.0026962808746514,0.00159425119378667,0.00119761925384129,0.00114939924512364,0.00175217618363582,0.00149566135234225,0.0013548615089945,9.208235310991e-4,0.00209053731800837,92,110,141,70,72,137,205,138,168,101,116,166,173,113,124,128,76,140,124,126,125,93,171,217,214,156,168,189,215,112
12260,0.00227766011004262,0.0025594298935085,0.00253446167605059,0.00199495695123984,0.00197970872974781,0.00268726556133736,0.00234541390515722,0.0024223379578868,0.00205978853827886,0.00232740638968306,0.00244758737159447,0.00215356731935432,0.00230183578933696,0.00281443029225921,0.00223468663298288,0.00418177725807589,0.00191151074642636,0.00216556360465632,0.00228101367597194,0.00244411626887623,"Augusta-Richmond County, GA-SC",0.00100268686684016,0.00147609918834174,0.00265760142161178,0.00194612745654964,0.00282016976147826,0.00264224666901031,0.00180225413925385,0.00202456396393138,0.00200463634609635,0.00227484005068141,93,87,94,105,107,84,118,102,116,98,105,113,105,79,106,55,140,110,100,92,182,176,89,139,85,90,144,133,126,101
15380,0.00227735430246558,0.00199968878367016,0.00244388780522204,0.00226785866045513,0.0025291355229929,0.00223061835443586,0.00205490230756543,0.00252268973930919,0.00233272827444929,0.00255254378820534,0.00226323592756524,0.00247035443047318,0.00218259113878202,0.00236957163628628,0.00216722066141936,0.00259698403926033,0.00158113135541554,0.00245985861302548,0.00229770881824097,0.00222064526518842,"Buffalo-Cheektowaga, NY",0.00220742678796524,0.00162332962465868,0.00164403674870723,0.00248727049340026,0.00153459318314845,0.00224308803621145,0.00214226764574827,0.00136414877820034,0.00104964802404012,0.00220874523595224,94,120,97,93,79,109,137,97,99,87,118,89,114,96,111,81,166,94,98,104,110,156,167,108,172,112,125,187,199,108
25060,0.00224959887385329,0.0023535961515357,0.00307606401242762,0.00199328291056467,0.00168647791885844,0.00245688429371306,0.00241313242170047,0.00284860656530201,0.00221787430109352,0.00292181573480062,0.00383091514908593,0.00224612525707777,0.00164405409164641,0.00226747363732817,0.00261230836414275,0.00225608388601551,0.00160678885386851,0.00271482460449157,0.00231326408229378,0.00234157519147298,"Gulfport-Biloxi, MS",0.00160965965910365,0.00215517926539549,0.00124183479548537,0.00364725281526172,0.00124443777530722,0.00145064345813827,0.0028062757817735,0.00151818287684672,0.00140047482460021,0.00232022919170219,95,94,74,106,130,95,117,75,105,71,51,106,150,103,83,95,165,85,95,94,138,121,198,55,203,186,90,165,167,98
11700,0.00215041613876913,0.00259299215569442,0.00380201717576273,0.00246177442749258,0.00356397206959171,0.00214835028100317,0.00212730349532671,0.00198347971484436,0.00264315465790844,0.00173936351654621,0.0018936089691684,0.00246723361210147,0.00240078876438128,0.00263892860455933,0.00195102990168354,9.8313400472448e-4,0.00137258433315334,0.00310087135507869,0.00216922229910678,0.00230282846594767,"Asheville, NC",8.8380245173001e-4,0.00425762396499282,0.00255299207961649,0.00171460884546589,0.0027782621203292,0.00323420996532901,0.00216789550158221,0.00142812550855306,0.00218222546066029,0.0022664525067358,96,82,52,82,56,116,132,132,81,149,150,90,97,85,126,225,197,66,110,99,197,41,101,162,86,68,123,173,118,103
46140,0.00214908213661905,0.00251471355807715,0.00298846019833183,0.00188860947265839,0.0018760706772187,0.00229302364534312,0.00233188883148202,0.00208669138421044,0.00216006735684036,0.00207684142680714,0.00273229057564846,0.00183772219610713,0.00140609578485152,0.0022320124241498,0.00239661999198498,0.00170076370980253,0.00161420290839787,0.0023176725482192302,0.00220589653048305,0.00220987369450088,"Tulsa, OK",7.6094382821661e-4,0.00125526621986537,0.00140089414324745,0.00155372584389766,0.00264870414948689,0.00133024985067348,0.00104694009965229,0.00117159275761226,9.2214828067658e-4,0.00229273370517868,97,88,76,113,111,105,120,121,108,113,88,146,172,109,95,131,164,102,106,107,210,201,186,174,93,196,221,205,214,100
15540,0.00214836967238471,0.00182849576570796,0.00165526690705024,0.00236799427555608,0.00186590515615386,0.00227444143650804,0.00298837721881378,0.00195941139654466,0.00283705323330322,0.00203669427985989,0.00296384272212041,0.00249416828058613,0.00345092172282872,0.00186396802919821,0.00233342634818454,0.00120514943096135,0.00149892214497442,0.00267564069930626,0.00237874797683331,0.00233517317861178,"Burlington-South Burlington, VT",0.00560348599659298,0.00168530329331746,0.00195321003906927,0.00271223754526211,0.00295656932538759,0.00244712019194616,0.00609571726978719,0.00198311022901299,0.00205575425723645,0.00246930533286253,98,131,164,89,112,106,84,137,73,119,79,87,59,130,100,190,176,88,93,95,19,154,132,94,78,97,20,135,123,90
23060,0.00213305783033601,0.00212361400945753,0.0022328564346551,0.00197495817380913,0.00190235272848071,0.00215808669408022,0.00227808837342843,0.00220353334389301,0.00194086830575465,0.00222365681164552,0.00158374799712929,0.00184217711761556,0.00128205518951958,0.00214235585247839,0.00230291114372974,0.00228361385103729,0.00237543959492214,0.00209009013770276,0.00212513761147645,0.00212736531569548,"Fort Wayne, IN",5.538898760484e-4,0.00172141503264792,0.00138049252982919,0.00175023936449874,0.00160299397469346,0.00255831344870959,0.00116756379357441,0.00238989306178817,9.8548657315313e-4,0.00223651053655801,99,108,111,107,108,115,122,111,125,102,181,145,190,115,103,93,109,117,114,113,250,151,188,159,161,93,207,107,207,105
21660,0.00210207790541715,0.00247348531522743,0.00270406456742685,0.00196774190102879,0.00283249208137325,0.00270359979398118,0.00263077083666494,0.00249752787857361,0.00272357205189643,0.00215072773919258,0.001735545646749,0.00266630704909727,0.00244766192789731,0.00226638335432435,0.00261186989654668,0.00103680684282788,0.00184892854384132,0.00298450708445642,0.00256548035289338,0.00253077002736558,"Eugene-Springfield, OR",0.00202556514303154,0.00196780348149161,0.00122115424065623,0.00285461053460923,0.00327329115113214,0.00312974679578542,0.00454331573291216,0.00154333077878749,0.00278309217411112,0.00250910778785203,100,90,82,108,66,83,103,99,75,107,165,79,94,105,84,216,143,71,89,89,119,126,202,89,68,73,45,163,92,87
29540,0.00208535195598852,0.00215175114574359,0.00259864100165883,0.00211878288423903,0.00201345853364482,0.00206751115275734,0.00219501927078272,0.00205021188971345,0.00210945846108302,0.00201497866981367,0.00269822749971076,0.00208166750220463,0.00161628864322217,0.00220846667332892,0.00216714491285373,0.00115609826450104,0.00313632132083868,0.00234620175985881,0.00214854353771528,0.00210908979100028,"Lancaster, PA",7.1177372177272e-4,0.00159919627579976,0.00173948558171547,0.0014945913102512,0.00153842327543841,0.00168841497651888,0.00157500687673522,0.00267192817561423,0.00207983902978732,0.00224349409801596,101,106,85,101,104,121,125,126,111,123,94,122,153,111,112,197,68,100,113,117,226,160,161,183,170,161,161,97,122,104
12540,0.002083021265581,0.00199129274833004,0.00176647712399882,0.00166082303296487,0.00175851553143904,0.00235742928634568,0.00201189277896297,0.00261457859039352,0.00184715317138752,0.00261920807555811,0.00204869851938991,0.00219715372457298,0.0019600978916149,0.00228826725682633,0.00241500202571209,0.00202142029545908,0.00425029077525537,0.00178387277668744,0.00210811318349808,0.00215169313784682,"Bakersfield-Delano, CA",0.00337217221181418,0.00349951730077194,0.00201464815563272,0.00215532343231545,0.00274117304319923,0.00152858664656263,0.00177856512677269,0.00186060959312937,8.0531626498872e-4,0.00210007080090516,102,121,145,125,120,101,138,87,135,83,131,109,125,101,93,108,45,147,116,111,75,60,128,127,88,177,145,142,233,110
33860,0.00207196484996326,0.00234059448565606,0.00166198052229272,0.00164498075622233,0.00144401572519194,0.0024137996609589,0.00278388524860929,0.00274554672943035,0.00203170335558115,0.00275985779315759,0.00280135892143413,0.00212900404170767,0.0027998642281456,0.00189316601093789,0.00245270996354191,0.00470286023281974,0.00100566744590795,0.00157479694388628,0.00230496548216125,0.00227767713355363,"Montgomery, AL",0.00142950343570166,0.00228288519917267,0.00386144356771928,0.00369542463492002,0.00228279920713774,0.00184781691581466,0.00302494637106629,0.00293046985718225,0.00189510516264728,0.00205565159904447,103,95,162,128,144,97,94,81,119,80,84,116,82,127,90,47,236,169,97,102,152,114,51,53,113,149,85,86,133,114
19660,0.00206144021632876,0.00384227932749222,0.00514743732447813,0.00250933785892866,0.00252023969091412,0.00308552207247662,0.00260282313296402,0.00287945644983632,0.00233779005791853,0.00285506941816476,0.00362527799740613,0.00301472855578208,0.00130781261453042,0.00396033027733697,0.00228759953924969,0.00272216693014411,0.00218355466183219,0.00310806571898154,0.00273157951785423,0.00282264146420383,"Deltona-Daytona Beach-Ormond Beach, FL",0.00205601936729335,0.00141746255784665,0.0029462685238499,0.00303545035619976,0.00378507043076175,0.002707192704883,0.00196282508378319,0.00188867219757804,0.00256025383012506,0.00246439605601973,104,52,35,78,80,68,104,74,97,76,55,67,186,48,105,79,121,65,79,76,117,184,81,75,54,86,136,141,100,91
29620,0.00204074086569581,0.00233296362555029,0.00254858750658809,0.0021950778882375,0.00201400716142476,0.0027550003404434,0.0039681782993267,0.00245663086364355,0.00294714838091206,0.00247732641456,0.00192087205725187,0.00320016367392309,0.00419800167345465,0.00234488317970779,0.00254711149827598,0.00201908969094905,0.00311041589850695,0.00300904211197525,0.00267740179283398,0.00274103212747315,"Lansing-East Lansing, MI",0.00495275276967865,0.00298142347663817,0.00337224261486477,0.0046992301437489,0.00394348194055967,0.00207226955945595,0.00528295543223342,0.00214750861049726,0.00172015553454229,0.00274485961103798,105,97,90,96,103,79,51,101,70,90,143,58,42,99,85,110,70,70,80,77,26,79,65,35,49,125,33,123,144,78
31180,0.0020402171474723,0.0020552637949965,0.00257495484323032,0.00166535315683449,0.0014359448484987,0.00271946176140372,0.00320262948099737,0.00281188292182705,0.0029033259069291,0.00247041167576559,0.00237106389010727,0.00315761406122467,0.00271366888631141,0.00149852457557801,0.00292147230718648,0.00288750211422249,0.00445375465751982,0.00231703341715004,0.00258078461185584,0.0024693798794821,"Lubbock, TX",0.00355361507971439,0.00141030873849086,9.262077143777e-4,0.00235719337745664,0.00206184623621996,0.00267957661302691,0.00319682458000635,0.0031394157705264,0.00476430418995883,0.00238236700217503,106,116,87,124,145,81,74,78,71,91,110,60,86,178,71,74,42,103,88,90,69,185,232,115,124,88,74,81,48,94
32580,0.00202709098285431,0.00236765583565828,0.00189725228331869,0.00149906522217977,0.00142348175568538,0.00253366112428491,0.00200092456516175,0.00272571509439554,0.0016011859737525,0.00261654065014374,0.00194009850044839,0.00200061619345275,0.00144937480918301,0.0024340055171495098,0.00222250582135231,7.5130616823264e-4,0.00427832742814609,0.00100961283742616,0.00221998628141574,0.00221785403957499,"McAllen-Edinburg-Mission, TX",0.00366512215039919,0.00265810670238005,0.00161564126193987,0.0022249162890321,0.00149317310509945,0.00188559011589296,0.00123885757639825,0.00204611930900574,0.00142166332363776,0.00187538185456159,107,93,127,143,146,92,141,82,170,84,141,124,170,94,109,253,44,259,104,105,67,95,168,121,179,146,198,130,166,126
17300,0.0020250701411601,0.00213364826212909,0.00151829994967213,0.00177715616716878,0.00136565295008917,0.00217561506157454,0.00244793943625601,0.00269954777066916,0.0019741742779096,0.00233164864164284,0.00183326554078571,0.00193836872099444,0.00179412525082836,0.00216644357013518,0.00212316176060115,0.00296873215235188,0.00186746708356377,0.00214157577285383,0.00217092655074323,0.00211918180967142,"Clarksville, TN-KY",0.01036118606755846,0.00105969306463568,0.00134765892447739,0.00215923796079583,0.00225273328424639,0.00239932966728784,0.00194413331761948,0.00204053374583501,0.0020040279748926,0.00223485720612512,108,107,183,117,158,114,113,84,124,97,159,132,137,112,115,70,141,111,108,114,2,222,192,126,115,100,137,132,127,106
28020,0.00200642266541923,0.0019049884827745,0.00201947955293487,0.00177325782184333,0.00159321146500392,0.00224867025069319,0.00280026751973761,0.00209737061186734,0.00238622531235141,0.00205206586672514,0.00198660440327153,0.00239503724432643,0.00221765720213802,0.00227821206195798,0.00214826363507522,0.00186561462214821,0.00212034747584231,0.00252561023158736,0.00224289822471192,0.00221461372274147,"Kalamazoo-Portage, MI",0.00213797391575877,0.00157824949844506,0.00238254810060626,0.00216575447082374,0.00340918625789011,0.00194799064122883,0.00230180058644807,0.00293889627099057,0.00119999097114219,0.00215291377721102,109,125,123,119,136,107,93,118,92,116,137,96,109,102,114,118,125,90,102,106,113,163,109,125,61,139,110,85,190,109
44700,0.00200114494680679,0.00222182269480783,0.0017800302355396,0.00156432665027401,0.00153411963007036,0.00230256724342864,0.00173997597144492,0.0022450481273668,0.00169067520329565,0.00218974917326214,0.00191924420935609,0.00172436118185652,0.00144953754888694,0.00177300953518281,0.00235607846007735,0.00226323128245413,0.00209620754070789,0.00134941931242957,0.00201291111119638,0.00203385696424225,"Stockton-Lodi, CA",0.00151084084590045,9.7496841540892e-4,0.00160538782863235,0.00154834517037827,0.00190864429061837,0.00119734291100507,9.2408979365308e-4,0.00141629292088808,9.2966752063885e-4,0.0020411014599746,110,103,143,138,138,104,160,108,155,104,145,155,169,145,98,94,127,204,122,119,146,230,169,177,139,212,237,178,212,115
33700,0.00198788360036038,0.00152032114955576,0.0016840756124747499,0.00151366208268587,0.0013139800697166,0.00176394009243836,0.00150687258847202,0.00165956327761609,0.00153777114417524,0.00184207917057374,0.00114244790250957,0.00134432730598147,9.4153740561505e-4,0.00183739056873201,0.00167760934716977,0.00111344721176327,0.00243442645910018,0.00142672019562931,0.001631723255941,0.00165058498982878,"Modesto, CA",0.00108747466582621,0.00102891547022989,0.00120108678657048,0.00130460520685249,8.9543791990534e-4,0.00108182778284119,0.00120159894747959,0.0010112395953214,0.00150688975730082,0.00171878077015744,111,173,158,141,166,155,184,175,174,133,234,203,233,133,158,202,103,188,169,165,175,227,205,200,247,225,201,220,161,145
49620,0.00198353909362532,0.0020826843066591,0.002048233037548,0.00141601290303694,0.00125586909715297,0.00230266179679196,0.00200267514952419,0.00280094913069152,0.00172775725194339,0.00250461964620633,0.00172733670073604,0.00190408489724216,0.00130782666320719,0.00233831997187536,0.0019004155071747,0.00232257152448755,0.00195173259342198,0.00199120865468396,0.00202213264891245,0.00198357624843586,"York-Hanover, PA",5.538898760484e-4,0.00516801978917731,0.0018451554402254,0.00156852863391081,0.00111602861104484,0.0020531463495835,9.1518206429581e-4,7.8273767022083e-4,0.0016168348493561,0.00195979801484421,112,113,121,150,175,103,139,79,150,89,166,138,185,100,130,92,136,125,121,125,250,26,148,173,223,126,239,246,152,121
18580,0.00197472305448652,0.00245652104320251,0.00230986690805544,0.00146481220587198,0.00150084452015965,0.00255305279132074,0.00216056333111126,0.00254284832399033,0.00209494901610088,0.0024496748835072,0.00246358377069967,0.00240607935155757,0.00218297991038145,0.00226734022227567,0.00217775682019252,0.00124275630087809,0.00492447508975918,0.00160933598377764,0.00221722556177309,0.00223964082701451,"Corpus Christi, TX",9.1394525157292e-4,0.00249833721876637,0.00262128443928877,0.00220527564610739,0.00173303793199178,0.0014782489774756,0.00220898284649642,0.00190207115865544,8.489296434903e-4,0.00202072105408346,113,91,105,146,141,91,128,94,113,94,104,94,113,104,110,186,35,165,105,103,194,100,93,123,146,181,121,139,224,116
46700,0.00196748431410053,0.00163577893933065,0.0016744695525314,0.00118493975128503,0.00122430166464675,0.00185938504633776,0.00190974457636146,0.00167156531331322,0.00145400869794624,0.00179135380662069,0.00150867184335062,0.00146882026787388,0.00153683558504788,0.00152442051341918,0.00184182808837822,0.00289771307875213,0.00222257539764836,0.00131710706629909,0.00170252570662103,0.0017034015118108,"Vallejo, CA",9.7653402656582e-4,0.0019487129711585,0.0011466636538988,0.00126676969945517,0.00118477207449359,0.00103301731255877,0.00130958701972487,0.00172016971357131,0.00200529298784179,0.0017465343226294,114,152,159,194,179,144,149,173,180,142,196,183,162,173,139,73,116,215,158,155,187,127,211,203,211,234,190,152,125,138
22660,0.00196678947291934,0.00157762852180389,0.00188404715148304,0.00274755625223781,0.00178152684479231,0.00163072268536097,0.00250470999350901,0.00150231792393404,0.00221928086575195,0.00144663893892785,0.00153900880275125,0.00214557085569818,0.00233471088131121,0.00170642982157724,0.00222890562493279,7.0143804328225e-4,0.00208109958790978,0.00235859074572506,0.0020435676687782,0.00201404448077247,"Fort Collins-Loveland, CO",9.6995580847499e-4,0.00353978554860873,0.00118468291885234,0.00209229700860467,0.00218355767316837,0.00199538154847596,0.0035279949759616,0.00329952033235757,0.00480666375689088,0.00209727783131514,115,160,130,69,117,176,110,201,104,195,190,115,101,153,108,257,128,97,119,120,189,57,206,132,119,133,59,72,47,111
29740,0.00196037507578093,0.00157102353265801,0.00127107031454856,0.00141998368487589,0.00150786947160956,0.00198384129240149,0.00215210750998785,0.00166173883893867,0.00201168977093168,0.00167187549258327,0.00158470696236531,0.00190854925951041,0.00205046678405282,0.00164532475441514,0.00188812720659206,0.00173403948780369,0.0033378132488109,0.00144180961907417,0.00182599985563896,0.0018557034738911,"Las Cruces, NM",9.4740602978159e-4,0.00210780554479971,0.00191100463467992,0.0017996313076044,0.00157737408738091,0.00185591436506961,0.00138005101572173,0.00331310431960972,0.00247975307660138,0.00183284657650574,116,162,218,149,140,133,129,174,122,159,180,137,122,163,132,127,62,187,135,132,190,122,137,152,166,148,183,71,104,128
36500,0.00195801609066639,0.001974569562157,0.00188122714441506,0.00209463598717623,0.00198797678888917,0.00174631846840367,0.00180900908977859,0.00204190339013634,0.00214882755090311,0.00194237645982058,0.00155290314997023,0.00210430093931362,0.00112585935847373,0.00214313376558656,0.00173783694396336,0.00147054268194977,0.00151476707372859,0.00202987510149742,0.00185766065176138,0.00185066891993694,"Olympia-Lacey-Tumwater, WA",0.00135136224375975,0.0016330360877709,9.934184818763e-4,0.00196822361819632,0.0014989706586369,0.00163505370756005,0.00129807722974889,0.00212214010219077,0.00310117809708172,0.00190411589354222,117,122,131,103,105,156,154,127,109,127,188,118,207,114,151,156,172,122,132,133,159,155,223,137,177,168,192,124,79,124
41540,0.00194379338835802,0.00257468521817928,0.00270681353094083,0.00202986250714346,0.00185595283773121,0.00241049949564688,0.00280702540207422,0.00259713215235213,0.0019129578761771,0.0024261794419319,0.00296250008244058,0.00209894354976347,0.0016586475940393,0.00289056334692524,0.00230502900103637,0.00243759554127426,0.00178231730560974,0.00244277562407388,0.00242240368208043,0.00238574047053876,"Salisbury, MD",0.00153610052426432,0.00313723900673804,0.0050469359131454,0.00191156401684386,0.00249298422776773,0.00294417272421364,0.00229115181012878,0.00396054926577836,0.00369599447211595,0.00236770237030846,118,85,81,104,113,98,92,88,128,95,80,119,149,74,102,84,151,95,91,93,143,74,32,141,100,75,112,55,58,95
42220,0.00194137087022612,0.00172993141973677,0.00177074849038431,0.00180506253564057,0.0017803538630046,0.00165998122831478,0.00178306775974855,0.00170835476525696,0.00174382577687273,0.00167977911546368,0.00204529154898844,0.00159212183419064,0.00147099430221916,0.00148446939321526,0.00190157812213811,0.00146936946468555,0.00164133931826046,0.00175785252553491,0.00168083424131394,0.00169540794195967,"Santa Rosa-Petaluma, CA",0.0013720827211733,0.00179728911764542,0.00102981184317569,0.00145520296917166,0.00153449847363155,0.00138272504169755,0.00126143466002972,0.00189136619155117,8.483003716217e-4,0.00189389222042189,119,143,144,115,118,172,156,164,147,157,132,168,166,184,129,157,161,150,161,156,156,142,219,188,173,191,194,140,225,125
44180,0.00193374578649241,0.00271361621830099,0.00208713537063702,0.00212497323772177,0.00212215561812686,0.00252370084491375,0.00327056333932534,0.00269739678572091,0.00270648910363649,0.00207928334630506,0.00337598020254784,0.00237797222156708,0.00244378710090675,0.0021170342684197,0.00283661622593664,0.00141231444179689,0.00150737351153218,0.00295880972817069,0.00265187322837265,0.00255922086641811,"Springfield, MO",0.00881190891271045,0.00192112256733025,0.00282439468432012,0.0031341159407362,0.00164404501559844,0.00163882046424818,0.00173437297740617,0.00181644407716251,0.00223489960664856,0.00262522695188193,120,78,118,100,96,93,71,85,77,112,64,98,95,117,73,162,173,73,84,86,8,130,85,71,157,167,149,147,114,84
25860,0.00191893621168314,0.00205556008645421,0.00234443533524339,0.00157573962634861,0.00147266747039252,0.00200325540098861,0.00194665620403434,0.00187203956990902,0.00167842739210907,0.0020957441133035,0.00315139248166649,0.0016340928761183,0.00141928842160045,0.00285615167863497,0.00158347338000238,0.00123057682755337,0.00182256231862124,0.00220455780233239,0.00193760997988937,0.0019138497458825,"Hickory-Lenoir-Morganton, NC",9.8444581471592e-4,0.00400969471568571,0.00314107874009106,0.00207077928881236,0.00139676386858904,0.00135893751449037,0.00145188007996551,0.00290114595642039,0.00121454259195905,0.00192542827397402,121,115,102,137,142,129,145,144,156,110,70,162,171,76,171,187,146,109,127,127,186,45,76,133,184,193,175,89,189,123
39740,0.00190573609918971,0.00174857908745986,0.00164967086023732,0.0011817605936744,0.00128333597651891,0.00204849437884804,0.00163000280865878,0.00213326215687542,0.00147961188779059,0.00234668361589791,0.0021962658479704,0.00175274203719632,0.00152754423827072,0.00190573564521027,0.00173805558144767,0.00183004971641207,0.00265384894542772,0.00155454477461114,0.00174602883194777,0.00175703643075138,"Reading, PA",0.00246547260793853,0.00115680616695632,0.00326984073309508,0.00143460270837383,0.00109676420603997,0.00148541853757961,0.00140756392932573,0.00182065670450001,0.00122774602934059,0.00171089573367817,122,140,165,195,168,125,171,114,178,96,124,152,163,125,150,122,90,170,150,149,101,211,68,189,226,180,180,146,188,149
33660,0.00189638353438847,0.00212102482907297,0.00230908782128176,0.00178564809313816,0.00160181253295317,0.00206091642050326,0.00217395996871272,0.00238694158567468,0.00178445520161531,0.00229365454115159,0.00220909335130566,0.00180314176886185,0.00127158636889764,0.00207290241886079,0.00215107571348886,0.00232751529433614,0.0015012506240387,0.00200930778076452,0.0019614122113847,0.00200725173094118,"Mobile, AL",0.00279379774281094,0.00186616621400524,0.00240940084850362,0.00158379074892982,0.00165711324018215,0.00196190132157052,0.00177032327943105,0.00737770953948558,8.746327391923e-4,0.00197630461064159,123,109,106,116,134,123,127,104,140,99,122,150,193,120,113,91,175,123,125,121,86,134,107,170,154,137,147,13,221,119
30700,0.00189559829254794,0.00221694817947783,0.00161860482291812,0.00176603644655934,0.00187991737018318,0.002387445458864,0.00304773193822719,0.00206612233528251,0.00263565887619174,0.00187179810666734,0.00269896437531602,0.00245891705439613,0.00302035602661861,0.00178277555519314,0.00249166017230448,0.00233619872595208,0.00224835305261132,0.00251830651537326,0.00231284488375364,0.00232535375166133,"Lincoln, NE",0.00558472243359608,0.00433694530064599,0.00629084919757234,0.00244938159875029,0.00265400297646102,0.00192301579082165,0.0030816457112932,0.00373427415009972,0.00469510161045077,0.00244905090466826,124,104,169,120,110,99,82,125,82,131,93,91,76,141,88,90,113,92,96,97,20,38,19,111,92,143,80,61,50,92
29180,0.0018940583418082,0.00207930990059262,0.00224146787530046,0.00160963801661767,0.00159388874513226,0.00244355402724919,0.00196584815197617,0.0025715174755669,0.00202470946332931,0.00253978243744111,0.00192262043227207,0.00242263209526592,0.00168027772557284,0.00250485582488378,0.00200783968534122,0.00235044808663759,0.00104124887977989,0.00252156556964785,0.00217762814707922,0.00217640225861955,"Lafayette, LA",0.00622933400968308,0.00159708660579347,0.00178853662800596,0.00223563403495404,0.00205732198791307,0.00218869719342371,0.00340018761964584,0.00215106462767916,0.0025653535391602,0.00187416650782769,125,114,110,133,135,96,142,90,121,88,142,93,147,92,119,89,229,91,107,109,17,161,157,120,126,116,63,122,99,127
45820,0.00186526742164164,0.00182499250664486,0.00234915119385986,0.00162062337966221,0.00137020181873755,0.00198575194875012,0.00157282570270723,0.00177020312373437,0.00167649875537964,0.00166184597145888,0.00126726813803009,0.0017758318657992,0.00192568893079017,0.00204351771741737,0.00161674121761938,0.00126593871676443,0.002027645745115,0.00192854224636278,0.00178923725047913,0.00178800684771965,"Topeka, KS",5.538898760484e-4,0.00398589092158979,0.00182476332481262,0.00134260983015256,0.00148840821707784,0.00211832829417284,0.00226069320986501,0.00123790730854751,0.00685752370531986,0.00162180650053815,126,132,101,131,157,132,175,154,157,160,220,151,128,122,167,183,133,132,142,142,250,47,152,197,180,122,117,196,22,157
22180,0.00185789276322983,0.00145748611655993,0.00142568854777609,0.00177604551896096,0.00133474619956418,0.00178218902207298,0.00207952271015837,0.00171612489115834,0.00189436643974233,0.00168326834630695,0.0017113453047924,0.00143142991470258,0.0023158128591081,0.00148877036085416,0.00192773659104367,0.00280531206071578,0.00185650806019181,0.00148450308029935,0.00181987162506346,0.00179497482205035,"Fayetteville, NC",6.964942138716e-4,0.00129706975051771,0.00118285265438706,0.0022654681805043,0.00110876584114287,0.00157603388960129,0.00158126741317656,0.00119410163943517,0.00177942788097776,0.00197272572447304,127,180,192,118,162,152,134,163,130,154,169,190,102,180,128,77,142,183,138,141,229,195,207,118,224,173,160,202,138,120
34820,0.00185440976175426,0.00311558619294478,0.00361383817624524,0.00217461726484316,0.00242736864251125,0.00223948344920048,0.00254458961541486,0.00196158597674901,0.00204905443040752,0.00195053184760603,0.00222978428231311,0.00219063692341543,0.00148891096849356,0.00348389336025157,0.00166926586273438,0.00121855287755204,0.00113798248897058,0.00284664559737514,0.00215137026249516,0.00230779067920914,"Myrtle Beach-Conway-North Myrtle Beach, SC",0.00467987255382174,0.00297348767652987,0.00336725896997364,0.00296504479379762,0.00524465745702801,0.00294081372298053,0.00203933993080025,0.00408791435092805,0.00369791399468401,0.00227104358227272,128,68,57,97,84,108,109,136,117,125,120,111,164,63,161,188,220,77,111,98,31,80,66,81,35,76,129,48,57,102
12620,0.00183795380429056,0.00182086375567111,0.00172440621034125,0.00131053972275709,0.0017816382552938,0.00209979303323674,0.00271656204688421,0.00196215503978373,0.00204707165506836,0.00156328630730951,0.00117803698446598,0.00209262919964389,0.00309651736129727,0.0020744864179086,0.00170702752529994,0.00173589593329966,0.00130979723937886,0.00224932991226035,0.00206961112739341,0.00200180828224428,"Bangor, ME",0.00178742630488351,0.0048728592942217,7.8443633829318e-4,0.00287953102311272,0.00152347724295268,0.0023009724876825,0.00553073800418598,0.00295222176051517,0.00611797270259922,0.0018187691855094,129,133,152,164,116,119,98,134,118,177,231,120,75,119,153,126,205,105,118,122,130,30,251,87,174,105,29,84,24,129
49660,0.0018363245026715,0.0019024930146767,0.00217392326372372,0.00164905335084071,0.00137771593464292,0.00199509744527702,0.00176116983966541,0.0025373776819041,0.00178263797613323,0.00218812249676818,0.00151931029582393,0.00208759193886788,0.00207191592897132,0.00206771809682633,0.00164417908898926,0.00204263356876978,0.00146287730755088,0.00187631347708757,0.00192198932123623,0.00185713558714832,"Youngstown-Warren, OH",0.00234784866792055,0.00147447103530891,0.00148365201146271,0.0012954097793078,0.00196804026944113,0.00203224674023648,0.00164908243923557,0.00289188701494198,0.00191549821137769,0.00172011439416125,130,126,113,127,156,131,158,95,142,105,194,121,120,121,164,105,181,136,128,131,104,177,175,202,134,129,156,90,132,144
47300,0.00180494905725475,0.00179399540443037,0.00158217875101934,0.00120951808586067,0.0012814049826419,0.00188878056937258,0.00148360519420116,0.00180239483698536,0.00146529663959363,0.00174012455499664,0.00224324657185011,0.00156690109779657,0.00106634612346994,0.00175119773989228,0.00182395753453016,0.00106931760079323,0.00291096069944687,0.0013496226372269,0.001712375448342,0.00168675403764883,"Visalia, CA",0.00210150398297729,0.00100700777871243,0.0020764837499478,0.00123480130083303,0.0012755321428082,0.00123108511576084,0.00157279828924556,0.00324093691873139,0.00107101925476117,0.00159345280493119,131,135,174,184,169,142,187,152,179,148,119,170,213,148,140,207,74,203,155,157,116,229,125,210,198,208,162,79,198,165
15940,0.00180217239928531,0.00176131709822345,0.00188511176349859,0.00116993579462183,0.00108286187137337,0.00211476875474819,0.00171257626258182,0.00202298902518249,0.00161098050612768,0.00202867267338503,0.00199244995250125,0.00189097375760024,0.001542375966609,0.00213274221852605,0.00162371640261586,0.0014010283674452599,0.00153998224976926,0.00190660792200193,0.00183696118736727,0.00180347280041281,"Canton-Massillon, OH",0.00428342079389237,0.0014448532453268,0.00140630948081555,0.0017499568195974,0.00221104780054099,0.00155392151953915,0.00237548607979695,0.00175993214433248,8.3184195547124e-4,0.00168634075768827,132,136,129,198,211,118,163,130,169,120,136,141,161,116,166,163,171,135,134,139,44,180,185,160,116,176,109,149,229,151
36100,0.00178228639114053,0.00233263742690594,0.00296476404307768,0.00163181743568082,0.0016173964605411201,0.00213565908044826,0.00191501490388364,0.00284744782665899,0.00183387433891337,0.00192112318963134,0.00178248527196285,0.00216581056163806,0.0012802400055578,0.00254549755675492,0.00172918013862658,0.00190338579498504,0.00191442069657693,0.00211267644662101,0.00198050887543976,0.00199515761948475,"Ocala, FL",6.8259182874559e-4,0.00281207696166597,0.00200888272681034,0.0018721473691865,0.00225488282860372,0.00171374456464827,0.00210802341653558,0.00169824588904494,0.00762339132335653,0.00171851421747195,133,98,77,130,133,117,147,76,136,128,161,112,191,88,152,115,139,114,123,123,232,87,129,146,114,160,127,155,16,146
43340,0.00173896528014242,0.00195905324851775,0.0017113420867161,0.00143543933097979,0.00180332600803386,0.00206609297551985,0.00155795686061334,0.0017531556710419,0.0017726806739385,0.00176729875560981,0.00153683718950217,0.00181946609596202,0.00132043579401617,0.00185114503426504,0.00199361941473598,0.00360134034178399,0.00172518463105801,0.00170029981748622,0.00188737822269435,0.00187786797567437,"Shreveport-Bossier City, LA",5.538898760484e-4,0.00137729639984014,0.00141321020108935,0.00150816524335345,0.00113024572902563,0.00141559283210392,0.0015498184560196499,0.00140123143944783,0.00174421222232198,0.00176429243158591,134,123,156,148,115,122,179,158,144,144,191,147,183,132,121,58,155,156,131,130,250,190,184,182,219,188,164,180,139,134
26620,0.00172296811369676,0.00186774399632321,0.00160771447541159,0.00189448319124537,0.00171626012314176,0.00172499977374974,0.00187832342159067,0.00186014741173303,0.00175432463640809,0.00185204018797896,0.00172636466801621,0.00185310531705707,0.00212168183073069,0.00178282643321525,0.00169825615902602,0.0020808505791304,0.0010915487272237,0.00182822258760344,0.00179702080390365,0.00178745973149162,"Huntsville, AL",0.0013387644603294,0.00181399798032162,0.00204829033857229,0.00192758557333414,0.00204491064877428,0.00204198447365009,0.00190876092754736,0.00107644849418449,0.00247495279150172,0.00172808477238231,135,128,170,111,128,161,150,148,146,132,167,144,118,140,155,103,222,142,141,143,160,141,127,140,127,127,139,215,106,142
11460,0.00171946433965014,0.00165132377274204,0.00158647579313594,0.00230488069380533,0.00251928106334312,0.001913857437762,0.00295924100124666,0.00150950939051584,0.00260867565265604,0.00159149920687268,0.00183511717523026,0.00288019860050935,0.00490551024497357,0.00137788705789498,0.00235422515032738,0.00186131095358097,0.00165247984469869,0.0022286687039176,0.00222553093350256,0.00217301013306857,"Ann Arbor, MI",7.4648407145509e-4,0.00355790001318832,0.00255571847186316,0.00441619318150592,0.0031922836038282,0.00575547967034185,0.00858548281407408,0.00183972982867954,0.00322202873728978,0.00200829222209464,136,150,172,91,81,138,85,200,85,172,158,72,30,204,99,119,160,108,103,110,214,56,99,41,71,23,11,143,74,117
42540,0.00171403161170986,0.00175543639961225,0.00163340811248105,0.0012949658386115,0.00131713807214924,0.00184403224497614,0.00183614477945963,0.00209591182661892,0.00167230112937524,0.00201588225162386,0.00270316559844653,0.00190249722828275,0.00194833868252205,0.0015162662324274,0.00181845775079938,0.00146657180769018,0.00232711530088067,0.00166869792380847,0.00173923812111648,0.00171397461160989,"Scranton--Wilkes-Barre, PA",0.00332213048822759,0.00148169489022272,0.00222252576257993,0.00263528193130335,0.00173265206172608,0.00140236463133438,0.00240730627905826,0.00211309078892149,0.0011584685633256,0.00157045889445833,137,138,167,167,165,145,152,119,159,121,92,139,127,176,141,158,112,159,151,153,76,174,117,102,147,189,106,125,193,169
33260,0.00170742006022389,0.0011313683684729,0.00108012820592157,0.00121376488102826,0.00122356016231295,0.00167646250572007,0.00117852764777052,0.00156206748568558,0.00133650546843212,0.00143691626570601,0.00123234708689101,0.00120924584047756,8.3547424977965e-4,0.00148729572388111,0.0014600534333484,0.00149745573929806,0.00244103290834659,0.00123525882997196,0.00143062864410273,0.00143418200734458,"Midland, TX",5.538898760484e-4,0.00142955593449812,7.7911416352501e-4,0.00124409066151929,9.537379799346e-4,0.00112699969835702,0.00104910639314549,0.00169146019624227,5.0051166207201e-4,0.00157665733999109,138,248,249,183,180,171,225,193,195,198,223,227,241,181,187,153,102,231,193,190,250,182,252,205,241,221,220,157,272,168
41500,0.00170447688471715,0.00169971020802634,0.00163073670260707,0.00151622414176221,0.0017465668907242,0.00181891928325798,0.00172686206772914,0.00157499384035786,0.00152450568869541,0.00164547205003545,0.00191962328400603,0.00154368972353755,0.00179217850754752,0.00139448117920564,0.00194543764579042,0.00102113094186106,0.00245151318095639,0.00134850064974905,0.00175323239838226,0.00174893530665886,"Salinas, CA",0.00479464894561244,0.00113420436079549,0.00134276767644155,0.00105701379407498,0.0012657218915472,0.00139963839044431,0.00165950540139251,0.00103970157972485,0.00136263743633457,0.00175227761628536,139,145,168,140,124,147,161,189,175,161,144,173,138,200,127,218,100,205,148,150,28,213,193,240,200,190,153,217,172,136
37100,0.00170182286747405,0.00168061791542084,0.00190393594955015,0.00188926445686115,0.00189093552771437,0.00168017650002734,0.0014780167347409,0.0016788249435511,0.00148013914326087,0.00172718484742519,0.00158470802246872,0.00153236832538098,0.00155889584699135,0.00165201050263805,0.00168456163730008,0.00101061290427803,0.00277475897442811,0.00150899205258487,0.00162965680732031,0.00166949535960743,"Oxnard-Thousand Oaks-Ventura, CA",0.00114056308479758,0.00153236157427572,0.00139568463294918,0.00155037920880708,0.00122508401999763,0.00130994150844936,9.2266830405768e-4,0.00121010512253695,0.00134631851427902,0.0016986356743202,140,146,126,112,109,169,188,171,177,151,179,176,158,161,157,220,80,177,170,161,173,169,187,175,206,199,238,201,181,150
49420,0.00168303660327486,0.00170476480286487,0.00147133120892019,0.00111142078257858,0.00110150820329257,0.00190302868769701,0.00135620679821396,0.00207946670487979,0.0015467606811685,0.0020393676896739,0.00261877846956619,0.00160375544088327,0.00115433524806283,0.00150379507493797,0.0018814187995296,8.3936968467433e-4,0.00353150715593185,0.00124431391663175,0.00164322552997946,0.00164310082722643,"Yakima, WA",0.00140469927337469,0.00293974782856625,0.00486743718614152,0.00151092739816916,0.00140889833701498,0.00131438169164196,0.0017446339321762,8.6285174461662e-4,0.00116897864262173,0.00155788475033919,141,144,189,215,205,139,200,122,173,118,98,167,206,177,133,241,56,230,167,166,154,82,34,181,183,198,148,235,191,171
13900,0.00168290389875871,0.00162105140158315,0.00172267692251229,0.00161108477217565,0.00133340260586083,0.00162849959273309,0.00190982702633874,0.0016974170986934,0.00186469143686021,0.001584353350807,0.00191481849447526,0.00195283559644786,0.00177229773346451,0.00175290281476676,0.00156595178575776,0.00136918451165786,0.00155040307972128,0.00162392500932865,0.00165697993178863,0.00166423310735059,"Bismarck, ND",0.0016427890247808401,0.00175225295922221,0.00145738780128132,0.00292060530364778,0.00160164421592299,0.00214596972962672,0.00199201201879265,0.00142334097400936,0.00152980134015278,0.00163802377436415,142,153,153,132,163,177,148,166,134,174,146,129,142,147,173,167,168,164,164,163,132,148,180,86,162,120,134,175,157,154
38940,0.00166359474640523,0.00200798815121859,0.0034399394164733,0.00160040228861193,0.00203432454238748,0.00182782242674045,0.00167245129116463,0.00163204692752037,0.00172256586420275,0.00167791538101545,0.00208088846272126,0.00190155281499192,0.0012297274404359,0.00256233903088127,0.00131391356066875,0.00164717863833748,0.00144741234694296,0.00183635513356529,0.0017280269143146,0.00178573695947809,"Port St. Lucie, FL",0.00146615442760121,0.00215637625696302,0.00383737910550413,0.00154952579419044,0.0014961653741305,0.00247506492390319,0.00139571269687868,0.00115096481547856,0.00155777329816535,0.00164921925062479,143,119,62,134,100,146,165,180,151,158,128,140,198,87,208,134,183,141,152,145,148,120,53,176,178,96,182,208,155,152
16620,0.0016456343052499,0.00147749185443599,0.00173296067388035,0.00140644124865312,0.00122117579539322,0.00149679669273429,0.00164135740770895,0.00161945298478581,0.00170700533605539,0.00159259322376429,0.0016689175807106,0.00162032627313977,0.00120130374825804,0.00154985149411326,0.00147538990899595,0.00130089193673822,6.9919490518995e-4,0.00158671790235935,0.00149341044008589,0.00148698431269395,"Charleston, WV",0.00233444676900821,0.0016922589573514,0.00444752060773143,9.9038537931657e-4,0.00139280058026298,0.00212111034547943,0.00154882726520794,7.6196632726404e-4,9.9650644248378e-4,0.00155029684279592,144,177,149,154,181,202,168,182,153,171,173,165,200,170,185,177,264,167,185,185,105,153,45,247,185,121,165,249,204,174
13140,0.00164132087179017,0.00189533061288508,0.00172456879005238,0.00127253307712669,0.00121598208694088,0.00180168521548051,0.00170656350911242,0.00203927635144026,0.00165114040154201,0.00182451755561714,0.00153679486805056,0.00192748099909694,0.00183776891162077,0.00182084352488634,0.00153705623455188,0.0023735181050375,0.00206950542459497,0.00169728491187021,0.00165993218262253,0.00166870369050424,"Beaumont-Port Arthur, TX",7.7576238880755e-4,0.00319576039619441,0.00256396693857074,0.00160104147993666,0.00298057152089815,0.00168557689365554,0.00147484922955466,0.00290709572098124,9.6749882053449e-4,0.00145741690528262,145,127,151,171,184,150,164,128,163,138,192,133,134,135,178,88,129,157,163,162,207,69,96,169,76,162,171,88,210,180
21500,0.0016205111924329,0.00156723332938888,0.00166538620855329,0.00117350302673098,0.00107224483153547,0.00205305416951465,0.00172672163428055,0.00190770534841986,0.00161868798623498,0.00176535191643707,0.00151918317163818,0.00181661998140214,0.00209826521935807,0.00152331181575323,0.00174650506853909,0.00208124933505541,0.00127245068955575,0.00174408436999684,0.00171165546702548,0.00168610855650068,"Erie, PA",0.0015719779994581,9.5063795714283e-4,0.00158468299199257,0.00191009573099374,0.00171210514346267,0.00172427338651528,0.00165726066141371,9.7935974843364e-4,0.00135261598200708,0.0014815043967968,146,164,160,196,213,124,162,139,166,146,195,149,119,174,149,102,209,152,156,158,140,232,172,142,149,159,154,223,179,176
32780,0.00161759544937753,0.00164182549172354,0.00185899308609093,0.00146665064739011,0.00138113109861336,0.00154733927344874,0.00179292830448564,0.00175106674122129,0.00165297201844682,0.00176515732800501,0.00209871637710779,0.00162080574379848,0.00130627084407887,0.00176193860019504,0.00149744263073716,9.946482345044e-4,0.00150398472292921,0.0017748174854726,0.00163927460395948,0.00158894697102141,"Medford, OR",0.00123718127322206,0.00127881206094263,6.8224292550979e-4,0.00136328268859633,0.00126809924984899,0.00220084254657609,0.00192749909879135,8.2267862771324e-4,0.0013839984242854,0.0016233711958569,147,151,132,145,155,187,155,159,160,147,125,164,187,146,182,224,174,148,168,171,166,197,263,194,199,114,138,241,171,156
42200,0.00161037466813803,0.00175125059637267,0.00181235185332674,0.00180890182773702,0.00164114114616103,0.00203441744411052,0.0029893330853111,0.0018765878290318,0.00233931834190186,0.00162136584181495,0.0020936875206086,0.00233207015162318,0.00519308958341766,0.00127661779279975,0.00233093626537687,0.00104982449948486,0.00263281544775384,0.00191381201468537,0.00214967239654264,0.0021145944035662898,"Santa Maria-Santa Barbara, CA",0.00457604364619681,0.00160666582082175,0.00157309521261081,0.00228590278422701,0.00254239110891087,0.00219169425612656,0.00524790219328085,0.00402945103009431,0.00181520164933918,0.00208192434188497,148,139,137,114,132,127,83,143,95,165,127,103,25,218,101,212,91,134,112,115,33,159,173,117,98,115,34,51,137,113
40220,0.00159783333198106,0.00173190709926464,0.00212911307745403,0.00135049287391145,0.00168689868090146,0.00196222059087433,0.00156709087826692,0.00235910794662522,0.00178357803944164,0.00205574470060393,0.00204480590641901,0.00191639957696509,0.00178069023032496,0.001611669790825,0.00181479518921465,0.00188566229509347,0.00100398434028088,0.00186684877664132,0.00171485348379288,0.00171106302543704,"Roanoke, VA",0.00120719921717954,0.00178086779888597,9.3968749264972e-4,0.00162613617753691,0.00200711937193657,0.00164502545873776,0.00254174793570478,0.00249853743709167,9.0630275766627e-4,0.00159765516967126,149,142,114,160,129,134,177,105,141,115,133,136,140,166,143,116,237,138,154,154,167,143,229,166,130,166,99,102,217,163
17020,0.00159231715619866,0.00136638016068728,0.00133142396056733,0.00128202795822184,0.00112501565299629,0.00162051923639787,0.00232365794401736,0.00164087474045234,0.00157859478936257,0.00145415946890318,0.00157938247295098,0.00144218847179882,0.00136227284805441,0.00146247868974024,0.00189825079826491,0.00119828429547508,0.00144446113975734,0.00175565224599993,0.00166644454531658,0.00167273250085209,"Chico, CA",0.00403821197212256,0.00108018411508933,0.00180246907921522,0.00124364518316387,0.00161721987462928,0.00122045697447498,0.00201885219479929,0.0011803417791438,7.363377643113e-4,0.00176485253569697,150,205,205,169,198,178,121,178,172,193,182,186,176,186,131,192,184,151,162,159,50,220,155,206,158,210,133,204,242,133
39540,0.00158657650219351,0.00119503623099798,0.00136635821637595,0.00114096947861976,0.00126092326270731,0.00143846811179671,0.00125140471478066,0.00167658762977424,0.00132429054810248,0.00168213414692204,0.00159123363744933,0.00150063125348253,0.00119149784852093,0.00137019280258706,0.00137791007740371,0.00162043826285407,0.00121165922968394,0.00132819843418432,0.00131573768694881,0.00134578218848979,"Racine-Mount Pleasant, WI",0.00431201710101778,7.4398847986574e-4,9.8290351967638e-4,0.00121664352972086,0.00153542299947185,0.00113175214505208,0.00137414630180863,0.00139849722548409,0.00128702929390344,0.00125646735512925,151,233,201,207,173,208,212,172,197,156,178,182,201,206,197,138,213,212,215,206,41,254,225,216,171,218,184,181,183,214
40420,0.00158649916255916,0.00159553432588503,0.00153891023219134,0.00122300579019918,0.00106837113724224,0.00176807143324819,0.00134848685340249,0.00149424660086391,0.00131724289109447,0.00157065192221622,0.00144771402848051,0.00136995481266374,9.4531089682253e-4,0.00165851821089941,0.00159983200449048,0.00178235036915225,0.00268665203279019,0.00147528822931065,0.00154013189056161,0.00155604700046646,"Rockford, IL",6.9255792251868e-4,0.00153417445027425,0.00191398691306349,0.00114145868752999,9.3273874048632e-4,0.00104010848706275,8.7695839732017e-4,0.0012122946885006,0.00102121220392105,0.00157755457341171,152,156,177,178,214,154,201,204,200,176,197,198,231,159,168,124,87,186,176,174,230,168,136,229,245,231,245,199,201,167
33780,0.00156072857807527,0.00144217128859082,0.00119059804600469,0.00121904161701948,0.00105320723633023,0.00142683002891548,0.001418031019034,0.00156509839433111,0.00106942198855547,0.00152542750771601,0.00123527493193033,0.00109768856654537,8.4594159798233e-4,0.00170564148518286,0.00127587541652694,6.504486204631e-4,0.00220299229281662,0.00151362307861652,0.00133294201270865,0.00136585108529813,"Monroe, MI",7.5535338327845e-4,0.00153157770030477,8.0210626714536e-4,9.9822107580208e-4,6.3829917581967e-4,8.4954675260792e-4,9.8032033410663e-4,0.00281500148571418,5.0051166207201e-4,0.00141826352873243,153,186,239,179,220,210,194,192,244,181,222,241,240,154,218,266,119,176,208,202,212,170,245,245,272,252,226,92,272,185
49180,0.00156018057096244,0.0018525322413521,0.00200619229765195,0.00176587745367529,0.00174915878790743,0.00178604454481655,0.00177383958739219,0.00186293789394479,0.00171600878582304,0.00176670245572497,0.00163874692352511,0.00174170180737205,0.00187949333617715,0.00201109924463286,0.00156664428390128,0.00171875179353431,0.001463471092613,0.00193940695376516,0.00180450133881035,0.00178743217027278,"Winston-Salem, NC",8.7204496418293e-4,0.00150805698562874,0.00165483341341775,0.0017903609645828,0.00148677859855276,0.00230995587154591,0.00124756398319802,0.00126773157911267,0.00152420568206933,0.00172158779477978,154,129,124,121,123,151,157,146,152,145,174,153,132,123,172,130,180,130,140,144,198,171,166,154,181,104,196,194,159,143
13380,0.00155778927403876,0.00173537624324768,0.00171651628864526,0.00191649934405654,0.00173250880359811,0.00147388233219415,0.00241468293554393,0.00150190944421892,0.00245672707931403,0.00146547618407504,0.00266935982238207,0.00196719415767073,0.0017784820510932,0.00133131052172943,0.00209789216313195,0.00134160143824968,0.00183076349093829,0.0019678318474661,0.00176074311978507,0.00175782976784585,"Bellingham, WA",0.00116626122114247,0.00120007693559379,0.00192764493555485,0.00167373719722349,0.00106307449169123,0.0012813215609445,0.00268491831740698,0.00122455269580488,7.337897279921e-4,0.00199746313312073,155,141,155,110,126,205,116,202,88,190,95,128,141,212,118,170,145,127,146,148,169,205,134,163,227,203,95,198,243,118
27900,0.00155501766294752,0.00181845971495648,0.00153303174800786,0.00151238261058845,0.00120006563214872,0.00193912739457763,0.00143819307024286,0.00203564223509355,0.00138007290402338,0.00227142566020621,0.0015788691231945,0.0016315926160628,0.0013321835382549,0.00171732161771971,0.0017603062643577,7.0506888520931e-4,0.00221628560883509,0.00198439036930075,0.00172049393673651,0.00172646233663978,"Joplin, MO-KS",6.3452263829784e-4,0.00159146226121869,0.00183853684435165,0.00178628900012725,0.00124892444294742,0.0019780751465574,0.0014622965101193,8.2153183296674e-4,0.00153705551236418,0.00164462184169267,156,134,180,142,187,135,192,129,185,100,183,163,181,151,148,256,117,126,153,152,240,162,149,155,202,134,173,242,156,153
46220,0.00155463595589816,0.00155409243155963,0.00254321172972382,0.001126508188542,0.00124977681637256,0.00273796389179515,0.00289809469169003,0.00185238622809605,0.0021404554439929,0.00145108469901266,0.00204993363594758,0.00237469890886718,0.00380078383174163,0.00181166991331772,0.00181675268969261,0.00275942440955006,0.00258823503957614,0.00206338307010012,0.00210933016161238,0.00214954280144957,"Tuscaloosa, AL",7.264677213873e-4,0.00162221751088365,0.00182399246633975,0.00342023887562192,0.0020263520366154,0.00227480462642852,0.00553477110396836,0.00374421417004796,9.9060640260659e-4,0.00180012235520215,157,170,92,212,176,80,88,149,110,194,130,99,54,136,142,78,92,120,115,112,222,157,153,59,128,106,28,59,206,130
35980,0.00155244162784071,0.00184289524222966,0.00204925707317826,0.00139130042517232,0.00138910811848267,0.00180792341157778,0.00156588519432407,0.00152151428683406,0.00162141227334556,0.00150326171458335,0.0018369550601069,0.0014313739757672,0.00160851201123366,0.00168904487816601,0.00165493821985326,0.00136158185276743,0.00243409701974366,0.00169516619833832,0.0016967315182628,0.00164180710825313,"Norwich-New London-Willimantic, CT",7.4049328299168e-4,9.2151978938076e-4,0.0013410308446078,0.00108644145912943,0.001096831752119,9.4810661807064e-4,0.00153635599254676,0.00103352135294271,0.00228717332647911,0.00175185021029398,158,130,120,156,152,149,178,199,165,183,157,192,154,157,162,168,104,158,159,167,216,234,194,238,225,242,167,218,111,137
36780,0.00154656176908413,0.00131477851509061,0.00122495803048704,0.00138562437867134,0.00105555959995238,0.00149747350847511,0.00174848124572288,0.00163330209537085,0.00170692629546655,0.00160708361383384,0.00136452427498933,0.0016908417546951,0.00158618612936924,0.00143056667741207,0.0015395492300079,9.5345736045211e-4,0.00102399384997693,0.00173921157007083,0.00153468620716526,0.00151361465708358,"Oshkosh-Neenah, WI",7.9963259874545e-4,9.5770997667856e-4,0.0014777923527241,0.00211917041249036,0.00154797296324341,8.4232524431842e-4,0.00167503667333411,9.0572114412686e-4,6.4563575131876e-4,0.00160504062724396,159,212,232,157,219,201,159,179,154,167,213,159,156,191,177,229,231,153,177,178,206,231,176,131,169,253,151,231,249,160
44100,0.00154581225635884,0.00138748414778575,0.00124473333823978,0.001329859346284,0.00111303746521713,0.00154434104346386,0.00151272317950633,0.00168812553338406,0.00131982901648415,0.00159383667349388,0.00176183841830059,0.00122894474719112,7.653120655064e-4,0.0016622526191443,0.00153979170429984,0.00212202093753971,0.00105460734368775,0.00138010523282172,0.00145090887254369,0.00145899403239571,"Springfield, IL",0.00101080132199676,7.3166012346707e-4,0.00246677823025279,7.8016278386894e-4,9.5723016477629e-4,0.00147620946982905,7.176540125245e-4,0.00414716115403273,0.00135008520149422,0.00146013266376036,160,200,226,161,201,188,183,168,199,170,162,221,255,158,176,101,224,194,190,186,180,258,104,262,240,182,264,47,180,177
24540,0.00153817261368581,0.00111062224505283,9.5413034334869e-4,0.00115322316193138,0.00116710896671306,0.00129841221199072,0.00111589331547833,0.00115829416180367,0.00103584461481888,0.00111501093040016,7.7990501440569e-4,9.32016700105e-4,0.00105775445008256,0.00137200353663615,0.0011141376394396,7.7759373610844e-4,0.00268258413964585,0.00113034124182065,0.00122979535841723,0.00124621753885289,"Greeley, CO",7.3729617476609e-4,8.3826281815107e-4,7.8910756706743e-4,5.7900266345659e-4,9.4739183282386e-4,8.0776231156646e-4,8.3537000319072e-4,9.174390976243e-4,8.593812627067e-4,0.00123807279935167,161,254,259,204,192,232,241,249,247,248,268,262,214,205,245,246,88,244,232,226,219,243,249,279,243,259,251,230,223,222
49740,0.00153446221984039,0.00156011923715285,0.00203641535070619,0.00130692403447795,0.00102538545883317,0.00174448351149987,0.00146585087276295,0.00183883374626168,0.00130880980623985,0.00160323617397557,0.00255857303217947,0.00141829759945806,0.00124827315632548,0.00180502634201602,0.00165262207749951,7.5590466031888e-4,0.00269152684181455,0.00124910484746228,0.00170536979492363,0.00159549543702459,"Yuma, AZ",0.00379547556723147,0.00127999314115034,0.00281264060704333,0.00115679312446944,0.00238361839353965,0.00192748461724079,0.00203644752598096,0.00183175452011487,0.00167669539161141,0.00161911631202873,162,169,122,165,223,157,189,150,202,168,101,194,196,137,163,251,85,227,157,169,54,196,87,226,107,142,130,145,148,159
48900,0.00152046767250363,0.00190623846278245,0.00182430912252678,0.00210362254291606,0.00198787160217577,0.00161966635788238,0.00207216228692007,0.00176253046840521,0.00202873950653166,0.00147590575042961,0.0022017890652921,0.00181681838350696,0.00189186673707571,0.00177917583684313,0.00186515383944809,0.00125863175546682,0.00122633175919244,0.00223279745866746,0.00181670018185356,0.00182921996684061,"Wilmington, NC",0.00581753178232059,0.00233435458844742,0.00251431552145355,0.00186616627917635,0.00180463724418518,0.00180188257340572,0.00315193226549498,0.00197917923806662,0.00253580868114651,0.0019417096724459,163,124,135,102,106,179,135,156,120,187,123,148,130,143,135,185,212,107,139,136,18,110,102,147,143,152,77,136,101,122
26380,0.00151182615706394,0.00121529120727026,0.00174595514375968,0.0011610585259515,0.00233262593263272,0.00172214795705524,0.00111623955520038,0.0019620550619696,0.0013716615803179,0.00187585443549545,0.00155794811370046,0.00151446919943789,9.3915404596991e-4,0.001708203187094,0.0015607400071388,0.00143278945820641,0.00209885074932459,0.00166032680081068,0.00152981514100864,0.00153175796482434,"Houma-Bayou Cane-Thibodaux, LA",0.00369040721281756,0.00117000736578979,0.00110961340718893,0.0017404057695416,8.5223848397029e-4,0.0020280474070012,0.00180691250978223,0.00190952522734847,0.00333402991594077,0.00137293471098654,164,229,147,202,86,162,240,135,187,130,186,179,234,152,174,160,126,162,178,177,57,208,212,161,253,131,143,138,68,197
14740,0.00149614893031949,0.00159671151840028,0.00127140676161583,0.00155648697998645,0.00181345075496226,0.00159836835776353,0.00144942893869446,0.00207557012976476,0.00187178541331859,0.00201559869995989,0.00185048476257741,0.00154358444399028,0.00180947528329044,0.00158336541136396,0.00146924751232681,0.00130348749904176,0.00143036647613856,0.00170639376971781,0.00161627239939116,0.00157816389255638,"Bremerton-Silverdale-Port Orchard, WA",0.00369040721281756,0.00224522204274948,0.00108229059216237,0.00123828436110583,0.00114906387636882,0.0012969739762394,9.2664520691118e-4,0.00167441798856647,0.00147487651762531,0.00179268492022857,165,155,217,139,114,181,190,124,133,122,154,174,136,168,186,176,188,155,171,173,57,118,216,208,215,200,234,158,163,131
23540,0.00149079571368053,0.00156583272931522,0.00151403701695,0.00158726713226617,0.00209317327694879,0.00173207269799534,0.00334798473873411,0.0013373160838019,0.00241787204847993,0.00125159647327562,0.00162018107479918,0.00245008708467371,0.00493863961055002,0.00135713215580027,0.00199237942116735,0.00190871140508205,0.00214232828088934,0.00203645731317714,0.00194247781460658,0.00198943292872315,"Gainesville, FL",5.538898760484e-4,0.00314683130359554,0.00326494711830747,0.00521666100782553,0.00208076313011956,0.00389296588386735,0.00634648853548167,0.00225031136373864,0.00149575179319862,0.00175528718241962,166,166,185,136,97,159,65,231,90,229,175,92,29,209,122,114,122,121,126,124,250,73,71,27,123,54,17,117,162,135
33740,0.00148598117915399,0.00141565351885497,0.00138498139875159,0.00111412083095619,0.00110110173548106,0.00163100719166105,0.00129894286244265,0.00133662421873744,0.00137966426826381,0.0014240649367427,0.00156662545626654,0.00150162220428634,0.00112482096357831,0.00140329540129084,0.00151575211190329,0.00175864184868796,6.7658351819759e-4,0.00137263635660859,0.00140680397204858,0.0014431165889601,"Monroe, LA",5.538898760484e-4,0.00105382950542879,0.00147540784288416,0.00113833005262579,0.0012897720883078,0.00122543788048607,7.7462841161557e-4,0.00169527050871504,0.00139013379824964,0.00138596147304611,167,195,197,214,206,175,207,232,186,202,184,181,208,198,180,125,267,198,197,189,250,224,177,231,197,209,256,156,170,193
29700,0.00143994992245325,0.00156187098476663,0.00175091452704549,0.00120880399435173,0.00101464189782464,0.00171240131717871,0.00120772863546079,0.00174599777566088,0.00120958274277337,0.00168281592048899,0.00194691083885237,0.00127918182115878,8.3123265107352e-4,0.0017369993065879,0.00149441947991604,6.1016861855234e-4,0.00233444510682399,7.8340500558964e-4,0.00150395908186662,0.00149910212599544,"Laredo, TX",5.538898760484e-4,0.00120093777177072,5.8982390125978e-4,0.00190695894733447,0.00100957259281237,8.38761599698e-4,0.00131639466465169,0.00205691825748339,0.00333402991594077,0.00139969450087902,168,168,146,185,226,164,218,160,219,155,140,214,242,149,183,270,111,271,182,181,250,204,273,144,233,254,188,129,68,188
34740,0.00143579653097768,0.00140093522511974,0.0016936233729685,0.00119654754837356,0.00106802184051026,0.00160003790242219,0.0012592152178433,0.0015866847722995,0.00121612969701884,0.00154096367987451,9.2138568676115e-4,0.00143381306282513,0.00110792977654354,0.00189346921028956,0.00119401323640041,0.00155255847836386,0.00155190386494225,0.00142150700982983,0.00141668171357769,0.00143074677677498,"Muskegon-Norton Shores, MI",6.0354502390291e-4,0.00105106041418335,0.00109606178146636,0.00117857589478859,8.7759941100606e-4,0.00191420027317631,0.00133610734281905,0.003460213165857,5.8437952842039e-4,0.00139299581233923,169,197,157,189,215,180,211,187,216,180,255,189,209,126,235,147,167,190,195,191,245,225,214,218,250,145,186,69,259,189
47380,0.00142906235900297,0.00156639655842517,0.00174006321590112,0.00129688409116815,0.00105908385277205,0.00206752644155454,0.00205767989607325,0.00187178799874949,0.00187409328072262,0.00159850551777681,0.00170586126951702,0.00197798962574064,0.00219674190183435,0.00173240566075756,0.00170464518956684,0.00221944485332606,0.00271005906578619,0.00187321696432319,0.00182510368719859,0.00182159634603505,"Waco, TX",0.00248968873755314,0.00183909616917773,0.00123200507663099,0.00283573426247143,0.00160494686964683,0.00203677906951608,0.00347151916604495,0.00180084577177926,0.00269103713881811,0.00155454866767238,170,165,148,166,217,120,136,145,132,169,171,127,112,150,154,98,83,137,136,137,98,139,200,90,160,128,62,148,96,173
34940,0.00142875807780052,0.00229044964869266,0.00352950723241896,0.00213459144018345,0.0024569993915827602,0.00167743345488945,0.00163363494442244,0.00167890366250532,0.0016378646165158,0.00168362440691373,0.00304730531343227,0.00187042020307316,9.8292185143775e-4,0.0022418358788347,0.00167023917478303,0.00102958483235024,0.00289609723723352,0.00193871431345162,0.00175256549378502,0.00183591440942403,"Naples-Marco Island, FL",0.00346554426748089,0.00146127383783685,0.00146199181512194,0.001908354745171,0.0026016378056891,0.00183533928953953,0.00189983096322672,0.00228025644708935,0.00162101288142501,0.00160127841652676,171,101,59,98,83,170,170,170,164,153,76,143,229,107,160,217,75,131,149,134,71,178,179,143,95,150,140,114,151,162
11100,0.00141667451933858,0.00145165456253735,0.00119430909332501,0.00124552154690446,0.00127475106201259,0.00155569464969043,0.00151925385460504,0.00212574613283318,0.0014135589432369,0.00182634816539756,0.00160151012858439,0.00143835636141408,0.00108076552841313,0.00141921175786838,0.0018019150608293,0.00116277772823397,0.00194096901446326,0.0015855147464704,0.00146822440158173,0.00148816214010681,"Amarillo, TX",0.00195595058122233,0.00117326153618235,8.6978835803356e-4,0.0016567182810071099,0.00100415688535963,0.0016483654241742,0.00106305660724364,0.00125355202348597,0.0019244061812067701,0.00160422960544885,172,182,237,176,172,186,182,115,182,136,177,188,212,193,145,196,138,168,187,184,122,206,235,164,237,165,218,195,131,161
34060,0.00140353686604281,0.0014891602476656,0.00125494466488101,0.00148485202839652,0.00140450049381734,0.00188897772376443,0.002878366109379,0.00153008362782877,0.00236069829121806,0.00134933694446225,0.00241193030492929,0.00212450351815072,0.00273893553246083,0.00112186131383026,0.00223410309723384,0.00169181575738442,0.00170644181074341,0.00211816407243703,0.00177011116910333,0.00188056077741891,"Morgantown, WV",9.8745476195359e-4,0.00267382851494482,0.00382454430478835,0.00895407621683457,0.00241639807776897,0.00185910541747625,0.00403014677792122,0.00648310991142978,0.00466105222531189,0.00174305886042774,173,176,224,144,149,141,89,197,94,214,106,117,85,245,107,132,157,112,145,129,185,94,54,9,104,147,54,20,51,139
31340,0.00140044843870425,0.00175895028446296,0.00172925969151856,0.00172102043634431,0.00127696365353639,0.00172863322254847,0.00220431794016173,0.00160670915299773,0.00193313426400654,0.00181638438638851,0.00271595355116721,0.00199518340604924,0.00214537583122312,0.00197473012213678,0.00148957019502258,0.00187614807365133,0.00104478464317798,0.00207748118724913,0.00177479974286197,0.00176724608656575,"Lynchburg, VA",7.7069103066128e-4,0.00154442932904254,9.8374237639809e-4,0.00213184997954933,0.00197131471947708,0.00156349357065459,0.00265488346674982,0.00224249445025604,0.00215620503096404,0.00171634728700416,174,137,150,123,171,160,124,184,126,140,89,125,116,124,184,117,228,119,143,147,208,167,224,130,132,174,96,118,119,148
27100,0.00139636341132598,0.00156764759582737,0.00139211301075087,0.0010636540897169,8.6766618757174e-4,0.00181807523533376,0.00115959692729691,0.00160231176292308,0.00136826582391648,0.00162510236768408,0.00118312455023667,0.00144461460023227,0.00171473702470713,0.00183206850965468,0.00113061598849258,9.6785110077551e-4,6.6214604393387e-4,0.00165178972286662,0.00142335472250697,0.00142728150926528,"Jackson, MI",0.00114492919423135,0.00310765383768321,0.00238636546614425,0.00117080037974743,0.00195749199032786,0.00102735600321194,0.00164722377778834,0.0013955984357786,0.00272281075879127,0.00126952964536358,175,163,196,224,251,148,231,186,188,164,229,185,146,134,241,227,269,163,194,192,172,75,108,221,135,236,157,183,95,211
32900,0.00138605865580485,0.00158007608002951,0.00107664575124478,0.00104139300670082,9.1644191771449e-4,0.00174285764045308,0.00124915236707675,0.00172655445705377,0.00121992137694667,0.00161186850948558,0.00104716233726295,0.00136993043968152,0.00129240071102257,0.00127948833859888,0.00167100599207219,0.00192140296076246,0.00143430141438144,0.00108339364411577,0.00146778571667081,0.00150555629550087,"Merced, CA",0.00397200476822127,0.00194726486061057,9.3175553115296e-4,0.00110050247265314,0.0015532698756553,0.0010423827933049,0.0011086165738657,9.378065455583e-4,7.0925252232786e-4,0.00143944072756368,176,159,250,227,239,158,213,162,213,166,247,199,188,216,159,113,187,250,188,179,51,128,231,235,168,230,213,226,245,183
26980,0.0013831976456517,0.0013155084673138,0.00123179459561006,0.00159000165084963,0.00154519579754657,0.00159809670441017,0.0027030505977281,0.00135256890481461,0.00189910539381252,0.00115046508131234,0.00187459998243358,0.00171911406540925,0.00247786554143936,0.00131905245126147,0.00186043672273761,0.00157387703189191,0.00129156146261278,0.00180999725771224,0.00168233805468105,0.0017327439695882,"Iowa City, IA",0.00430798209558731,0.00138367618667482,0.00290499362882391,0.00185711525678766,0.00193951087723061,0.00261142905429602,0.00436701976374952,0.00262168234680447,8.787782551862e-4,0.00177659370911016,177,211,229,135,137,182,99,229,129,242,153,156,92,213,136,146,207,145,160,151,42,188,83,149,136,91,47,98,220,132
15180,0.0013819672756105,0.00143517868863785,0.00179167703234607,0.00125497124702726,0.00119052775350983,0.00169262815087665,0.00104273133038526,0.00190628227733055,0.00108396351077548,0.00182531465148235,0.00137134235724633,0.00141420640962774,7.2095076566443e-4,0.00187884186149614,0.0013727629685464,6.9162965355723e-4,0.00288282295406676,8.3112382530112e-4,0.00143811404737202,0.0014585387106491,"Brownsville-Harlingen, TX",0.00450617029439203,6.7741897806242e-4,0.00122378515850558,0.00106155025315092,0.00252273698604736,0.00162666098491057,0.00119967682901107,9.2200391693256e-4,0.0036016392694921,0.00126940753917875,178,187,140,173,189,167,250,140,238,137,212,195,268,128,199,259,78,270,191,187,35,264,201,239,99,169,203,229,60,212
36220,0.00138038708386459,9.8976591874157e-4,9.3829203281073e-4,0.00112167213997772,0.00104851265574661,0.00132050712029118,9.4772186770443e-4,0.00135412479737265,0.00108235166371671,0.00131089040909942,8.7353556000612e-4,0.00113199224270092,7.9132800547378e-4,0.00111356978082908,0.00133441284386278,9.9737675838488e-4,0.00247321446640363,8.8257074077449e-4,0.00128021429722531,0.00119335508128292,"Odessa, TX",5.538898760484e-4,8.4276375876099e-4,5.7524332990163e-4,0.00178538611741894,8.2725934838582e-4,0.00226822360845009,9.338110270252e-4,5.9238224810366e-4,5.9915337866969e-4,0.00117003984445813,179,267,262,213,221,228,266,228,240,219,259,236,251,247,204,223,99,269,221,240,250,241,275,156,255,108,231,269,254,237
23580,0.00136706654682373,0.00122497037490484,0.00182108376903501,0.00108011619610319,0.00136522379436147,0.00142051990257325,0.00112067194209695,0.00146763866568313,0.00109535246842847,0.00143809847860674,0.0012265942379529,0.00128276632695262,7.7582352552328e-4,0.00130070304680433,0.00152681113632832,0.00092552484068428005,0.00282203091406923,0.00129057158372128,0.00131495936809188,0.00131517005220302,"Gainesville, GA",0.00369040721281756,8.4561889221813e-4,7.9210105473515e-4,0.00113888756108565,0.0012618028754529,0.00123328999423546,0.00118389821966403,9.2738416607103e-4,7.7871037460318e-4,0.00124542552224611,180,228,136,221,159,212,239,211,235,197,224,213,254,215,179,233,79,218,216,213,57,240,248,230,201,207,205,228,234,220
48140,0.00136192417495228,0.00116664509298861,0.00119852812350061,0.00102963377412361,0.00124831687986438,0.00130278573643249,9.6346014947781e-4,0.00119829041795817,0.00121853693464036,0.00128662082691617,0.00174578461834701,0.00110714587173216,8.1451448618324e-4,0.00143659874665203,0.00108036481336286,5.1510523449198e-4,0.00306370769367244,0.00128412353433727,0.0012246935607471,0.00118800957603739,"Wausau, WI",8.5158286414574e-4,0.00147808172050701,6.7430815120743e-4,9.2303132610736e-4,0.00102785826695932,6.4100619855275e-4,9.9213034438653e-4,8.6707741181651e-4,0.00514007030913038,0.00124664626558357,181,238,235,231,177,231,263,245,215,223,163,238,248,189,248,281,72,219,236,242,201,175,265,254,230,274,223,234,38,219
36980,0.00135402397793343,0.00138809264125978,0.00131760144295069,0.00100268001233447,0.00103131875648331,0.0013388927050532,0.00109538039332824,0.0016199120557959,9.6749314677918e-4,0.0013972500763034,0.00129472059149738,0.00108657146180459,7.3919708691524e-4,0.00144854295241894,0.00120751782472138,6.5111673023514e-4,6.3655400828586e-4,0.00136768504257931,0.00125052603907517,0.00122569317550661,"Owensboro, KY",7.38949396561e-4,5.4492676285545e-4,0.00191078836602354,0.00130874409244142,0.00129330803438597,0.00100258746860209,8.5980007037345e-4,6.9654056164022e-4,5.0051166207201e-4,0.0012513733937341,182,199,208,238,222,223,245,181,256,205,215,243,261,187,231,265,271,200,228,231,218,277,138,199,196,238,248,258,272,217
27500,0.00135230698868393,0.00142706393161958,0.00164296896222306,0.0011892725141843,9.1846978061011e-4,0.00159239827561809,0.00139441173008392,0.00187837834892262,0.00158221347930628,0.00179625042373455,0.00238351086176197,0.00142380016943846,0.00101400266250223,0.00164582694925328,0.00138892767817215,0.00103749884586659,0.00257080867269567,0.00155220802405522,0.001499025518741,0.0014493244244214,"Janesville-Beloit, WI",6.499815817184e-4,5.9824014662255e-4,7.5858951287486e-4,0.00137500175820351,8.8055026087783e-4,8.7043735645829e-4,9.8838509173256e-4,0.00183310208150066,0.0016824911240588,0.00158191603484717,183,191,166,192,238,184,197,142,171,141,107,193,219,162,194,215,94,171,183,188,235,272,255,193,249,249,224,144,147,166
17780,0.0013406623269417,0.00158642132908686,0.00183362313009308,0.00140664266246773,0.0014700667802836,0.00199883210758326,0.00365429611537605,0.00176112873175324,0.00261863490700007,0.0013775426389746,0.00115888567601218,0.00284199166840272,0.00409347137158659,0.00111911224780323,0.00230161699365939,0.00202120980823344,0.00236895380959188,0.00225396906246348,0.00203981305379556,0.00204386546031767,"College Station-Bryan, TX",0.01026265422261711,0.00230482919914843,0.00481932137785761,0.00265368516213719,0.00401805644298419,0.00241482436606172,0.00519441851629539,0.00450287292725752,0.00503870352583507,0.00171801035742623,184,158,133,153,143,130,58,157,84,207,233,73,47,246,104,109,110,104,120,118,3,112,35,100,46,99,35,40,41,147
21140,0.00132984581414032,0.00151090193536521,0.00130191550522937,0.00103727148012577,9.2901685896916e-4,0.00150076809753489,0.00132643345988165,0.00106002715751698,0.0012904375798805,0.00109952224099152,0.00275740861655914,0.00107124522949668,9.5719889313966e-4,0.00148938379297662,0.00129968650986896,0.00126190398741762,0.0014048804414741,0.00129947856541073,0.00125751531015374,0.00134248886142901,"Elkhart-Goshen, IN",5.538898760484e-4,0.00155674366472692,0.00183430073981852,0.00117688285021618,8.4816101485725e-4,8.6138090195544e-4,0.00105216419997521,7.2488549575446e-4,0.00333402991594077,0.00139243666287468,185,174,209,229,235,200,203,259,204,251,87,244,230,179,214,184,195,217,226,207,250,164,150,219,254,250,219,251,68,190
44140,0.00132576918269525,0.00141742773635224,0.00119719537437281,0.00117197674333447,0.00120164483807229,0.00189651458436598,0.00160708056425204,0.00140810492599091,0.001613645704668,0.00140953478501579,0.00116615150650891,0.00173593965048141,0.0033928368518715,0.00134596229834996,0.00139419539700943,0.00131373779880741,0.00198756156283047,0.00151381168649626,0.00155835482845885,0.00155018754530429,"Springfield, MA",0.00484072706857484,0.00174795407558017,0.00192671328081231,0.00267054495515353,0.00165236408011144,0.0011148145018034,0.0025574230099271,0.00129399968342578,9.196734825184e-4,0.001386635484614,186,194,236,197,186,140,174,220,167,204,232,154,61,210,192,173,135,175,172,175,27,149,135,96,155,223,98,191,216,192
42020,0.00132482014659858,0.00157477687718182,0.0013978506697258,0.0013934453509908,0.00174349864737394,0.00169490746396141,0.00246107734170639,0.0015669706757752,0.00191454145724688,0.00143326717918732,0.00185020266459505,0.00194678572454824,0.00369106374654599,0.00135900037587862,0.00179671222588684,7.683492597778e-4,0.00140621017026979,0.00209005679465617,0.0018226377633754,0.00179982611263789,"San Luis Obispo-Paso Robles, CA",0.00734860406230235,0.0022927149940189,0.0040671483148072,0.00315353825868501,0.00316713716580292,0.00195103550097462,0.00535775402770604,0.00143191986628359,0.00276347154393882,0.00173904317128473,187,161,195,155,125,166,112,191,127,200,155,130,56,208,146,249,194,118,137,140,13,113,50,70,72,138,32,172,93,140
29200,0.0013214379553917,0.0013459181205295,0.00153637707338876,0.00135470170405235,0.00108744677541643,0.00203976621333853,0.00316145646957262,0.00160805581266248,0.00222902775120379,0.00142868986101835,0.00142559868460906,0.00231127151458466,0.00397570227077587,0.00110150382408238,0.00210777212398828,0.0021239391184419,0.00252373004886481,0.00195433898602155,0.00190775077631903,0.00188298875116869,"Lafayette-West Lafayette, IN",0.00540516976454724,0.00220183907818878,0.00446925122062767,0.00266252988486551,0.00259413900448386,0.00208762742669456,0.00348052765095268,0.0022580445627081,0.00157635380583539,0.00173401265087452,188,207,178,159,209,126,76,183,102,201,200,104,50,251,116,100,96,128,129,128,23,119,44,99,96,124,61,116,154,141
24780,0.0013184479945358,0.00145152891111647,0.00158526914864568,0.00131785567759624,0.00128888207564945,0.0020144724392053,0.00212772532201522,0.00208715396939817,0.001880026894608,0.0018842802286785,0.00121356933518048,0.00214655434850262,0.00235805944056181,0.0012329151667679,0.0021030971094202,0.00263318296474881,9.8554336371069e-4,0.00166785714325026,0.00190649215427462,0.00183076511454972,"Greenville, NC",5.538898760484e-4,0.00161196194197011,0.00114740751357542,0.00122630220287615,9.3005563918135e-4,0.00247529445818566,0.00144958290658898,8.1352699329506e-4,0.00126310978229766,0.00161938496794841,189,183,173,162,167,128,131,120,131,129,226,114,100,225,117,80,238,160,130,135,250,158,210,214,246,95,176,244,187,158
41100,0.00131492757383822,0.0014126514913463,0.00229579276490229,0.00126324106300057,0.0013521314655997,0.00152394760356078,0.00163758475417981,0.00138799736627754,0.00143854664916685,0.00136740297369602,0.00182091870093654,0.00151915317182139,0.00127374947297896,0.00163758674316028,0.00137543710399454,7.5266131193023e-4,0.00142080438205783,0.00173318846855407,0.00154518745426086,0.0014932019409309,"St. George, UT",6.4370614237213e-4,0.0015560348310882,0.00218874461845106,0.00175597852822999,0.00138962007328415,0.0016207403834482,0.00143496136522527,0.00443946475108703,8.8884944726305e-4,0.00145867390604436,190,196,107,172,160,196,169,223,181,209,160,178,192,164,198,252,189,154,175,183,237,165,118,158,186,170,177,43,219,179
39820,0.00130849189959295,0.00143493867142997,0.00123296019669331,0.0012032763814167,0.00110808972612763,0.0014789363896225,0.0012669525171064,0.00188854805252586,0.00125352101450805,0.0015778539246499,0.00189305356285551,0.00128631154555363,0.00100972061423562,0.00141415976822212,0.00138125623583234,6.6830447552153e-4,9.5463315995714e-4,0.00152472437153249,0.00133719162411224,0.0013481753348505,"Redding, CA",0.00163008398516475,0.00137213793231325,8.0780380394889e-4,0.00129657847376642,0.00231568242089042,0.00107306279825821,9.2824888413532e-4,0.00119175923087578,0.00343783520676852,0.00131926047503936,191,188,228,187,203,204,210,141,209,175,151,212,221,195,196,261,242,172,207,205,136,192,244,201,111,226,233,203,66,204
25260,0.0013059847585694,0.00112137828063784,9.1265863731832e-4,8.1198576892532e-4,6.013606403792e-4,0.00136720654258047,0.00121756126409218,0.00142451081287231,0.00116874086912925,0.00137629942293604,8.8808153547087e-4,0.00129124991438446,0.0017287346949571,9.9388561613958e-4,0.00132378598257765,0.00162005829322562,0.00149414420524808,0.00102880599985073,0.00123889507970026,0.00122151273489675,"Hanford-Corcoran, CA",0.00426425654175183,0.00240233909277983,0.00176977412720848,0.00147867866983266,0.00112048802586397,0.00124386409650398,0.00066249807218991005,7.6728107532941e-4,0.0014573747778664,0.00116584536271035,192,252,264,263,278,219,216,217,226,208,258,211,145,263,206,139,178,254,230,235,46,106,159,186,222,206,271,248,165,239
29420,0.00129870732091601,0.00159137479094161,0.00212305755070717,0.00106711506129102,8.71412438503e-4,0.00171867872814492,0.0014958023950086,0.00211001937210272,0.00128390525574849,0.0018362814971037,0.00174488300319188,0.00156568639388027,0.00108625606425277,0.00178085347559405,0.00139075649232227,8.4178249613549e-4,0.00221529676675515,0.00166417742784959,0.00155180459130458,0.00153424606425168,"Lake Havasu City-Kingman, AZ",0.00273195277039168,0.00176554574387925,0.00227033325730888,0.00142485729855782,0.00137935382494984,0.00150036156126044,0.00124570979124119,0.0020443579396437,0.00245487855303065,0.00141276424210009,193,157,116,223,250,163,186,116,205,135,164,171,211,142,193,240,118,161,174,176,88,146,115,190,187,179,197,131,107,187
44220,0.00129295973511424,0.00137279654137133,0.00110056146311976,7.7839372473396e-4,7.0916552111863e-4,0.00169183870578737,0.00123567882573603,0.00221640420409605,0.00117274812140423,0.00199474409986295,0.00100944658096331,0.00135870239977877,0.00103173852283254,0.00148587151812395,0.00138424846994199,0.00129792615044985,0.00249750745072932,0.00149593032035661,0.00141009963768404,0.00138623578536521,"Springfield, OH",0.00125643742035495,7.6273445351815e-4,9.6119569208473e-4,0.00112554742531927,9.5323306774668e-4,0.00101578608762213,0.00139788607203195,9.8942850966834e-4,0.00279610840355095,0.00130824137454685,194,203,246,269,267,168,214,110,225,124,252,201,216,183,195,178,98,181,196,199,164,249,227,233,242,237,181,222,91,205
19460,0.00129199677512004,0.00144506884078697,0.00128283042730446,9.3943207817773e-4,9.0087957766731e-4,0.00156606872052545,0.00108560960199147,0.00169536354403189,0.00120249611994637,0.00158678587932905,0.00139679703030793,0.00132123381276363,9.160333483695e-4,0.00222524579090396,0.00100375622905462,0.00160834733110857,0.00289128442990348,0.00132360136157465,0.0013314717464854,0.00134009450013072,"Decatur, AL",9.967610650244e-4,0.00186572533648249,0.00177184250648069,7.7503806169716e-4,0.00104519117124732,0.00173859731627195,0.00143472065795723,0.00713203744212591,0.00545639315083918,0.00124031388343208,195,185,214,247,244,185,246,167,220,173,205,207,236,110,259,143,77,214,209,209,183,135,158,264,229,157,178,14,32,221
33140,0.00128742731626951,0.00146003366744929,9.5416700331617e-4,0.00124163545386268,8.2187874674762e-4,0.00134018780762845,0.00118245382792516,0.00170214227911228,0.00118174786491001,0.00135903405996214,0.00127041814506493,0.00126670479028729,0.00136640837914928,0.00127675038955061,0.00130119968953377,0.0011838512828694,0.00141092717803808,0.00133013265326832,0.00132659834779762,0.00126894140355634,"Michigan City-La Porte, IN",6.975342522559e-4,0.00433388966021683,0.00174274579289103,8.1882165117748e-4,0.00100858062180511,0.00167046765929629,0.00112149384524735,0.0014828623814632201,5.0051166207201e-4,0.00124982785084791,196,179,258,177,257,222,223,165,222,212,218,217,175,217,212,193,193,210,211,220,228,39,160,259,235,163,212,167,272,218
35660,0.00128559653031499,0.00125624225639431,0.00132205443668174,0.0011073367341418,0.001078111025313,0.0013615884510596,0.00136411667256291,0.00142857320088143,0.00119539257211058,0.00122207404119532,0.00144418637195493,0.00121423235235685,8.2258433180396e-4,0.00146426053292776,0.00127050945288314,0.00164335200001567,9.5142568978108e-4,0.00134269037623284,0.00130763516762623,0.00128886008766171,"Niles, MI",0.00151908129109107,0.00139451767852301,0.00143148166417821,0.00109870581891927,0.00114031695272137,0.00224309298034367,8.6517894195902e-4,0.00207151250022499,6.2590404748347e-4,0.0012868799077432,197,220,207,216,212,221,199,216,221,234,198,223,244,185,219,135,243,206,218,217,145,186,182,236,216,111,246,128,252,209
27180,0.00128491373518564,0.00125610435026412,0.00110537651978022,8.7666135711722e-4,8.5925420316315e-4,0.00153208606947684,0.00116605124598891,0.00136616506295329,0.001319871183049,0.00149545776633432,0.00197742237386558,0.00137135968866333,0.00162836580088464,0.00127114027031937,0.0012103736686625,0.00185529889077022,0.00145606036132026,0.00122489741181031,0.00129445127258861,0.00128358430956826,"Jackson, TN",0.0013334660874566,0.00186442112015275,0.00117618538576282,0.00151466136752483,0.00113863301750927,0.00118252518895365,0.00125633702172804,0.00107853721496716,6.4694833276999e-4,0.00120764536940057,198,221,245,254,252,193,229,227,198,185,138,197,151,219,230,121,182,234,219,218,161,136,208,180,217,214,195,214,248,228
41420,0.00128468323948561,0.00121036895273668,0.00154573832759773,0.00113582690257619,0.00138766436727974,0.00136456736973297,0.00140656148687031,0.00145537119426596,0.00114877967828039,0.00123233187089751,0.00172119459721666,0.00113397443594399,0.00131856972859234,0.00131705253940099,0.00136686949792263,7.6185952246261e-4,0.00182183729799318,0.00126491243843366,0.00133898147958639,0.00133265775428677,"Salem, OR",0.00254357513225291,7.4646737224709e-4,0.00116458278388773,0.0010510734822796,7.2918432736525e-4,8.8135421667311e-4,9.3665854476111e-4,0.00161273376327942,0.00136065368186534,0.00130249014955948,199,230,176,209,153,220,195,212,230,233,168,235,184,214,200,250,147,224,206,210,94,252,209,241,260,248,230,160,173,208
31460,0.00127940479286816,0.00102305206116901,9.3956130039668e-4,9.6698479918514e-4,7.9919700683042e-4,0.00129033940055215,0.00100877375499063,0.00137877311475666,8.6330876660222e-4,0.00130031019924418,0.00153178119013862,9.8023791355072e-4,0.00101367884766522,0.00141090825027341,0.0011485770628361,6.9634079054713e-4,0.00161457632848939,9.7807088734351e-4,0.00117158523028503,0.00118216033839839,NA,0.00103942214709307,0.00112116620318825,8.0977317082727e-4,9.9360712865093e-4,0.0017367804702498,8.3383769705248e-4,7.5913275075482e-4,0.0013775218395277,0.00102679327902953,0.00111518972276786,200,262,261,243,261,234,257,225,266,221,193,251,220,196,239,258,163,264,246,244,179,215,243,246,145,255,257,184,200,252
30340,0.00127891496876634,0.00145577597533938,0.00129383418939001,0.00114158305700024,0.00101809997660301,0.00148535958704744,0.0015037692684105,0.00176535775531137,0.00128076266972683,0.00179094358853008,8.2096564361624e-4,0.00143138635665098,0.00133277149150462,0.00165253532108386,0.0012952702621558,0.00108444060862443,0.00173118794620487,0.00160839229308191,0.001482287043122,0.00142476089225904,"Lewiston-Auburn, ME",6.3499392481584e-4,0.0010704785587635,7.4875717999187e-4,0.00142158776534286,8.625006716304e-4,0.00217177753978497,0.00132976740389718,7.7894840504567e-4,6.703226573246e-4,0.00136279506785198,201,181,211,206,225,203,185,155,206,143,264,191,180,160,215,206,154,166,186,193,239,221,260,191,251,117,187,247,246,198
16580,0.00126783914560122,0.00109030460779314,0.00119960346044441,0.00127474454072178,0.00139360657952702,0.00153815234736484,0.00187728419643173,0.00147855729065375,0.00181724203136834,0.00130645543303618,0.00110764539447342,0.00198567438032382,0.00166770158929436,0.00102950865483329,0.00169086767700579,0.0020058387680115,0.00147576806602916,0.00148133897978021,0.00149734265263941,0.00149615220219168,"Champaign-Urbana, IL",0.00107487976240818,0.00113228009622791,0.00189787493215026,0.00123786118375568,0.00172883195931188,0.00147535060943533,0.00202583372123694,7.1348564953218e-4,0.00508570588405423,0.00138047111312353,202,256,234,170,150,191,151,207,137,220,239,126,148,257,156,111,179,184,184,182,177,214,141,209,148,183,131,256,40,195
13460,0.0012539752264006,0.0015014731862765,0.00140239484003276,0.00145717571680318,0.00177488151870654,0.00128401663011791,0.00120594365815583,0.00138974619575732,0.00135159716355387,0.00148472038193333,0.00203704981153291,0.00140716684726778,7.6033232888692e-4,0.00152862781119653,0.00119758123537271,5.709545560431e-4,0.00100990482785159,0.00150678000993672,0.00134702416708544,0.0013169306097067701,"Bend, OR",8.2853072278136e-4,8.8179132641032e-4,0.00107115072408892,0.00114366717339914,0.00159758300357928,0.00127684536530456,8.9738391202261e-4,0.0010980548823633,5.4781794681602e-4,0.00142259686695342,203,175,194,147,119,235,219,222,190,186,134,196,256,172,234,274,233,178,204,212,202,235,217,228,163,204,242,212,264,184
42140,0.00124012748837136,0.00165896219570521,0.00212458763832243,0.00164176088989896,0.0021440734567894,0.00126485311437072,0.0012725757366766,0.00122596520969385,0.00140904289127222,0.00131196025860706,0.00209514122968462,0.00145190417562771,0.00145460697752418,0.0016961043504926,0.00118023759519475,6.5340117959916e-4,0.00170028327030442,0.0013741198807618,0.00137961706397985,0.00140119505932535,"Santa Fe, NM",6.3521226658373e-4,0.00137751143466152,5.9953422276741e-4,0.00282478417671681,0.00158442243941485,0.00106848927135404,0.00130237694765722,8.1934511545048e-4,0.00135950360014079,0.00145600108890967,204,149,115,129,94,238,209,241,184,218,126,184,168,155,237,264,158,196,200,197,238,189,270,92,165,227,191,243,175,181
49700,0.00123807623621137,0.00142850788189156,0.00120554098990248,0.00101191885617877,0.00113806623817661,0.00159492845996398,0.00130592609176724,0.00140608538120945,0.00121857716531163,0.00150238566002559,0.00142383900443317,0.00118645352735845,8.6277661138e-4,0.00138719376321305,0.00158608120352809,0.0011097564636683,0.00204195125434152,0.00124832153658361,0.00143491537724165,0.00142014771104623,"Yuba City, CA",0.00339054452543579,0.00292176101059441,0.00127557308491157,0.00123476159966158,7.2272059109144e-4,0.00146930602697148,9.0431351209007e-4,8.2888542080467e-4,0.0018668919620844,0.00139127161517216,205,190,233,236,196,183,206,221,214,184,201,228,239,203,170,203,131,228,192,194,74,83,196,211,262,184,240,239,136,191
27780,0.00122865694514152,0.00138233875648968,0.00151056543917166,8.5754916218369e-4,9.7240645674427e-4,0.00152941167773549,0.00107370034931818,0.00136737732182946,0.00127251144408066,0.00133874530421965,0.00237933053919643,0.00129835019308077,0.00138610987751922,0.00156917071422107,0.00105653940676911,8.7857621473892e-4,0.00141100847494281,0.0013886747424964,0.00127308508117934,0.00125255963502392,"Johnstown, PA",5.538898760484e-4,0.00139192257124425,7.5621450466684e-4,0.00123094396005297,9.7809267402982e-4,8.8245737553027e-4,0.00129099236215591,0.00337692432586115,0.00522137430249862,0.00114631183937148,206,201,186,258,231,194,247,226,207,216,108,210,174,169,252,238,192,193,224,223,250,187,257,213,239,247,193,70,36,245
17860,0.0012262679391816,0.00114679489070433,0.00166220075193143,0.0011398480966777,0.00113536319987411,0.00164845690480662,0.00275854803867706,0.00144665125582853,0.00175722030385325,0.00126214700538269,0.00106990056338744,0.00167732191824318,0.00230898542134633,0.00117203780573853,0.00181335457808082,0.00150186982744203,0.00125957852546884,0.00177191486477713,0.0016471568903938,0.00160929201061593,"Columbia, MO",0.00247416902176919,0.00291434766575154,0.00410032509903443,0.00252675515481412,0.00201243801994148,0.00150482995291411,0.00308550118471737,0.00171560075573871,5.7828537097191e-4,0.00155620434611346,207,241,161,208,197,173,96,213,145,226,243,160,104,237,144,150,210,149,166,168,99,84,48,104,129,178,79,153,260,172
14010,0.00121818362664439,0.00110271028875726,0.00125790450161935,0.0011631269184158,0.00101253546340104,0.00140710134562349,0.00152007191610084,0.00132675859339855,0.001349684185653,0.0011575353607703,8.1349237294462e-4,0.00130071923843118,0.0019916246506023,0.00115477108775693,0.00130232659204954,0.00106516477146197,0.00143814990072461,0.00141758050133919,0.00132271770229113,0.0013150431343016,"Bloomington, IL",0.00198334237891694,0.0013154406890706,6.784006466061e-4,0.00124511067767073,0.00158830508091788,0.0011258431678971,0.00146213561062995,0.00153752987910895,0.00147206954423823,0.00130581800826711,208,255,223,201,227,216,181,233,193,240,265,209,124,238,211,209,186,191,213,214,121,194,264,204,164,222,174,164,164,206
42100,0.00121513025090127,0.00129554514585409,0.00133220748572943,0.00135930141231402,0.00132233860019394,0.00125186548275538,0.00183342659324652,0.00126078120618419,0.00165293877036312,0.00113207093009086,0.00130267258861628,0.00153668326663352,0.00254299993597683,0.00111342559249067,0.00140730547850349,6.6278622199247e-4,0.00129303990770523,0.00142280736475804,0.00145598486032884,0.00138999428463705,"Santa Cruz-Watsonville, CA",0.00182087928151125,0.00110360516484819,0.00142949823728079,0.00250963103046901,0.00165156671502546,0.00173515108923062,0.00146511289128303,0.00170025388515375,0.00285518399663595,0.00137970145754211,209,215,204,158,164,241,153,239,161,245,214,175,89,248,191,263,206,189,189,198,127,217,183,105,156,158,172,154,88,196
20100,0.00120245854670235,0.00139499130099275,0.00141719773750083,0.00101261376367523,0.00134935953643986,0.0015440452645627,0.00113506151949485,0.0016445445836551,0.00108433934693182,0.00141574859851759,0.00169886746753455,0.00111495514193535,9.8951780112038e-4,0.00160417218302228,0.00132138992985849,0.00149915595113187,0.00113844256123641,0.0012822094771629,0.00136038413532379,0.00134022647235774,"Dover, DE",5.7288342139869e-4,7.4419531882408e-4,8.3863629438678e-4,0.00117164760419986,0.00123147278337958,0.00108886135879672,9.2658595022887e-4,6.3918819663265e-4,0.00130621491986041,0.00138140819930602,210,198,193,234,161,189,236,177,237,203,172,237,226,167,207,151,219,220,202,208,248,253,239,220,205,224,235,264,182,194
24140,0.00120242064006802,0.00156235901231354,0.00137765391225565,8.2142293873605e-4,9.2739184127274e-4,0.00146758957579773,0.00161498546734983,0.00160573172609988,0.00122966972997026,0.00154638679963701,0.00441302606037859,0.00121920428637463,9.9245301692852e-4,0.00120384491799661,0.00154653091361922,0.00206839922963204,0.00105167047013193,0.00115663514715015,0.00139805056428191,0.00135453738257465,"Goldsboro, NC",6.2699763979509e-4,0.00318981420620761,0.00265657228577017,0.00140027628416378,0.00136975270665657,0.00259426358180246,0.0011905720616582,7.1651638091174e-4,0.00101524230895033,0.00133104948883738,211,167,200,261,236,206,173,185,212,178,45,222,225,230,175,104,226,242,198,204,242,70,90,192,189,92,204,254,202,203
37620,0.00119794925612074,0.00108463432565177,0.00137854353670935,9.384590343122e-4,7.4617295939795e-4,0.00133693598982079,0.00110763000653799,0.00154750882892627,0.00100804015159956,0.001361418157717,0.00155630407198076,0.00105820853990321,7.0725150437379e-4,0.00136006178590671,0.00122958383655933,9.2525812144678e-4,8.7159402802404e-4,0.00126928482986565,0.00122384776523414,0.00120529098023255,"Parkersburg-Vienna, WV",5.8154391006006e-4,0.00102376212148244,0.00104724110459524,0.00114479831746865,6.7962629076112e-4,0.0015998518097338,8.1507008130376e-4,6.2541318611758e-4,8.6542882068165e-4,0.00116377820257419,212,257,199,248,264,224,243,196,250,210,187,246,271,207,224,234,251,223,237,239,247,228,218,227,269,171,254,267,222,240
39140,0.00119762519871772,0.00167614861293742,0.00240205015828175,0.00120226833776765,0.00138651151269966,0.0015435147964636,0.00165766068480045,0.00181749111891845,0.0013161479606655,0.00173737164053123,0.00156341985836312,0.00143890798712584,9.9642020466356e-4,0.00186190549957123,0.00131187717968113,5.8742236432307e-4,0.00105331877200234,0.00180636689912692,0.00151290944726275,0.00149939738726042,NA,0.00165754695458107,0.00137345915383949,0.00160055105767656,0.00204503424326955,0.00130284674809424,0.00135303551886917,0.00122536215796197,0.00107445346345621,0.0016485813555775,0.00145880163332139,213,147,98,188,154,190,167,151,201,150,185,187,224,131,209,272,225,146,180,180,131,191,170,134,195,194,199,216,150,178
44300,0.00119706480926456,0.00124283894243947,0.00126570994352149,0.00101269410360063,0.00141167140891743,0.00192309624886645,0.00337708969575039,0.00147378545674136,0.00228387538382058,0.00123504102671788,9.581857611238e-4,0.00254266325452718,0.00505540739821784,0.00101764631616981,0.00185945557285882,0.00115081846195541,0.00111173140776374,0.00191458157702459,0.00177197092101734,0.00178098692705335,"State College, PA",0.00829663780003257,0.00351694799628797,0.00259913031107155,0.00428557632997021,0.00436863969257962,0.00244007947326122,0.01014892014934621,9.5243779791644e-4,0.00151853728995613,0.00144771109524532,214,225,220,233,148,136,62,209,101,232,254,84,28,260,137,199,221,133,144,146,9,58,94,43,43,98,5,225,160,182
30620,0.00119233450240015,0.00129533384200287,0.00127051962377723,8.8072069106055e-4,6.1021318829896e-4,0.00132859466868829,0.0011390313524376,0.00140917484074194,0.00116376746084461,0.00147396055689146,0.00155057196778148,0.00134102971263163,8.7428949257804e-4,0.00124981580181059,0.00121084632177623,0.00129334413348235,0.00141346962290176,0.00120482366428743,0.00119919112179768,0.00118817436475005,"Lima, OH",8.6699196833503e-4,0.00109727243855986,0.00189833577588436,8.4902301034742e-4,0.0013393254688678,9.5701133137578e-4,0.00181205856385139,8.3338489414131e-4,0.00333402991594077,0.00114336987449966,215,216,219,253,277,226,235,219,228,188,189,204,238,223,229,179,191,236,242,241,199,218,140,258,193,240,142,238,68,247
40580,0.00119112564685367,0.00104924761389776,8.7067520438722e-4,7.8255769204538e-4,8.9637489649911e-4,0.00126055252895404,0.00103712730269205,0.00117167022482241,9.9877414796215e-4,0.00112138665438557,0.00195710366493445,9.3365516439772e-4,8.2572835566943e-4,0.00118873816043412,0.00122609839924768,0.00149821013037608,5.4667552906354e-4,9.4697476079255e-4,0.00113456273517194,0.00112386095597217,"Rocky Mount, NC",0.00377718518782003,8.6281179892614e-4,0.00209871176947982,8.7569958545296e-4,6.9561031698073e-4,0.00112723858914872,8.060773932746e-4,0.00329072405099767,5.0051166207201e-4,0.0011235261424064,216,261,269,268,245,239,252,246,251,247,139,260,243,235,225,152,278,265,249,253,55,238,124,256,266,219,255,73,272,250
19300,0.00118957703827081,0.00204978763899399,0.00254707708763425,0.0016567839952375,0.00213131434045309,0.00150097489197094,0.00162980968654606,0.0016806520199809001,0.00129994235879275,0.00182087720903814,0.00221482702443035,0.00132819733124637,0.00104868012839382,0.00235195262034211,0.0012194281657076,0.00096146366629045995,0.00102918883298568,0.00199352750196438,0.0015174138671632,0.00159218524571528,"Daphne-Fairhope-Foley, AL",7.264677213873e-4,0.00226286592351658,0.00109443634428515,0.00236621909565827,0.00131159940640876,9.2750716647224e-4,8.4389193164288e-4,0.00102505468779873,0.00128189838453481,0.00159522281725708,217,117,91,126,95,199,172,169,203,139,121,205,215,98,227,228,230,124,179,170,222,116,215,114,194,243,250,219,185,164
14020,0.00118538698677222,0.00124424285756289,0.00126348604745978,0.00141231399807309,0.00111467209630267,0.0018860451605422,0.00309685963139354,0.00186248175207248,0.00221155329073052,0.00136021782745715,0.00138924941761993,0.00247106308472057,0.00456038494975823,0.00101994099550899,0.0019769144680809,0.00131061293570831,0.00149528820674728,0.0019532002365608,0.00184900745150523,0.00180925602838512,"Bloomington, IN",0.00649717060603459,0.00201212007084124,0.00245794534366009,0.00561177425312025,0.00272659519782432,0.00177051523422833,0.00578822805810933,0.00351960738783745,0.0015265039073957,0.00155827594103262,218,224,222,152,200,143,79,147,106,211,207,88,39,258,123,175,177,129,133,138,16,125,105,24,89,155,24,67,158,170
31900,0.00118314494620744,0.00144670265711014,0.00159355900762362,0.00131368796525846,0.00101904794291012,0.0014017570601947,0.0011584184855041,0.00116930896967606,0.00135052871933136,0.00115878008118673,0.00190273035996628,0.00134731471165556,0.0013571259097685,0.00148661225980598,0.00125471147234313,0.00129193212089947,0.00122959982416581,0.00135893009576056,0.0013205770829673,0.00130670645667247,"Mansfield, OH",5.538898760484e-4,0.00125621852853175,0.00189414552912361,0.00154235393509031,0.00112484393828177,9.6641283722331e-4,8.8744700160899e-4,0.0025420665826365,5.0051166207201e-4,0.00125348707915765,219,184,171,163,224,217,232,247,192,239,148,202,177,182,222,180,211,202,214,215,250,200,143,178,221,239,244,101,272,215
45940,0.00118074863446302,0.00113773221790174,9.0320904379558e-4,0.00113535358936937,0.00139161970866287,0.00122359116526547,0.00119091947784973,0.00110286852698091,0.00121608326869913,0.00118836214490551,0.00104492537136462,0.00126597166859744,0.00162327283648214,0.00109774459178897,0.00121864104313507,0.00139689111960867,0.00180141040978954,0.0010177554509115,0.00120124543252819,0.00120619791714591,"Trenton-Princeton, NJ",7.0255481798258e-4,7.0235106036193e-4,0.0021362642013158,0.00122124876267694,0.00123992835636798,0.00128783521073292,0.00142024854027134,0.00116813574422184,0.00139906509919442,0.00119083331863882,220,246,265,210,151,246,222,253,217,237,248,218,152,252,228,164,148,256,241,238,227,262,121,215,204,201,179,206,168,230
41140,0.00117901919770265,0.00135346502144563,0.00101418816578722,0.00101247973366651,7.0413601342004e-4,0.00151617614953044,0.00122460031203223,0.00157565812521075,0.00118080000799952,0.00152209452874564,8.4968218718461e-4,0.00127602927189674,0.00154890155073534,0.00119056655890306,0.00141405039868089,0.00117635295413252,0.00320450434085033,0.00133185394358909,0.00132353628695362,0.00129525502812857,"St. Joseph, MO-KS",0.00463638001149125,0.00431571769292914,0.00249562892608994,0.00103143558428425,8.8592953829331e-4,0.00116927202502736,0.00148558232498166,0.00141288664352662,8.3879248034832e-4,0.0011857168714492,221,206,255,235,268,197,215,188,223,182,260,215,159,233,190,194,67,209,212,216,32,40,103,243,248,216,169,179,228,234
29940,0.00117889786552066,0.00126405882948802,0.0010974960504494,0.00124738724015207,0.00121227911237325,0.00163309878299393,0.00277282794063759,0.00144613260206288,0.00173947032040486,0.00143919185727151,0.00247086988838853,0.00170930229138911,0.00290588062473082,0.00104798916752159,0.00186709680829168,0.00136007125632655,9.2920959186316e-4,0.00181804788172552,0.00165229753788934,0.00165428516731839,"Lawrence, KS",0.00446737200582968,0.00143047179673319,8.1648051973728e-4,0.00292745882901728,0.00150976913641852,0.00157928968721407,0.00545139066075363,0.00706807507793496,0.00514073200437273,0.00162644617743448,222,219,247,175,185,174,95,214,148,196,103,158,77,254,134,169,245,144,165,164,38,181,242,84,176,172,30,15,37,155
43100,0.00117441896689072,0.00141773010581424,0.00152227010810957,0.00109178521823337,9.9619550153129e-4,0.00131473736631238,9.1795667657841e-4,0.00132244168732627,0.00121362189277056,0.00131260434672515,0.00143131372214541,0.00110702574311702,7.7934303204767e-4,0.00123103046091806,0.00124747850551009,0.0010499987367241,0.00100792410740578,0.00111480440610545,0.00117337067841408,0.00115737620530067,"Sheboygan, WI",5.9799754422479e-4,6.0506177832183e-4,0.00100703006346544,9.8158652075624e-4,0.00160818816550508,7.429931463185e-4,6.6215092998476e-4,9.0090005318207e-4,0.00172373234080041,0.00118693298477074,223,193,182,219,229,229,268,235,218,217,199,239,253,226,223,211,235,246,245,250,246,270,222,248,159,264,272,232,143,232
25940,0.00116996706471234,0.00154516412317586,0.00165823866870846,0.00121784300471087,0.00164368562648177,0.00114068150822679,0.00127989752644789,0.00121959549457707,0.00107394909117315,0.00124578883740706,0.00230894835528576,0.00105111968341368,9.8634882308814e-4,0.00143233003518363,0.00120009191101676,0.00120399434577183,9.1302414451613e-4,0.00132848759332405,0.00120194832209841,0.00122427966865418,"Hilton Head Island-Bluffton-Port Royal, SC",6.4478247273332e-4,6.623804331858e-4,0.0011095456442689,0.00132810569139044,0.00135619402061562,0.00128297742060918,0.00103711196872701,0.00137534093042514,9.5364943161521e-4,0.00123612495989348,224,171,163,181,131,253,208,244,241,230,115,249,228,190,233,191,247,211,240,232,236,265,213,198,190,202,222,185,211,223
34620,0.00116495591402999,0.00167039125600063,0.00153165736160009,0.00102218279046787,0.00115999019705095,0.00178048485672882,0.00233206879493295,0.00149367465458854,0.00177668397975164,0.00143456234634717,0.00127483769412521,0.00193986239668411,0.00287626200873865,0.00141794315615239,0.00163978802017302,0.00166273309260262,8.8506357701575e-4,0.00182177770645439,0.00175857435078702,0.00167067070533546,"Muncie, IN",6.2468926270516e-4,0.00188846655302877,0.00213165298217042,0.00310259351086941,0.00401035650357491,0.00177893257569694,0.00410388529441383,0.00446575396948375,0.00798582619173417,0.00152820687568739,225,148,181,232,195,153,119,205,143,199,217,131,78,194,165,133,249,143,147,160,243,132,122,73,47,154,50,42,13,175
27620,0.00116430157866978,0.00124702742973725,0.0012305468171291,0.00103734209952626,8.7267865928065e-4,0.00141242814206948,0.00111084655629414,0.00155352613506497,0.00116040693978914,0.00138515206782707,0.00108918943594778,0.00114529080675384,0.00133578637228509,0.00127112497792977,0.00122537062465148,0.00115014049219156,0.00154524978484485,0.00133570150178842,0.00127663531675005,0.00122981815014407,"Jefferson City, MO",7.4100482122806e-4,0.00239962145386836,0.00255577982601035,9.4430929682838e-4,0.00135044583791836,8.1875893573515e-4,9.0345654368273e-4,7.1489989609906e-4,0.0022307610555542,0.00123194920227835,226,223,230,228,248,214,242,195,229,206,240,233,179,220,226,200,169,207,223,229,215,107,98,253,191,258,241,255,115,224
26140,0.0011642365174088,0.00141965121340663,0.00171878324641127,0.00100912152636159,0.00141517529041622,0.00133479291790903,0.001174590105559,0.00112196411919557,0.00106487618057025,0.00114810256273845,8.2716312431224e-4,0.00121383234185793,7.5713847562237e-4,0.0016958345211803,0.00105864436427599,6.0253558557094e-4,0.00135566205485993,0.00148956236612867,0.00122739755380432,0.001247647239179,"Homosassa Springs, FL",0.00429518401034227,0.0010292985580957,0.00266771103491642,0.00160637257689891,0.00118949951980875,0.00222395267700292,0.00119996089193886,0.00144945513045837,0.0013933619980827,0.00113869828650511,227,192,154,237,147,225,227,252,245,243,263,225,258,156,251,271,200,182,234,225,43,226,88,168,209,113,202,168,169,249
48300,0.00115015189004208,0.0011874772817575,0.00135834539816621,0.00124864173469048,0.00110700339387747,0.00119519947116562,0.00109959456950403,0.00196542372586071,0.00108346891979826,0.00154451374141842,0.00106279592306619,0.00126503175120555,9.8884810433984e-4,0.00123872158293252,0.00120731509525774,0.00161276679812541,7.2202698756645e-4,0.00121132081248875,0.00122629849381773,0.00118560794825647,"Wenatchee-East Wenatchee, WA",0.0014376414732776,7.874880243959e-4,0.00187728460333958,0.00175759244492958,0.00244292070663109,0.00132214022930222,0.00106646155892124,0.00144482264223909,0.00101054846531109,0.00111179441891731,228,234,202,174,204,250,244,133,239,179,246,219,227,224,232,141,263,235,235,243,149,246,144,157,102,197,216,169,203,253
22380,0.00114458004475436,0.00108109322199651,9.831138527032e-4,0.00108390372314764,0.00118323948616797,0.00125914982013735,0.00211376675573655,0.00116571590633992,0.00173160107327666,0.00100082714264895,8.0000688385514e-4,0.00164035284336494,0.00534896001238997,9.7558364746957e-4,0.0011925540453205,9.3774502579473e-4,0.00115314424776221,0.00151912780130905,0.00150910995345692,0.00140221684567742,"Flagstaff, AZ",6.7480003524413e-4,0.00111274810357612,0.00307808598340505,0.00148479744311595,0.00198004713406077,0.00202983044126385,0.00365089338543275,0.00165953334986214,0.00172651048849222,0.00136208621128071,229,258,257,220,190,240,133,248,149,263,266,161,22,264,236,232,216,174,181,196,233,216,79,185,131,130,58,159,142,199
37460,0.00114099843431856,0.00114488256712885,8.9652461696054e-4,0.00121806597396926,9.3902083640211e-4,0.00100868755001536,0.0012024586483181201,0.001497595061573,9.356672510997e-4,0.00109210291100329,0.0011313573563136,9.0600209721003e-4,6.8776484506819e-4,0.00115215730929758,0.00103716587101862,7.7411711029592e-4,8.7885764144559e-4,0.001161816914964,0.00108521497017241,0.00104693154093163,"Panama City-Panama City Beach, FL",5.538898760484e-4,6.8049719489992e-4,5.2477611637937e-4,0.00111844504380853,0.0010086734026538,6.8135787917511e-4,0.00115970055626896,4.9384981318862e-4,5.9722328995709e-4,0.00115643672269939,230,243,267,180,233,264,220,203,261,253,237,264,274,239,254,247,250,239,257,257,250,263,279,234,234,269,208,276,255,241
48660,0.00113681233682324,0.00127476718836186,0.00126550015808364,9.8363541347203e-4,7.8107556363427e-4,0.00141199770659707,0.001557921322727,0.00132522709271213,0.00135782561741248,0.00135323211589563,0.00121252844765233,0.00132428258385122,0.00175378447969475,0.00119036553669155,0.00130017903507788,0.00161140967062685,0.00154312606268538,0.0015051184248583301,0.00130911579469432,0.00131757416069833,"Wichita Falls, TX",0.00113300245633675,0.00154569047910924,7.5838478764738e-4,0.00113366460185548,9.4473126376695e-4,0.00126433173049472,0.00131218043290725,0.00376992024858889,0.00136031341102215,0.00141757604451721,231,217,221,242,262,215,180,234,189,213,227,206,144,234,213,142,170,179,217,211,174,166,256,232,244,205,189,58,174,186
11500,0.00113368449412106,0.00143122324948332,0.00151760671978302,9.8401267891675e-4,8.5617051742365e-4,0.00152704786864983,0.00139574153845567,0.00157121361895106,0.00140917968305797,0.00125756050594232,0.00138074743147117,0.00136691686019004,0.00154404882032687,0.00139301509004701,0.00133280221130708,0.00131301530732398,0.00244820641346028,0.00137842172607691,0.00134228493454534,0.00138044537336244,"Anniston-Oxford, AL",5.538898760484e-4,8.19552627463e-4,0.0022837370688107,0.00163180534602991,0.00210225572603496,9.2491232393018e-4,0.0010640895307958,0.00329072405099767,0.0016766143704119,0.00130449789190584,232,189,184,241,253,195,196,190,183,228,208,200,160,201,205,174,101,195,205,200,250,244,114,165,122,244,217,73,149,207
25500,0.00112882821357998,0.0010736879672815,0.00135410656441703,8.3406549205031e-4,0.00106478072219587,0.0015024167868285,0.00200219338251647,0.00128146014603584,0.00135084797823721,0.00108240286762765,0.00117887619318884,0.00150774891439134,0.00147870379119288,0.0012037862362984399,0.00143258412053694,7.7308306184906e-4,0.00141792565551529,0.00147940130841823,0.00135434866048026,0.00135527376783603,"Harrisonburg, VA",0.00455115217824632,7.5479004580578e-4,0.00310530174762374,0.00312176040326042,0.00119581942147779,0.00166571473552679,0.00328900039525225,0.00228313321875861,0.00203995332519303,0.00120158714526825,233,260,203,259,216,198,140,238,191,256,230,180,165,231,188,248,190,185,203,203,34,251,78,72,208,164,68,113,124,229
40980,0.00111943837569586,0.00123227512946836,0.00116155356978174,8.0696352544025e-4,0.00105704081245462,0.00129443428183674,0.00106096446596877,0.00122546605845636,0.00116646253426379,0.00121043719117731,0.00121536326522444,0.00115976472849097,0.00124075925303219,0.00125718587680145,0.00106856374369205,0.00126960266157909,8.0871623851313e-4,0.00114314375666515,0.00116461649056716,0.00115873053229459,"Saginaw, MI",9.7411998521508e-4,0.00170194956417528,0.00124561176634403,0.00109635747766424,0.001008408629397,8.9979947589169e-4,8.1618210256535e-4,8.3846050574816e-4,7.7171277343182e-4,0.00114532771146218,234,227,240,265,218,233,248,242,227,235,225,230,197,222,249,182,255,243,247,249,188,152,197,237,236,246,253,237,237,246
22500,0.00110491590206059,0.00132028696250322,0.00119141059583867,7.7198065066966e-4,0.00117079115975603,0.00142339835433045,0.00117991820432829,0.00179020557572084,0.00100810737726536,0.00163110318590593,0.00120813013959442,0.00115888347682565,0.00102619773341338,0.00153684633818378,0.00112141071799034,0.00143711398959063,6.7486618232251e-4,0.0011615286823524,0.00123234998122219,0.0012394109795499,"Florence, SC",5.538898760484e-4,0.00117083226787493,8.5417474200935e-4,9.6370185502333e-4,0.00119621571712213,7.0220786972173e-4,6.9049046607575e-4,8.8868538284888e-4,9.8000354123378e-4,0.00118589616504099,235,210,238,271,191,211,224,153,249,163,228,231,217,171,244,159,268,240,231,227,250,207,237,252,207,267,267,233,209,233
20940,0.00109369838524622,0.0011977266573747,0.00101677285446017,0.00121731901594294,0.00112476918874806,0.00118378480308704,0.00116500471006406,0.00123659684161331,8.3420155075658e-4,0.00123940258743999,0.00141672402560651,8.3059553543193e-4,7.3504572101427e-4,0.00134071846656718,0.00133482810808313,6.6795525764891e-4,0.00172249814956865,6.9849231215784e-4,0.00109729995962344,0.00117766700251094,"El Centro, CA",0.00285299563370064,0.0012656894765323,6.0692969850195e-4,0.00116013813667615,0.00186884455065564,7.637013459058e-4,6.3843289497072e-4,9.3303679888531e-4,0.00115252381148497,0.00115520685689353,236,232,254,182,199,251,230,240,270,231,202,269,263,211,203,262,156,275,254,245,85,199,269,224,141,261,274,227,194,242
41660,0.00108958570054995,0.00129756188497468,0.00122764983009458,0.00118743853573559,8.7205325853233e-4,0.00127045334828525,0.00119873441141523,0.0010675988851217,0.0012561380674467,0.00101407823714963,0.00102787158855048,0.00105620596368347,0.00134915177071926,0.00121881799189849,0.00116875535245533,8.9826885776359e-4,0.00178722935956893,0.00116893764023018,0.00119331580373691,0.00121013144795082,"San Angelo, TX",9.3782981882898e-4,8.4167106578876e-4,0.00102744219962883,0.0016259177849456,9.8118574309297e-4,9.5143401078858e-4,0.00161881335496796,0.00126926994846925,6.4417821931513e-4,0.00122713363026678,237,213,231,193,249,237,221,255,208,262,249,247,178,228,238,236,149,238,243,237,191,242,220,167,238,241,158,193,250,225
45060,0.00108852532849593,0.00113403571434837,0.00107487667829821,0.001163236678217,0.00122980351411915,0.00124434418058497,0.00121342314870159,9.8897506522941e-4,0.00151978048712924,0.00108787260204117,0.00106553539850603,0.00156364508733687,0.00252409402973968,0.00115165612535537,0.00105920014601103,0.00104377191060366,8.2057986524877e-4,0.00139169447559896,0.00124521275879669,0.00122348498626193,"Syracuse, NY",0.00164141562385434,0.00116554920400544,0.00136041143578365,0.00146965572672525,0.00156038872387688,0.00144569530921309,0.00215896533640736,0.00115092603173051,0.00135758458382466,0.00114792907719232,238,247,251,200,178,243,217,263,176,254,245,172,90,241,250,214,253,192,229,233,133,209,191,187,167,187,124,209,177,244
17420,0.00108833333570402,9.950685798214e-4,9.518461016038e-4,8.658379875555e-4,8.1037290075041e-4,0.00106326703048722,0.0011249542622103,0.0014398115206813,9.4735860203272e-4,0.00163904269045143,0.00126784684170329,9.5743101270683e-4,7.6019309498419e-4,0.00122677929267927,9.4808127207327e-4,0.00115468433061564,8.0728366828289e-4,0.00111616235253329,0.00108972010497593,0.00102965415230983,"Cleveland, TN",5.538898760484e-4,7.8632348615334e-4,5.934778154404e-4,0.0010132107090427,4.9095262118372e-4,5.1285833683284e-4,7.4274269738136e-4,5.8483383668845e-4,5.0051166207201e-4,0.00104247365143821,239,266,260,255,259,259,237,215,260,162,219,255,257,227,265,198,256,245,256,260,250,247,271,244,280,280,259,270,272,257
20700,0.00108551614350466,0.00101983566752688,9.0077056921149e-4,8.2963090087664e-4,6.9572385089861e-4,0.00109888329500141,0.00103545148381025,0.00103086873401305,8.4338097990519e-4,0.00118081687616527,0.00106586127877903,9.3450918870756e-4,6.6828458297392e-4,0.00110772185670299,0.00104061085052243,8.8764846093877e-4,0.00134484384269236,9.9140064985967e-4,9.8978827121967e-4,0.00100224075399374,"East Stroudsburg, PA",5.538898760484e-4,0.00115829726857118,0.00123988875905475,0.00104414763554225,6.0984901085817e-4,8.5142002113704e-4,0.00107315879576537,0.00108662233010922,8.0686004692576e-4,9.4915620632703e-4,240,264,266,260,269,256,253,262,267,238,244,259,275,249,253,237,203,261,263,264,250,210,199,242,274,251,214,213,232,266
18880,0.00108377078501803,0.00132293645258695,0.00128591367269276,0.00116338826434218,0.00108535064633224,0.00130646176820777,0.00112147107528288,0.00164850502900003,0.00104111758345408,0.00145886532808565,0.00306169551423806,9.518706810156e-4,0.00109424204629216,0.00140309710661495,0.00113578811270701,9.19483635494e-4,9.2426083518575e-4,0.00136128679719761,0.00128464555484936,0.00122241343050667,"Crestview-Fort Walton Beach-Destin, FL",0.00107582752803385,0.00126956931251708,9.1726381116245e-4,6.7145692401617e-4,8.6076220819046e-4,0.0022601464136625,0.00113962716427736,6.5373555924264e-4,0.00345145396019901,0.00125748993551385,241,209,213,199,210,230,238,176,246,192,75,258,210,199,240,235,246,201,220,234,176,198,233,272,252,110,210,262,65,213
27860,0.00108098085416811,0.00112938604696361,0.00106689158487014,7.9310140761748e-4,8.4732894538051e-4,0.00123552702664113,0.00144819794026578,9.0697624031199e-4,9.2290298656654e-4,9.2200214596629e-4,0.002560463380488,7.976298225299e-4,7.4263071446401e-4,0.00112409396019169,0.00129050782210296,0.00138993113650861,4.8805069601348e-4,0.00110227555532127,0.00120544851991553,0.00117035973542933,"Jonesboro, AR",0.00369040721281756,5.4984696187715e-4,4.9820026597709e-4,0.00391975799812512,0.00326826596776198,6.7247889969285e-4,7.0489942212676e-4,4.9384981318862e-4,5.0051166207201e-4,0.00133888784151028,242,249,252,267,255,244,191,266,262,267,100,272,260,244,217,165,281,248,239,247,57,276,281,48,69,271,266,276,272,200
42680,0.00108059189744532,0.00147184144284077,0.00231252715159271,0.00141285492514321,0.00121646520462552,0.00124900425816293,0.00117388362182755,8.8282863670195e-4,0.00108805812064647,0.00107854498040441,0.00137610834356098,0.00114025143219284,7.9410327882493e-4,0.00177638727921535,9.5447939431602e-4,0.00128727437814329,0.00101862379456248,0.00137344357197155,0.00115901348603517,0.00125275023042925,"Sebastian-Vero Beach-West Vero Corridor, FL",0.00369040721281756,0.00282125888499405,0.00136192723771444,0.00156989201927447,0.00178456809162501,0.0014614438577259,7.3385135266296e-4,0.00142578208448144,9.908855805951e-4,0.00117683147033749,243,178,104,151,183,242,228,268,236,257,210,234,250,144,262,181,232,197,248,222,57,86,190,171,144,185,262,174,205,236
13980,0.00107409348026283,0.00137383256744795,0.0011377983704467,0.00104630094646477,0.00116250917269114,0.00170396811904088,0.00272985205646553,0.00138330013295326,0.00181530735628639,0.00110665843034912,0.00128378750234696,0.00191691304037038,0.00257001718006355,0.00101648043030001,0.00178493110224751,8.4631223198627e-4,0.00115610805641004,0.00186588924989146,0.00155604915542768,0.00158156830513138,"Blacksburg-Christiansburg-Radford, VA",0.00202938825775974,0.00175872024038595,0.00291312077899247,0.00299134124080029,0.00187632782105509,0.00215471922284711,0.00316212940513347,0.00127235472655677,0.00314621119709328,0.00133217172104054,244,202,241,226,193,165,97,224,138,250,216,134,88,261,147,239,215,139,173,172,118,147,82,80,140,119,75,192,77,201
38340,0.00107334642384177,0.00125581358070748,0.00128893832047467,0.00105142021237111,0.0011612299909619,0.00120125442692043,0.00133106378391401,0.00122477600522428,0.00125038504921458,0.00128118004893367,0.00141258122120367,0.0012139747809517,0.00126550619179439,0.00140685215909888,0.00100028371103516,9.7945939240194e-4,6.8894412090726e-4,0.00127576262999349,0.0011759943274854,0.00117398919299044,"Pittsfield, MA",5.538898760484e-4,7.3170915164084e-4,9.6189994661809e-4,9.6413870615625e-4,0.00152270088437707,0.00179963593750764,7.351917484154e-4,0.00889046620940559,0.00353702045909637,0.00121494016841647,245,222,212,225,194,248,202,243,210,224,203,224,194,197,260,226,265,221,244,246,250,257,226,251,175,153,261,4,62,227
25620,0.00106996097318286,0.00116808001174016,9.2009678894558e-4,0.00119288019368795,0.00119920612468225,0.00138442590153408,0.00114532277154926,0.0017355135375668,9.6439440044042e-4,0.00146609061093832,5.1501057793729e-4,8.5995186148192e-4,7.3551402533739e-4,0.00126027411811694,0.00142949368556086,0.00161959284647828,0.00166731752775455,0.00122650621961893,0.0013275279823793,0.00127748826330588,"Hattiesburg, MS",5.538898760484e-4,4.9073019380156e-4,0.00129555440726652,0.00264282853853912,5.0029555188705e-4,6.8769053397743e-4,0.00161770759108191,0.00329072405099767,5.888049888927e-4,0.00125305324072986,246,237,263,190,188,218,234,161,258,189,281,265,262,221,189,140,159,233,210,219,250,282,195,101,278,268,159,73,256,216
27740,0.00106655395035621,0.00123241728209779,0.00180303209365987,0.00119285767004869,0.00127770844171069,0.00119552197543009,0.00130718100718981,0.00130408746799034,0.00134029796870773,0.00127167729854435,0.00138993460010319,0.00127264293973549,0.00118923358834201,0.00120439235109732,0.00130615623644639,0.00171971399811965,8.1668156454724e-4,0.00133499898440309,0.00122887088040495,0.00122745340177932,"Johnson City, TN",0.00369040721281756,5.8815363037707e-4,0.00452388899579812,8.7333599124028e-4,0.00344361040506583,0.00216570868847298,7.5617693844452e-4,4.9384981318862e-4,5.1786144378782e-4,0.0012263172275934,247,226,139,191,170,249,204,236,194,225,206,216,202,229,210,129,254,208,233,230,57,274,42,257,59,118,258,276,270,226
12220,0.00106133873241781,0.00136983881567913,0.00133075923900347,0.00103603846208361,0.00125842735268329,0.00143043255419031,0.0019218000951445,0.00146826225552135,0.00133434581099109,0.00119861884523512,0.00140555717771534,0.00152716094418684,0.0015753147254747,0.00144775523122096,0.00129150639921355,0.00133085277811189,7.4212445660044e-4,0.00150110521974481,0.00136325173292392,0.00137968855068228,"Auburn-Opelika, AL",5.6571027641408e-4,0.00109575569683084,0.00121835460767004,0.00273062100660164,0.00169086631375811,0.00155697398271503,0.00260510499282282,0.00173945403348498,5.5675504749003e-4,0.00127814104632852,248,204,206,230,174,209,146,210,196,236,204,177,157,188,216,172,261,180,201,201,249,219,203,93,152,175,97,151,262,210
30020,0.00105838199240602,0.00100176159075034,9.9637601989721e-4,8.852341338909e-4,9.2922851403939e-4,9.8726389119773e-4,9.7057819112079e-4,0.00112945650259657,8.0539136185191e-4,0.00109772703203493,6.9122898720976e-4,8.3498013883652e-4,9.2346721369465e-4,8.3141811266061e-4,0.00108875693677162,0.00108556858208428,0.00239194291013733,9.8058239186764e-4,9.551687665758e-4,9.7306499865795e-4,"Lawton, OK",5.538898760484e-4,7.4188676671274e-4,9.333279613249e-4,6.3292228999021e-4,0.00167745948806389,0.00457508923256759,0.00114640311471915,6.2557703001041e-4,5.0051166207201e-4,9.2693298145962e-4,249,265,256,252,234,267,262,250,272,252,274,268,235,271,246,205,106,263,266,266,250,255,230,274,153,41,209,266,272,267
23460,0.00105533070243794,0.0011143024744258,0.00113513584360651,7.7814743334039e-4,0.00109532574872226,0.00116436097525089,9.6125829578114e-4,0.00147728918046294,8.6446519294777e-4,0.00115204940400934,9.0161974823708e-4,9.3224375067028e-4,6.6394733614665e-4,0.00120338432978279,0.00101986512259277,0.00114992363079404,9.8380225029813e-4,0.0011075628431736,9.8385916284413e-4,0.00105541281424239,"Gadsden, AL",0.00369040721281756,5.1167237545958e-4,7.879000554233e-4,9.7043905017554e-4,7.2686171893007e-4,0.00103780945813648,6.8100572746757e-4,4.9384981318862e-4,0.00333402991594077,0.00113888264958988,250,253,242,270,207,252,264,208,265,241,256,261,276,232,257,201,239,247,264,256,57,280,250,249,261,232,269,276,68,248
24020,0.00104571654715205,0.00116821802414094,0.00104494512587761,9.6690340054876e-4,8.8693613253055e-4,0.00104923787768728,9.5945944860496e-4,0.00105243274713279,0.00103029698420608,0.00104132529667668,0.00123918632444937,9.7024467491843e-4,7.2658652027807e-4,0.00115213683846491,0.00102285921340781,7.1220859544421e-4,9.0268366892199e-4,0.00107896301244308,0.00102619244354514,0.0010030286796608,"Glens Falls, NY",8.1905123425798e-4,8.695939552183e-4,0.0018505779606545,7.0450233458119e-4,0.00113812411824012,8.2086592481692e-4,6.7389031189253e-4,0.00122983234089525,7.5282048752369e-4,0.00104021621390046,251,236,253,244,246,260,265,260,248,259,221,252,265,240,256,255,248,251,259,263,204,237,146,270,218,257,270,197,241,258
30140,0.00104102257364444,0.00153421740800747,0.00148629552121402,8.6452649748064e-4,9.8586728282509e-4,0.00141417445953316,9.9756608577799e-4,0.00142019116768365,9.9494073148321e-4,0.00145925999471639,0.0013797699173601,0.00117873498958085,6.9364588193194e-4,0.00139231646144839,0.00136154589333279,0.00133194834849175,0.00119622543286745,0.00115849073127842,0.00125842890294672,0.00124815765144546,"Lebanon, PA",0.00369040721281756,6.2625451426922e-4,0.00192985064909895,0.00115774122624689,0.00105583744226812,0.00115715168025774,6.8868797118449e-4,7.2222422115609e-4,5.477515037969e-4,0.00114818961502955,252,172,188,256,230,213,259,218,252,191,209,229,272,202,201,171,214,241,225,224,57,268,133,225,228,217,268,253,265,243
29100,0.0010373430222835,0.00113898296831169,0.00128053289444042,0.00112692128834664,0.00100575722549333,0.0015342923247647,0.00166845431497535,0.00148606100317277,0.00181124175059646,0.00126019655058411,0.00113936811878966,0.00171213948469707,0.00176236273050845,0.00107894284698541,0.00159912131239931,0.00148975426481679,7.8631022510385e-4,0.00152058783546495,0.00138588253991394,0.00141419993083018,"La Crosse-Onalaska, WI-MN",5.538898760484e-4,0.00188211164358271,0.00228791828351173,0.00148610044063579,0.00146565512386858,0.00193682961916894,0.00167262090525337,0.0023193873158198902,7.2856410083306e-4,0.00133192958512967,253,245,215,211,228,192,166,206,139,227,236,157,143,253,169,154,257,173,199,195,250,133,112,184,182,140,152,109,244,202
39460,0.00101218347809345,0.00161118431879147,0.00207845221534255,0.00120541268084012,9.1949487857982e-4,0.00127128712805276,0.00142283785185727,0.00106080633854171,0.00117936939776264,0.00113048527354974,0.00160715145820656,0.00131194174959833,7.7998887951752e-4,0.00180310700269049,9.5360245298175e-4,0.00101546682132889,0.00128035206264561,0.00137135648039737,0.00121087093594225,0.00126854299633709,"Punta Gorda, FL",8.0599076583923e-4,0.00227726610080865,0.00917639037454256,0.00156872530098733,0.00192858672687541,0.00136804080508849,9.7511535683215e-4,0.00275242846261064,0.00264764980106726,0.00116667520660541,254,154,119,186,237,236,193,258,224,246,176,208,252,138,263,219,208,199,238,221,205,115,4,172,137,192,227,94,97,238
34580,0.00100627844432906,0.00114937107162244,7.7110184502955e-4,8.5869392907085e-4,8.0221499396858e-4,9.678872150458e-4,0.00102002962296869,7.8979085869225e-4,0.00107074068671869,8.4669364235389e-4,0.0011415429460029,9.1006974500794e-4,8.1453574338191e-4,0.00104296208382668,8.5572292914805e-4,0.00159918669034678,9.8159949551094e-4,9.2560069444839e-4,9.2869858821887e-4,9.296096961845e-4,"Mount Vernon-Anacortes, WA",5.538898760484e-4,0.00330051086164176,5.054258681017e-4,0.00328655397786713,5.7147179752351e-4,0.00104338156261252,0.00198980668460094,5.1506242706995e-4,5.8876661811775e-4,9.8691721213269e-4,255,240,273,257,260,269,255,270,243,270,235,263,247,255,269,144,240,267,269,268,250,66,280,65,275,229,135,273,257,265
19500,0.00100546834072456,0.00114590611427054,0.0014522665285007,0.00110195212644815,9.0312665270345e-4,0.00120832980496501,0.00103047590715629,0.00134736461905794,0.00113769827505658,0.00134598436454093,7.6844580998973e-4,0.00121122623554282,0.00116369829327173,9.7062326057105e-4,0.00135523271273061,0.00137804074324311,0.00136530005939802,0.001090184732751,0.0011156171915369,0.00113424898737728,"Decatur, IL",7.5352907623355e-4,8.5517299651617e-4,8.6815916340323e-4,0.00391257413825905,0.00118574391745861,0.00106154096242671,0.0010707271862373,5.5390546068077e-4,6.3787187893198e-4,0.00107074774341115,256,242,190,218,242,247,254,230,231,215,269,226,205,265,202,166,198,249,252,252,213,239,236,49,210,228,215,271,251,256
12700,9.8799405669335e-4,0.00129662312892511,0.00189529258845323,0.00128273820864511,0.00150931133957507,0.00108642716842906,9.0954575699328e-4,0.00103220756241185,0.00112434133117535,0.00113522927639704,0.00187553754853704,0.00114746259282849,7.1182238968861e-4,0.00163052042032732,8.5451765944734e-4,7.7962950880547e-4,6.2061242691949e-4,0.00131531206077288,0.00111257378829877,0.00111675948756357,"Barnstable Town, MA",7.3533861461346e-4,0.00225538598471405,0.00187664911227878,7.7466128705663e-4,0.00115991468219446,0.00112711344607346,9.2926712336123e-4,0.00113845829945779,0.00158302419896997,0.00109867090488842,257,214,128,168,139,258,269,261,233,244,152,232,270,165,270,245,274,216,253,254,220,117,145,265,213,220,232,210,153,254
15500,9.874450311462e-4,0.00117849436221113,0.00113325244541069,9.1521155944666e-4,8.7274475685455e-4,0.00113172336128436,0.00117835654829826,0.00106639923492259,9.5151421073467e-4,9.933312470597e-4,0.00100975087850955,9.5465139852824e-4,9.4488735105592e-4,0.00114998704802191,0.00108411943510282,0.00106630061868022,9.7165423944959e-4,0.00118633218284408,0.00109192409394386,0.00109449561610662,"Burlington, NC",5.538898760484e-4,0.00113500775843022,7.5360548713177e-4,9.0904807039612e-4,7.1175746746653e-4,0.00116955883263193,8.9600645484426e-4,0.00158762753263857,0.00220108014879118,0.0010842322814012,258,235,243,251,247,255,226,256,259,265,251,256,232,242,247,208,241,237,255,255,250,212,259,255,264,215,243,161,117,255
34900,9.6068047129421e-4,0.00107451740327145,0.00138365046702578,0.00114675766242473,0.00111266587401256,9.9153202033882e-4,9.7314573582418e-4,9.4342459067714e-4,9.9469041050659e-4,0.00111090996099895,0.00112063561111394,9.6117645730549e-4,0.00100438197590155,0.00104161336449925,9.8685811267119e-4,0.00100951409163849,0.00178319222398969,9.8545731282313e-4,0.00100103465209112,0.00102228661931526,"Napa, CA",7.1826516533855e-4,7.6018614556765e-4,6.3964638219396e-4,7.4037242399162e-4,0.00102024755375386,0.00119060444628522,9.7081214137781e-4,0.00448028599626652,7.5468750006066e-4,9.9980384762156e-4,259,259,198,205,202,265,261,265,253,249,238,254,222,256,261,221,150,262,260,261,225,250,267,268,232,213,228,41,240,263
17660,9.551406927681e-4,0.0011218733307273,0.00109120273690476,9.4177302843428e-4,9.5185374836882e-4,0.00104030577033768,0.00114966731717475,0.00107085507496334,9.7858637187056e-4,0.0010495348995629,0.00101939596110643,0.00106151238550946,8.1092741101038e-4,0.00118098451588257,9.507276866761e-4,5.4711403715711e-4,7.5132830844056e-4,0.00124952397523634,0.00104455727646658,0.00104553579941229,"Coeur d'Alene, ID",0.00138092186300581,0.00121106716717668,0.00101696343108247,0.00135759437589902,0.00117580740691286,0.00135177976361704,7.2245021564144e-4,6.7867210424084e-4,9.8450344876937e-4,0.00102228427460313,260,251,248,246,232,261,233,254,254,258,250,245,249,236,264,276,260,226,258,258,155,203,221,195,212,195,263,260,208,261
31700,9.49270056537e-4,8.0976946354045e-4,8.5815278106227e-4,9.8461801488465e-4,9.1451785005218e-4,8.3560677888924e-4,7.5431055004424e-4,7.6430918608573e-4,9.0776959033032e-4,7.9793694800253e-4,8.3837334850394e-4,8.4486250002888e-4,6.3680953216856e-4,8.5993033944682e-4,8.7433876878202e-4,7.8651586439511e-4,8.3529408052473e-4,9.1777499896446e-4,8.44815708745e-4,8.5177056599423e-4,"Manchester-Nashua, NH",5.538898760484e-4,7.0570819797833e-4,8.1674900098159e-4,7.6871767698748e-4,7.0228224834965e-4,9.0408538352528e-4,9.2424498713687e-4,8.4947087051215e-4,8.4680683091246e-4,8.7417165387577e-4,261,272,270,240,240,272,273,271,263,271,261,266,277,270,268,243,252,268,272,272,250,261,241,266,265,245,236,236,226,270
28100,9.2428536600726e-4,9.0589993319996e-4,0.00125184891670703,7.9498091915283e-4,8.3388634612805e-4,9.7856466480749e-4,7.8175670771973e-4,9.673444272891e-4,8.7427841439874e-4,0.00102495612250983,8.9587171016237e-4,0.00105298948046837,0.00132138839228593,8.6824419475304e-4,8.4596133707354e-4,7.8007945983805e-4,6.7967414902414e-4,0.0010597355355964,8.94052857959e-4,8.9734168243103e-4,"Kankakee, IL",0.01018161309624421,0.00384731606008416,7.5611279071668e-4,0.00116370210182757,0.00394647833766409,6.7595194598068e-4,8.6361312202076e-4,7.106503491188e-4,5.0051166207201e-4,8.3137764593451e-4,262,270,225,266,256,268,272,264,264,260,257,248,182,268,272,244,266,252,270,271,4,48,258,223,48,270,247,257,272,272
44940,9.2139177905599e-4,0.00120368913772064,0.0012778250713242,0.0011570416677989,9.0210183221605e-4,0.0010132334741117,9.4647829974122e-4,8.7212575593804e-4,9.7549700722124e-4,0.00100032985885598,0.00107321340766881,8.1343364663114e-4,8.1791398717172e-4,9.5756513913085e-4,0.00126139790785267,0.00105414697890839,5.8306353667685e-4,0.00103792045490922,9.991308256719e-4,0.00101205862595063,"Sumter, SC",5.538898760484e-4,5.2185895130219e-4,6.4477389621411e-4,6.9806063940038e-4,0.00633192984119007,6.5276990622378e-4,6.0729270780396e-4,6.3860065915793e-4,0.00114703560376351,0.0011178617821054,263,231,216,203,243,263,267,269,255,264,242,270,245,266,220,210,276,253,262,262,250,279,266,271,23,273,275,265,196,251
16940,9.1512119133125e-4,0.00102251753532825,8.8805097159113e-4,9.643082165382e-4,9.0782915946849e-4,0.00109354981640772,9.9799475010221e-4,0.00199872786583257,0.0012360075910224,0.00183669236968053,8.289513052836e-4,0.00102442313368367,6.9152390674367e-4,0.00101847214731611,0.0011216225599367,0.00374677750156478,0.00135498997984502,0.00101246776699569,9.994729853766e-4,0.00103284046592116,"Cheyenne, WY",5.538898760484e-4,7.9681516181607e-4,5.5277019049771e-4,0.00220347626695398,8.2628528885844e-4,7.2041915878947e-4,0.00148242863963751,0.00329072405099767,5.5258835728025e-4,9.9239760619714e-4,264,263,268,245,241,257,258,131,211,134,262,250,273,259,243,57,201,258,261,259,250,245,277,124,256,266,170,73,263,264
46340,9.069848158541e-4,0.00116122592543777,0.0012967121343283,9.1959882868725e-4,8.4865581176793e-4,0.00122792928446022,0.00136455575628083,0.00112226540102785,0.00111616683032165,0.00108451049248538,0.00107707264187998,0.00110434540538884,0.0012509873705185,0.00142952615388802,0.00100573984178088,0.0012125354689921,0.00108852020934145,0.00124583113432287,0.00112028317212918,0.00116369030079742,"Tyler, TX",7.2080583347866e-4,8.8063000932246e-4,8.4700204837919e-4,0.00124171630837614,0.0010246136716872,0.0010287105331998,0.00121252157848065,0.00215594198140275,9.2770506938095e-4,0.00118150286500879,265,239,210,249,254,245,198,251,234,255,241,240,195,192,258,189,223,229,251,248,224,236,238,207,231,235,200,120,213,235
13220,9.0114334683829e-4,0.00126990140229562,0.00190882756164936,8.1211175927711e-4,6.9422428575759e-4,0.00132270540384145,9.7884286072159e-4,0.00255101107466553,0.00112522808701859,0.00194394740419566,0.00362076529494067,0.00125488700997912,0.00117373546208283,0.00151839703643161,0.00103550226407573,0.00104913172767344,9.3698640989751e-4,0.00123247324230452,0.00112105681050486,0.00115670149849799,"Beckley, WV",0.00472933900545661,6.4032661484868e-4,5.8750111233749e-4,9.6871160925e-4,4.9095262118372e-4,6.5777539908727e-4,9.407136373441e-4,5.1214665263699e-4,5.079172437307e-4,0.00103381796445802,266,218,125,262,270,227,260,93,232,126,57,220,203,175,255,213,244,232,250,251,30,267,274,250,280,272,229,274,271,259
31860,8.5285355075636e-4,0.00133109244694424,0.0018280682870252,9.8676193733163e-4,5.6700643586827e-4,0.00146261222126182,0.00157202922718996,0.00152933373862093,9.6702247782182e-4,9.113123087526e-4,6.5498012296953e-4,9.6480070813655e-4,0.0012184958587474,9.4395573346346e-4,0.0015146087610462,6.3025390501801e-4,0.00321567280249449,0.00132656191863609,0.00125330599367065,0.00123670633059844,"Mankato, MN",5.538898760484e-4,0.00438668590896034,6.0857867817322e-4,5.1554590858006e-4,4.9095262118372e-4,5.01816903157e-4,5.7221886243775e-4,4.9384981318862e-4,5.2560977980856e-4,0.00118859390982008,267,208,134,239,281,207,176,198,257,268,276,253,199,267,181,268,66,213,227,228,250,36,268,282,280,281,276,276,268,231
20020,8.4064714068961e-4,0.00114039023030888,0.00123579014974677,0.00106953407621501,6.7828756878869e-4,9.9069022235043e-4,0.00101474914425252,0.00207688200272087,8.2335132547845e-4,0.0012943133130495,0.0026455875031913,8.0418863791201e-4,5.638424343915e-4,0.0011357049737928,0.00112569910611864,0.00100502411920855,0.00143977073027429,0.00102298441785434,9.7522962329891e-4,9.7997996577285e-4,"Dothan, AL",5.538898760484e-4,5.9166325767752e-4,9.0576877103375e-4,8.1754787077939e-4,6.3011249788204e-4,0.0033877565464495,5.1721693449735e-4,6.8314852050309e-4,5.2846890043769e-4,0.00101099281825632,268,244,227,222,272,266,256,123,271,222,96,271,281,243,242,222,185,255,265,265,250,273,234,260,273,66,281,259,267,262
47580,8.4028177394427e-4,0.001124076560044,0.00111898719886685,6.3872369275145e-4,8.1961514411511e-4,0.00103011717455411,0.00104906946865432,0.00130104570512333,8.3858858577024e-4,9.8051861817576e-4,0.0034339786400947,8.4157925923486e-4,6.1672397569294e-4,0.00110685023402775,9.4288335249428e-4,9.4604896984468e-4,0.00104691850427654,9.3933275254968e-4,9.4197891504274e-4,9.5222816382063e-4,"Warner Robins, GA",5.538898760484e-4,5.6980651353067e-4,7.5873492161088e-4,0.00116702684342089,0.00340244107240037,0.00346785643490909,4.9936166357371e-4,0.00121038904296324,8.9653167734371e-4,9.2398752565111e-4,269,250,244,277,258,262,249,237,268,266,62,267,278,250,266,231,227,266,267,267,250,275,254,222,63,63,282,200,218,268
20740,7.8094455230288e-4,8.4451840151424e-4,8.5265445778799e-4,8.1102176466872e-4,7.1580566712754e-4,8.7865627567741e-4,0.00104020242538295,8.9992181523756e-4,0.00107131509512334,8.919936850017e-4,9.6887670599019e-4,0.00109118370709853,0.00116895064670231,8.6529581666312e-4,8.5318715409717e-4,6.4045231459677e-4,7.2598900553813e-4,0.00101285168076773,8.8618294614106e-4,9.0173333194607e-4,"Eau Claire, WI",6.8778815444102e-4,9.2172055112518e-4,0.00154458053560131,0.00134499765206068,0.00137505265712105,8.2995356163741e-4,0.00112330089444804,8.1341531185568e-4,7.768275750866e-4,8.9382165549208e-4,270,271,271,264,266,270,251,267,242,269,253,242,204,269,271,267,262,257,271,270,231,233,174,196,188,256,211,245,235,269
27060,7.5770446095712e-4,9.7126216287996e-4,0.00153602322500697,0.00110449604052858,0.00109170544370651,0.00113801722994747,0.00196244395449145,0.00106565251231158,0.00167629375576105,0.00102152731986676,0.00170949603937597,0.00188609440499787,0.00263131835020032,7.9971896869847e-4,0.00125541256670227,9.4957931509047e-4,0.00114609199860078,0.00127452333866315,0.00127827973182468,0.00122012201204335,"Ithaca, NY",0.00812398139889399,0.00263543462592817,9.4399344510307e-4,0.00123345073883606,0.00113022965878144,0.00287296260895343,0.00154349436216895,0.00231630226850337,8.4046139084033e-4,0.00103075502714655,271,268,179,217,208,254,143,257,158,261,170,142,87,272,221,230,218,222,222,236,10,96,228,212,220,79,166,110,227,260
45540,7.1534600657406e-4,9.3003276637134e-4,0.00144327536831997,9.1644292345898e-4,0.00121900672207883,8.6016046600597e-4,9.0163762484013e-4,4.9678036402244e-4,8.3604919646996e-4,5.1636699792351e-4,6.8225516383869e-4,9.5263100658254e-4,7.1725501193631e-4,0.00101095193601239,9.0467439026461e-4,8.0638845764176e-4,5.8598448508798e-4,9.9420113064092e-4,9.3218713988611e-4,9.151235029699e-4,NA,5.538898760484e-4,0.00132705450779704,0.00642345600478032,6.1711912728908e-4,7.7842530480853e-4,6.2435770977763e-4,0.00117490140604489,6.4989490280368e-4,5.8708182663932e-4,8.5180490457925e-4,272,269,191,250,182,271,270,282,269,282,275,257,269,262,267,242,275,260,268,269,250,193,18,276,258,278,206,263,258,271
46540,7.0032065781174e-4,7.454337708828e-4,6.8047314876363e-4,6.3898034227025e-4,7.2411105961587e-4,7.5581344845686e-4,6.7815136572292e-4,7.0090105833604e-4,7.4425777714333e-4,7.1258695938379e-4,7.1140088935549e-4,7.6309020193008e-4,8.9398809073046e-4,7.4017450669043e-4,6.7259414488024e-4,6.8103597247584e-4,6.2662613032334e-4,7.5305367279851e-4,7.2823698395155e-4,7.1409474346596e-4,"Utica-Rome, NY",7.5890070358635e-4,7.1232815811503e-4,7.9742657333833e-4,6.2835519239181e-4,7.2103001582964e-4,6.2623892471143e-4,7.0664901108636e-4,7.465496350146e-4,8.3107421570419e-4,6.7846115539107e-4,273,274,277,276,265,273,277,273,273,273,271,273,237,274,274,260,273,272,273,274,211,260,246,275,263,276,265,250,230,274
12100,6.8674173862019e-4,7.7486134596423e-4,7.3377018116698e-4,7.1765635749585e-4,6.5327389033579e-4,7.464181703885e-4,7.4326667230928e-4,7.1195200220653e-4,6.9240429054807e-4,7.666893018841e-4,7.8035878722741e-4,7.4006747497069e-4,7.3126730080546e-4,7.7783923518312e-4,6.9607184771619e-4,7.4287778212859e-4,7.6430799809993e-4,7.0888060828713e-4,7.2546196893567e-4,7.301041844635e-4,"Atlantic City-Hammonton, NJ",5.538898760484e-4,7.7479094108279e-4,7.9354945924204e-4,5.8545321381602e-4,6.5327593309524e-4,7.3036773183806e-4,7.3691936755552e-4,7.2475682645331e-4,6.2195109759322e-4,7.2233458441281e-4,274,273,275,272,275,274,274,272,276,272,267,274,264,273,273,254,258,274,274,273,250,248,247,278,270,265,260,252,253,273
41060,0.00068575667940321005,5.8372967980086e-4,5.4913539843368e-4,6.4862755160052e-4,5.8846572341114e-4,6.2197794336476e-4,6.3838142841424e-4,6.0488430894297e-4,5.9375513266101e-4,5.6941268806894e-4,5.6939101685338e-4,5.6000457441656e-4,7.2571386430074e-4,6.1453216418716e-4,6.1744291872771e-4,6.1160961606973e-4,5.2971618414476e-4,6.3803414544038e-4,6.3413909692537e-4,6.2829105699397e-4,"St. Cloud, MN",6.6242516681092e-4,6.6171495269346e-4,5.601038562435e-4,5.3495715497124e-4,5.506515118746e-4,5.9431166254938e-4,5.5013144069262e-4,5.2965920865225e-4,8.2591733690719e-4,6.5071288301898e-4,275,280,281,275,280,279,279,278,280,278,278,281,266,280,279,269,279,280,280,279,234,266,276,281,276,279,278,272,231,278
39380,6.8254660873225e-4,6.9787362051769e-4,8.2423054814401e-4,6.3705892095275e-4,6.8238528058234e-4,6.96747216881e-4,7.0308381550342e-4,6.1963396949414e-4,6.8885882629159e-4,6.4416921328955e-4,7.2469249632411e-4,7.25469460001e-4,7.5566160955603e-4,6.9966340317394e-4,6.6839229554816e-4,5.7656044131695e-4,0.0010092142879018,6.7908319453788e-4,6.8946116990077e-4,6.909695797341e-4,"Pueblo, CO",6.2356731324216e-4,7.1318776923704e-4,7.3108845480687e-4,7.2707591036064e-4,7.5545781677997e-4,7.6647373352295e-4,6.4378155976185e-4,0.00100100093699269,5.3000437542271e-4,6.5919137754494e-4,276,275,272,278,271,275,276,276,278,275,270,275,259,276,275,273,234,278,276,276,244,259,261,269,259,260,273,221,266,277
24300,6.3129398226617e-4,6.8700087516087e-4,7.677378866375e-4,7.0865437923175e-4,7.6445368231514e-4,6.6886992620122e-4,7.060214882661e-4,6.5089410312989e-4,6.9288883290959e-4,6.3274128776685e-4,7.0997705296615e-4,6.9724833542795e-4,8.1562399429973e-4,7.0190326544343e-4,6.6380925113933e-4,5.3618475014762e-4,7.6125401943903e-4,7.4706320581784e-4,6.9131245463425e-4,6.9139130133786e-4,"Grand Junction, CO",6.2858065333097e-4,0.00105445481626943,5.9054374374627e-4,8.1165540493141e-4,8.2397286748905e-4,0.0010354492178647,9.8734500216941e-4,5.9609539532962e-4,7.5878228693895e-4,6.7347412380113e-4,277,276,274,273,263,276,275,275,275,276,273,277,246,275,276,277,259,273,275,275,241,223,272,261,257,233,225,268,239,275
13780,6.3004956546815e-4,6.238856039206e-4,6.1658885495855e-4,6.101443735491e-4,6.3106252505727e-4,6.5746167810113e-4,6.720562513644e-4,6.6325744280072e-4,6.9199146785627e-4,6.7966750949805e-4,6.0902997856608e-4,7.2092765649805e-4,7.2533821157517e-4,6.3316029105818e-4,6.4110905013132e-4,5.5539180811982e-4,5.7490658574051e-4,6.8532419873501e-4,6.5143298817255e-4,6.4769279376833e-4,"Binghamton, NY",5.538898760484e-4,6.0108277983923e-4,7.5935300840905e-4,7.4840090410589e-4,6.8531454877192e-4,7.4962513142892e-4,8.241509130927e-4,8.2811881212724e-4,5.1897232357664e-4,6.2384486721535e-4,278,279,280,280,276,277,278,274,277,274,277,276,267,278,277,275,277,277,278,278,250,271,253,267,268,262,252,240,269,280
10540,5.9414345644363e-4,6.4009631238524e-4,6.7172790733139e-4,5.7186603835631e-4,5.9754679259213e-4,6.2836306433408e-4,5.8355294230065e-4,5.0700694027228e-4,5.8986160803779e-4,5.387532142504e-4,5.2105333245607e-4,5.7431630912753e-4,5.6652239257582e-4,6.1471508569985e-4,6.0178075259212e-4,4.9384129584824e-4,6.3687440012293e-4,6.3137653345729e-4,6.0890817515507e-4,6.0626937209127e-4,"Albany, OR",8.9053278712715e-4,5.3321165892246e-4,5.3608594077507e-4,5.7301542383968e-4,6.8720987376666e-4,6.3383334564547e-4,5.3735091918342e-4,4.9384981318862e-4,5.0051166207201e-4,6.0733954721738e-4,279,278,278,281,279,278,281,281,281,280,280,280,280,279,280,282,270,281,281,281,196,278,278,280,267,275,279,276,272,281
18700,5.7594812481254e-4,5.8240949206247e-4,6.4083750127823e-4,6.193593807078e-4,6.619533370685e-4,6.1558693535328e-4,8.0293513564649e-4,5.1690539375756e-4,6.9503405646144e-4,5.2969942139837e-4,5.6363654155952e-4,6.2661092584552e-4,0.00102397798181881,6.0690630951566e-4,6.3609559113477e-4,5.2946927136573e-4,6.3254655457871e-4,6.8548504725977e-4,6.5827533847382e-4,6.5924046057619e-4,"Corvallis, OR",9.1797045315744e-4,6.1445966815287e-4,8.2757396388044e-4,7.7789438829392e-4,4.9582110647722e-4,7.4733323571329e-4,8.5510083406997e-4,4.9384981318862e-4,7.748740620097e-4,6.5960230602553e-4,280,281,279,279,274,280,271,280,274,281,279,278,218,281,278,279,272,276,277,277,193,269,240,263,279,263,249,276,236,276
36140,5.6878406565865e-4,6.464784398393e-4,7.0558748708851e-4,6.655101189778e-4,6.6632033029684e-4,5.9503218173191e-4,6.0120565284832e-4,6.1063136053729e-4,6.6187871242897e-4,6.0717379082765e-4,7.1069040157426e-4,6.1460526482564e-4,5.8956838529055e-4,6.6234427582134e-4,5.8188859948338e-4,5.2976259363311e-4,5.2286935203421e-4,6.7392913606037e-4,6.3812825550236e-4,6.1689598624031e-4,NA,7.4025953504443e-4,7.3581464277949e-4,7.2503425611474e-4,6.6817077675039e-4,6.4678646572296e-4,6.2487087857344e-4,5.63412175597e-4,6.7405681725637e-4,6.5496212124105e-4,6.2552811776283e-4,281,277,276,274,273,281,280,277,279,277,272,279,279,277,281,278,280,279,279,280,217,256,262,273,271,277,277,261,247,279
15680,5.5600944896195e-4,5.3454944398117e-4,5.3608551447112e-4,5.5917120974703e-4,5.4994759977092e-4,5.5394646892714e-4,5.1378328246956e-4,5.4791931440437e-4,5.1063836290082e-4,5.6074777936474e-4,4.9885424575352e-4,5.1350469460194e-4,5.2716900608784e-4,5.636666526645e-4,5.3603544516766e-4,5.2881377961959e-4,4.8166557277338e-4,5.4905983593659e-4,5.4815588018279e-4,0.00054665620864712005,NA,8.5209159553588e-4,5.0016575775776e-4,4.9820026597709e-4,5.9656381017443e-4,5.0978697864447e-4,5.0102791236323e-4,5.1968786257125e-4,5.0640318274196e-4,5.7463221368776e-4,5.3702837980529e-4,282,282,282,282,282,282,282,279,282,279,282,282,282,282,282,280,282,282,282,282,200,281,281,277,277,282,280,275,261,282
