{
"type": "FeatureCollection",
"name": "axel_Boston",
"crs": { "type": "name", "properties": { "name": "urn:ogc:def:crs:OGC:1.3:CRS84" } },
"features": [
{ "type": "Feature", "properties": { "district_id": "466", "eigen": 0.00356979987215189, "rank": 109 }, "geometry": { "type": "MultiPolygon", "coordinates": [ [ [ [ -71.098182, 42.350735 ], [ -71.099472, 42.350822 ], [ -71.100244, 42.35087 ], [ -71.100698, 42.350899 ], [ -71.102077, 42.350999 ], [ -71.103268, 42.351075 ], [ -71.103365, 42.351082 ], [ -71.104318, 42.351155 ], [ -71.10546, 42.351275 ], [ -71.10649, 42.351378 ], [ -71.108131, 42.351571 ], [ -71.108689, 42.351621 ], [ -71.109493, 42.351708 ], [ -71.110577, 42.351807 ], [ -71.110706, 42.351817 ], [ -71.110732, 42.351819 ], [ -71.110835, 42.351078 ], [ -71.110899, 42.350662 ], [ -71.110903, 42.350642 ], [ -71.110922, 42.350538 ], [ -71.11093, 42.350495 ], [ -71.110933, 42.350468 ], [ -71.110936, 42.350446 ], [ -71.110916, 42.350444 ], [ -71.110894, 42.350443 ], [ -71.11088, 42.350442 ], [ -71.110834, 42.350438 ], [ -71.110751, 42.350426 ], [ -71.110499, 42.350392 ], [ -71.110415, 42.35038 ], [ -71.110299, 42.350364 ], [ -71.109948, 42.350316 ], [ -71.109831, 42.3503 ], [ -71.109749, 42.350292 ], [ -71.109569, 42.350275 ], [ -71.109501, 42.350269 ], [ -71.109418, 42.350261 ], [ -71.109312, 42.350248 ], [ -71.108991, 42.350209 ], [ -71.108884, 42.350196 ], [ -71.108489, 42.350147 ], [ -71.107303, 42.350002 ], [ -71.106907, 42.349953 ], [ -71.106827, 42.349943 ], [ -71.106637, 42.34992 ], [ -71.10657, 42.349912 ], [ -71.106702, 42.349433 ], [ -71.106789, 42.349052 ], [ -71.106825, 42.348889 ], [ -71.106854, 42.348759 ], [ -71.106894, 42.348588 ], [ -71.10696, 42.348219 ], [ -71.106978, 42.348143 ], [ -71.107032, 42.347915 ], [ -71.10705, 42.34784 ], [ -71.107064, 42.347766 ], [ -71.107107, 42.347544 ], [ -71.107121, 42.34747 ], [ -71.107213, 42.347049 ], [ -71.107194, 42.346977 ], [ -71.107078, 42.346752 ], [ -71.107069, 42.346734 ], [ -71.107042, 42.346681 ], [ -71.107033, 42.346664 ], [ -71.10699, 42.346581 ], [ -71.106863, 42.346335 ], [ -71.106821, 42.346253 ], [ -71.106805, 42.34621 ], [ -71.106777, 42.346138 ], [ -71.106756, 42.346082 ], [ -71.10674, 42.34604 ], [ -71.106709, 42.345983 ], [ -71.106616, 42.34581 ], [ -71.106586, 42.345754 ], [ -71.106571, 42.345727 ], [ -71.106527, 42.345646 ], [ -71.106513, 42.34562 ], [ -71.10648, 42.345546 ], [ -71.106382, 42.345326 ], [ -71.106349, 42.345253 ], [ -71.106332, 42.345222 ], [ -71.106251, 42.34507 ], [ -71.10591, 42.344566 ], [ -71.10583, 42.344448 ], [ -71.105796, 42.344397 ], [ -71.105776, 42.344316 ], [ -71.105669, 42.34412 ], [ -71.105581, 42.343942 ], [ -71.105558, 42.343898 ], [ -71.105516, 42.343812 ], [ -71.105368, 42.343957 ], [ -71.105293, 42.343999 ], [ -71.105236, 42.344032 ], [ -71.105175, 42.344065 ], [ -71.105062, 42.344126 ], [ -71.104923, 42.344192 ], [ -71.104619, 42.344388 ], [ -71.104344, 42.344169 ], [ -71.104393, 42.344117 ], [ -71.104307, 42.344082 ], [ -71.104206, 42.344106 ], [ -71.104053, 42.34412 ], [ -71.103894, 42.344112 ], [ -71.103736, 42.344092 ], [ -71.10361, 42.344064 ], [ -71.103399, 42.343965 ], [ -71.103102, 42.343712 ], [ -71.102819, 42.343516 ], [ -71.102519, 42.343375 ], [ -71.102422, 42.343518 ], [ -71.101897, 42.344013 ], [ -71.101824, 42.344082 ], [ -71.101703, 42.34419 ], [ -71.101668, 42.344221 ], [ -71.100982, 42.344881 ], [ -71.100804, 42.345036 ], [ -71.100595, 42.345223 ], [ -71.100318, 42.34547 ], [ -71.099702, 42.346067 ], [ -71.099501, 42.346273 ], [ -71.099347, 42.346439 ], [ -71.098955, 42.346815 ], [ -71.098575, 42.347173 ], [ -71.098166, 42.347599 ], [ -71.098115, 42.347637 ], [ -71.094846, 42.34764 ], [ -71.092871, 42.347643 ], [ -71.092402, 42.347629 ], [ -71.092272, 42.347629 ], [ -71.09212, 42.347629 ], [ -71.091944, 42.347629 ], [ -71.09155, 42.347633 ], [ -71.090054, 42.347652 ], [ -71.089636, 42.347644 ], [ -71.089395, 42.347626 ], [ -71.089095, 42.347588 ], [ -71.088721, 42.347523 ], [ -71.088303, 42.347469 ], [ -71.088052, 42.347456 ], [ -71.087916, 42.347461 ], [ -71.08797, 42.347561 ], [ -71.08803, 42.347692 ], [ -71.088151, 42.348136 ], [ -71.088322, 42.348479 ], [ -71.088531, 42.348883 ], [ -71.088623, 42.349076 ], [ -71.088651, 42.349131 ], [ -71.08871, 42.349252 ], [ -71.088937, 42.3497 ], [ -71.089119, 42.350055 ], [ -71.0893, 42.350459 ], [ -71.089497, 42.350848 ], [ -71.089757, 42.351363 ], [ -71.08982, 42.351493 ], [ -71.089862, 42.351576 ], [ -71.090407, 42.351433 ], [ -71.090667, 42.35137 ], [ -71.090965, 42.351306 ], [ -71.091256, 42.351238 ], [ -71.091467, 42.35122 ], [ -71.091618, 42.3512 ], [ -71.09207, 42.351164 ], [ -71.092114, 42.351158 ], [ -71.092183, 42.351149 ], [ -71.092298, 42.351133 ], [ -71.092585, 42.351095 ], [ -71.092904, 42.35104 ], [ -71.092948, 42.351032 ], [ -71.093068, 42.351006 ], [ -71.093191, 42.35098 ], [ -71.093579, 42.350897 ], [ -71.094323, 42.350687 ], [ -71.094435, 42.350663 ], [ -71.094682, 42.35061 ], [ -71.094992, 42.35057 ], [ -71.095307, 42.350557 ], [ -71.09545, 42.350558 ], [ -71.095833, 42.350578 ], [ -71.098182, 42.350735 ] ] ], [ [ [ -71.136176, 42.350213 ], [ -71.135903, 42.350065 ], [ -71.135694, 42.349992 ], [ -71.135727, 42.349837 ], [ -71.135765, 42.349721 ], [ -71.135825, 42.349573 ], [ -71.135853, 42.349449 ], [ -71.135853, 42.349381 ], [ -71.135843, 42.349274 ], [ -71.135803, 42.349168 ], [ -71.135724, 42.34904 ], [ -71.135511, 42.348776 ], [ -71.135238, 42.34849 ], [ -71.135212, 42.348425 ], [ -71.135172, 42.348358 ], [ -71.135126, 42.34829 ], [ -71.135042, 42.348165 ], [ -71.135375, 42.348054 ], [ -71.135574, 42.348003 ], [ -71.135757, 42.347968 ], [ -71.135961, 42.347957 ], [ -71.135555, 42.347592 ], [ -71.134674, 42.34685 ], [ -71.134549, 42.346729 ], [ -71.134254, 42.346577 ], [ -71.133381, 42.347122 ], [ -71.132007, 42.347773 ], [ -71.131275, 42.348121 ], [ -71.131074, 42.348216 ], [ -71.130755, 42.348368 ], [ -71.130527, 42.348476 ], [ -71.130137, 42.34866 ], [ -71.129746, 42.34885 ], [ -71.129281, 42.349067 ], [ -71.129145, 42.349244 ], [ -71.129004, 42.349375 ], [ -71.12878, 42.349559 ], [ -71.12858, 42.349696 ], [ -71.128583, 42.349833 ], [ -71.127935, 42.349931 ], [ -71.127674, 42.349968 ], [ -71.127506, 42.349994 ], [ -71.127484, 42.350004 ], [ -71.126854, 42.350088 ], [ -71.126215, 42.350412 ], [ -71.125889, 42.350577 ], [ -71.125527, 42.350789 ], [ -71.124755, 42.35123 ], [ -71.124697, 42.35126 ], [ -71.124635, 42.351294 ], [ -71.124556, 42.351336 ], [ -71.124453, 42.35139 ], [ -71.124129, 42.351526 ], [ -71.124067, 42.351552 ], [ -71.123988, 42.351542 ], [ -71.123518, 42.351486 ], [ -71.122942, 42.351416 ], [ -71.122855, 42.351861 ], [ -71.122426, 42.35181 ], [ -71.1224, 42.351808 ], [ -71.122275, 42.351793 ], [ -71.122243, 42.351789 ], [ -71.122229, 42.351787 ], [ -71.122183, 42.351781 ], [ -71.12153, 42.351702 ], [ -71.121311, 42.351675 ], [ -71.121284, 42.351778 ], [ -71.12126, 42.351872 ], [ -71.121651, 42.35192 ], [ -71.122203, 42.351988 ], [ -71.122806, 42.352062 ], [ -71.123199, 42.35211 ], [ -71.123802, 42.352195 ], [ -71.12406, 42.352223 ], [ -71.124236, 42.352242 ], [ -71.12441, 42.352232 ], [ -71.124575, 42.352223 ], [ -71.124863, 42.352228 ], [ -71.125024, 42.352236 ], [ -71.125201, 42.352245 ], [ -71.12591, 42.352324 ], [ -71.126903, 42.352434 ], [ -71.126917, 42.352435 ], [ -71.12771, 42.352529 ], [ -71.128344, 42.352604 ], [ -71.129385, 42.352732 ], [ -71.129509, 42.352747 ], [ -71.130167, 42.352828 ], [ -71.131278, 42.352949 ], [ -71.132106, 42.353061 ], [ -71.133115, 42.353173 ], [ -71.133178, 42.353181 ], [ -71.133638, 42.353238 ], [ -71.134002, 42.353283 ], [ -71.134447, 42.353338 ], [ -71.13456, 42.353352 ], [ -71.134463, 42.35324 ], [ -71.134524, 42.353112 ], [ -71.135113, 42.352375 ], [ -71.135547, 42.351828 ], [ -71.135644, 42.351695 ], [ -71.135709, 42.351581 ], [ -71.135741, 42.351528 ], [ -71.135888, 42.351253 ], [ -71.136148, 42.350794 ], [ -71.136379, 42.350393 ], [ -71.136176, 42.350213 ] ] ] ] } },
{ "type": "Feature", "properties": { "district_id": "469", "eigen": 0.010347686378411689, "rank": 26 }, "geometry": { "type": "MultiPolygon", "coordinates": [ [ [ [ -71.088407, 42.334738 ], [ -71.08832, 42.334637 ], [ -71.088253, 42.334582 ], [ -71.087756, 42.3343 ], [ -71.087462, 42.334126 ], [ -71.087031, 42.334591 ], [ -71.086991, 42.334603 ], [ -71.086963, 42.334603 ], [ -71.086883, 42.33459 ], [ -71.086174, 42.334289 ], [ -71.085823, 42.334729 ], [ -71.085763, 42.334782 ], [ -71.08569, 42.334801 ], [ -71.085361, 42.334958 ], [ -71.085345, 42.335071 ], [ -71.085149, 42.335014 ], [ -71.084606, 42.334822 ], [ -71.084546, 42.334801 ], [ -71.084318, 42.334713 ], [ -71.083946, 42.33455 ], [ -71.083372, 42.334266 ], [ -71.082524, 42.333795 ], [ -71.08164, 42.333286 ], [ -71.081113, 42.333009 ], [ -71.080943, 42.332931 ], [ -71.080625, 42.333367 ], [ -71.080433, 42.33363 ], [ -71.080297, 42.333796 ], [ -71.079913, 42.334182 ], [ -71.079516, 42.334508 ], [ -71.079345, 42.334654 ], [ -71.078827, 42.335065 ], [ -71.078742, 42.335133 ], [ -71.078539, 42.335297 ], [ -71.078425, 42.335388 ], [ -71.078042, 42.335696 ], [ -71.077621, 42.336001 ], [ -71.078111, 42.336394 ], [ -71.078718, 42.336879 ], [ -71.079266, 42.336538 ], [ -71.080203, 42.337166 ], [ -71.080938, 42.337656 ], [ -71.081562, 42.338098 ], [ -71.081969, 42.338416 ], [ -71.082477, 42.338154 ], [ -71.082983, 42.337893 ], [ -71.083233, 42.337761 ], [ -71.083287, 42.337733 ], [ -71.083378, 42.337681 ], [ -71.083797, 42.337445 ], [ -71.083983, 42.33734 ], [ -71.084338, 42.337145 ], [ -71.084844, 42.336863 ], [ -71.085381, 42.336571 ], [ -71.085979, 42.336249 ], [ -71.086386, 42.336018 ], [ -71.086946, 42.335681 ], [ -71.086977, 42.335662 ], [ -71.08699, 42.335654 ], [ -71.087031, 42.335627 ], [ -71.087051, 42.335616 ], [ -71.087509, 42.335372 ], [ -71.087806, 42.335236 ], [ -71.088494, 42.334896 ], [ -71.088407, 42.334738 ] ] ], [ [ [ -71.07713, 42.335566 ], [ -71.076384, 42.33496 ], [ -71.076216, 42.334829 ], [ -71.075783, 42.334493 ], [ -71.076054, 42.334293 ], [ -71.076711, 42.333851 ], [ -71.077045, 42.333609 ], [ -71.076119, 42.332813 ], [ -71.075037, 42.33349 ], [ -71.074855, 42.33323 ], [ -71.074713, 42.333088 ], [ -71.074576, 42.33297 ], [ -71.074357, 42.332847 ], [ -71.073908, 42.33322 ], [ -71.073517, 42.333512 ], [ -71.073505, 42.33352 ], [ -71.07337, 42.33361 ], [ -71.072656, 42.333033 ], [ -71.072152, 42.332727 ], [ -71.07127, 42.333445 ], [ -71.070831, 42.333792 ], [ -71.070247, 42.334168 ], [ -71.069425, 42.334635 ], [ -71.069226, 42.334734 ], [ -71.068765, 42.334916 ], [ -71.068385, 42.335068 ], [ -71.0681, 42.33515 ], [ -71.067916, 42.335185 ], [ -71.067614, 42.335243 ], [ -71.067131, 42.335291 ], [ -71.066626, 42.335342 ], [ -71.066252, 42.33536 ], [ -71.065813, 42.335407 ], [ -71.065623, 42.335423 ], [ -71.065414, 42.335441 ], [ -71.065482, 42.335633 ], [ -71.065515, 42.33584 ], [ -71.06553, 42.336029 ], [ -71.065509, 42.336321 ], [ -71.065414, 42.336715 ], [ -71.06529, 42.337074 ], [ -71.065143, 42.337438 ], [ -71.064717, 42.338258 ], [ -71.063764, 42.340027 ], [ -71.063665, 42.340206 ], [ -71.063632, 42.34027 ], [ -71.062968, 42.341491 ], [ -71.062339, 42.34267 ], [ -71.062215, 42.342915 ], [ -71.06239, 42.342965 ], [ -71.062529, 42.343009 ], [ -71.064029, 42.343398 ], [ -71.064406, 42.343501 ], [ -71.064833, 42.34363 ], [ -71.065358, 42.343775 ], [ -71.06593, 42.343936 ], [ -71.066064, 42.343732 ], [ -71.066346, 42.343407 ], [ -71.066815, 42.343021 ], [ -71.06705, 42.342827 ], [ -71.067199, 42.342706 ], [ -71.067476, 42.342481 ], [ -71.067578, 42.342398 ], [ -71.067739, 42.342272 ], [ -71.067928, 42.342125 ], [ -71.068084, 42.342014 ], [ -71.068292, 42.34188 ], [ -71.068329, 42.341856 ], [ -71.068506, 42.341772 ], [ -71.068782, 42.341661 ], [ -71.069671, 42.341343 ], [ -71.069829, 42.341276 ], [ -71.070065, 42.341161 ], [ -71.070707, 42.34079 ], [ -71.071089, 42.340539 ], [ -71.071308, 42.340662 ], [ -71.071804, 42.341082 ], [ -71.071848, 42.3411 ], [ -71.071972, 42.341193 ], [ -71.072075, 42.341286 ], [ -71.072751, 42.340841 ], [ -71.072528, 42.340544 ], [ -71.072433, 42.340477 ], [ -71.071826, 42.340056 ], [ -71.072504, 42.339615 ], [ -71.072645, 42.339514 ], [ -71.07363, 42.338869 ], [ -71.073787, 42.338759 ], [ -71.074288, 42.338421 ], [ -71.074995, 42.337931 ], [ -71.075668, 42.337475 ], [ -71.076379, 42.336951 ], [ -71.076941, 42.336527 ], [ -71.077019, 42.336467 ], [ -71.077621, 42.336001 ], [ -71.07713, 42.335566 ] ] ], [ [ [ -71.081595, 42.353704 ], [ -71.08171, 42.353673 ], [ -71.082225, 42.353531 ], [ -71.082937, 42.35334 ], [ -71.083847, 42.353087 ], [ -71.08395, 42.353062 ], [ -71.084537, 42.352918 ], [ -71.085779, 42.352559 ], [ -71.085915, 42.352526 ], [ -71.086558, 42.352372 ], [ -71.087327, 42.352149 ], [ -71.087409, 42.352128 ], [ -71.087978, 42.351982 ], [ -71.088535, 42.35186 ], [ -71.089, 42.351778 ], [ -71.089273, 42.351724 ], [ -71.089862, 42.351576 ], [ -71.08982, 42.351493 ], [ -71.089757, 42.351363 ], [ -71.089497, 42.350848 ], [ -71.0893, 42.350459 ], [ -71.089119, 42.350055 ], [ -71.088937, 42.3497 ], [ -71.08871, 42.349252 ], [ -71.088651, 42.349131 ], [ -71.088623, 42.349076 ], [ -71.088531, 42.348883 ], [ -71.088322, 42.348479 ], [ -71.088151, 42.348136 ], [ -71.08803, 42.347692 ], [ -71.08797, 42.347561 ], [ -71.087916, 42.347461 ], [ -71.087758, 42.3473 ], [ -71.087348, 42.34741 ], [ -71.087233, 42.347448 ], [ -71.087076, 42.347491 ], [ -71.086855, 42.347554 ], [ -71.086734, 42.347588 ], [ -71.086376, 42.347682 ], [ -71.085602, 42.347884 ], [ -71.085528, 42.347698 ], [ -71.085476, 42.347571 ], [ -71.085431, 42.347487 ], [ -71.085265, 42.347176 ], [ -71.08503, 42.346738 ], [ -71.084907, 42.34648 ], [ -71.084804, 42.3463 ], [ -71.084793, 42.346269 ], [ -71.084742, 42.346195 ], [ -71.084634, 42.346087 ], [ -71.084406, 42.346039 ], [ -71.083833, 42.345945 ], [ -71.083413, 42.345894 ], [ -71.082984, 42.345846 ], [ -71.082757, 42.345856 ], [ -71.082377, 42.345801 ], [ -71.08209, 42.34567 ], [ -71.081881, 42.345522 ], [ -71.081821, 42.345413 ], [ -71.08171, 42.345339 ], [ -71.081303, 42.345049 ], [ -71.080911, 42.344787 ], [ -71.080862, 42.344753 ], [ -71.080344, 42.3444 ], [ -71.080225, 42.344319 ], [ -71.080151, 42.344263 ], [ -71.080082, 42.344219 ], [ -71.079972, 42.34415 ], [ -71.079625, 42.343905 ], [ -71.079094, 42.343541 ], [ -71.078981, 42.343471 ], [ -71.078561, 42.343211 ], [ -71.079207, 42.342697 ], [ -71.079121, 42.342638 ], [ -71.079014, 42.342551 ], [ -71.078835, 42.342374 ], [ -71.078753, 42.342283 ], [ -71.078356, 42.341845 ], [ -71.07759, 42.341134 ], [ -71.077372, 42.340931 ], [ -71.076592, 42.341336 ], [ -71.075982, 42.341659 ], [ -71.075349, 42.341991 ], [ -71.074586, 42.342408 ], [ -71.073816, 42.3428 ], [ -71.073755, 42.342831 ], [ -71.073157, 42.34316 ], [ -71.072817, 42.343341 ], [ -71.072314, 42.343608 ], [ -71.071863, 42.343833 ], [ -71.072002, 42.344122 ], [ -71.072375, 42.344872 ], [ -71.072564, 42.345282 ], [ -71.072746, 42.345657 ], [ -71.074872, 42.345105 ], [ -71.075091, 42.345567 ], [ -71.07521, 42.345799 ], [ -71.075219, 42.345817 ], [ -71.075253, 42.345884 ], [ -71.073531, 42.347262 ], [ -71.073285, 42.347458 ], [ -71.073041, 42.347653 ], [ -71.072815, 42.347833 ], [ -71.072692, 42.347931 ], [ -71.072658, 42.347959 ], [ -71.072618, 42.347992 ], [ -71.071815, 42.348677 ], [ -71.072, 42.349022 ], [ -71.072055, 42.349137 ], [ -71.072076, 42.34918 ], [ -71.072245, 42.349532 ], [ -71.072659, 42.35041 ], [ -71.072822, 42.350755 ], [ -71.070455, 42.351417 ], [ -71.070655, 42.351854 ], [ -71.070704, 42.35194 ], [ -71.070895, 42.352314 ], [ -71.071079, 42.352673 ], [ -71.071275, 42.353081 ], [ -71.071479, 42.353505 ], [ -71.071637, 42.353831 ], [ -71.07184, 42.354234 ], [ -71.072055, 42.354655 ], [ -71.072228, 42.355031 ], [ -71.072357, 42.355282 ], [ -71.072564, 42.355439 ], [ -71.072807, 42.355377 ], [ -71.073021, 42.35531 ], [ -71.073155, 42.355542 ], [ -71.073302, 42.355812 ], [ -71.073405, 42.355965 ], [ -71.073438, 42.356077 ], [ -71.073464, 42.356121 ], [ -71.073493, 42.356095 ], [ -71.073777, 42.355938 ], [ -71.07394, 42.355866 ], [ -71.074386, 42.35575 ], [ -71.075188, 42.355516 ], [ -71.075219, 42.355507 ], [ -71.07552, 42.355419 ], [ -71.075817, 42.355338 ], [ -71.077357, 42.354938 ], [ -71.077575, 42.354876 ], [ -71.078912, 42.354486 ], [ -71.079119, 42.354402 ], [ -71.079389, 42.354303 ], [ -71.079464, 42.354275 ], [ -71.079978, 42.354124 ], [ -71.080459, 42.354004 ], [ -71.081595, 42.353704 ] ] ] ] } },
{ "type": "Feature", "properties": { "district_id": "472", "eigen": 0.0034884109328865401, "rank": 111 }, "geometry": { "type": "Polygon", "coordinates": [ [ [ -71.073464, 42.356121 ], [ -71.073438, 42.356077 ], [ -71.073405, 42.355965 ], [ -71.073302, 42.355812 ], [ -71.073155, 42.355542 ], [ -71.073021, 42.35531 ], [ -71.072807, 42.355377 ], [ -71.072564, 42.355439 ], [ -71.072156, 42.355546 ], [ -71.07204, 42.355578 ], [ -71.071383, 42.355746 ], [ -71.071296, 42.355771 ], [ -71.070193, 42.356029 ], [ -71.069833, 42.35612 ], [ -71.069406, 42.356216 ], [ -71.068916, 42.356319 ], [ -71.06873, 42.356364 ], [ -71.067642, 42.356603 ], [ -71.067004, 42.356748 ], [ -71.06672, 42.356807 ], [ -71.065792, 42.357001 ], [ -71.065172, 42.357146 ], [ -71.06499, 42.357195 ], [ -71.064612, 42.357292 ], [ -71.064509, 42.357319 ], [ -71.06405, 42.357455 ], [ -71.063653, 42.357566 ], [ -71.063169, 42.357748 ], [ -71.062642, 42.357977 ], [ -71.062727, 42.358311 ], [ -71.062817, 42.358665 ], [ -71.062823, 42.358714 ], [ -71.062846, 42.358889 ], [ -71.062862, 42.359204 ], [ -71.062875, 42.359483 ], [ -71.062865, 42.359989 ], [ -71.062864, 42.36009 ], [ -71.062911, 42.361229 ], [ -71.063218, 42.361235 ], [ -71.063721, 42.361241 ], [ -71.063716, 42.362198 ], [ -71.064109, 42.36224 ], [ -71.064402, 42.362295 ], [ -71.064735, 42.362357 ], [ -71.064999, 42.362395 ], [ -71.065134, 42.362404 ], [ -71.065131, 42.362684 ], [ -71.065111, 42.362867 ], [ -71.065091, 42.363063 ], [ -71.065091, 42.36315 ], [ -71.065102, 42.363205 ], [ -71.065139, 42.363237 ], [ -71.065233, 42.363432 ], [ -71.065365, 42.363886 ], [ -71.065355, 42.364092 ], [ -71.06522, 42.364562 ], [ -71.065236, 42.364686 ], [ -71.06531, 42.364765 ], [ -71.065368, 42.364831 ], [ -71.065503, 42.364902 ], [ -71.065695, 42.364958 ], [ -71.066033, 42.364939 ], [ -71.06722, 42.365061 ], [ -71.067342, 42.365048 ], [ -71.067456, 42.365022 ], [ -71.067597, 42.365039 ], [ -71.06767, 42.365065 ], [ -71.067728, 42.365102 ], [ -71.067777, 42.365158 ], [ -71.067884, 42.365249 ], [ -71.067981, 42.365311 ], [ -71.068115, 42.365347 ], [ -71.06823, 42.365367 ], [ -71.068467, 42.365426 ], [ -71.068696, 42.365486 ], [ -71.068947, 42.365618 ], [ -71.068881, 42.365681 ], [ -71.068769, 42.365788 ], [ -71.068389, 42.366145 ], [ -71.068282, 42.366212 ], [ -71.068224, 42.366254 ], [ -71.068086, 42.366322 ], [ -71.067606, 42.366426 ], [ -71.067339, 42.366484 ], [ -71.067388, 42.366506 ], [ -71.06763, 42.366627 ], [ -71.067736, 42.366673 ], [ -71.068085, 42.366863 ], [ -71.068158, 42.366899 ], [ -71.068431, 42.367037 ], [ -71.068892, 42.367266 ], [ -71.069002, 42.367321 ], [ -71.069104, 42.367379 ], [ -71.070575, 42.368015 ], [ -71.070644, 42.367949 ], [ -71.070826, 42.367779 ], [ -71.071338, 42.367298 ], [ -71.071387, 42.367251 ], [ -71.071418, 42.367223 ], [ -71.071447, 42.367195 ], [ -71.071537, 42.36711 ], [ -71.071387, 42.367173 ], [ -71.070619, 42.366749 ], [ -71.070861, 42.366483 ], [ -71.070218, 42.366148 ], [ -71.070188, 42.366185 ], [ -71.069332, 42.367137 ], [ -71.069281, 42.367188 ], [ -71.069177, 42.367135 ], [ -71.06907, 42.367081 ], [ -71.068512, 42.366779 ], [ -71.068465, 42.366697 ], [ -71.068449, 42.366639 ], [ -71.068446, 42.366596 ], [ -71.068497, 42.366506 ], [ -71.068632, 42.366401 ], [ -71.069342, 42.365774 ], [ -71.069459, 42.365632 ], [ -71.069574, 42.365422 ], [ -71.06977, 42.364996 ], [ -71.069852, 42.364824 ], [ -71.070049, 42.364409 ], [ -71.070112, 42.364277 ], [ -71.070163, 42.364169 ], [ -71.070377, 42.363695 ], [ -71.070476, 42.363563 ], [ -71.070631, 42.363413 ], [ -71.070804, 42.363268 ], [ -71.071334, 42.362945 ], [ -71.071563, 42.362789 ], [ -71.071662, 42.362703 ], [ -71.071748, 42.36258 ], [ -71.071798, 42.362466 ], [ -71.071805, 42.362356 ], [ -71.0718, 42.362265 ], [ -71.071779, 42.362152 ], [ -71.07185, 42.362128 ], [ -71.071997, 42.362046 ], [ -71.072096, 42.361969 ], [ -71.072189, 42.361878 ], [ -71.072257, 42.36176 ], [ -71.072307, 42.361628 ], [ -71.072348, 42.361372 ], [ -71.07235, 42.361344 ], [ -71.072355, 42.361207 ], [ -71.072365, 42.361143 ], [ -71.072367, 42.360996 ], [ -71.072352, 42.36087 ], [ -71.072318, 42.360753 ], [ -71.072253, 42.36059 ], [ -71.072137, 42.360396 ], [ -71.072065, 42.360233 ], [ -71.072025, 42.360117 ], [ -71.072012, 42.360014 ], [ -71.07201, 42.359939 ], [ -71.07207, 42.359717 ], [ -71.072123, 42.359465 ], [ -71.072307, 42.358799 ], [ -71.072403, 42.358453 ], [ -71.072528, 42.357941 ], [ -71.07267, 42.357588 ], [ -71.072717, 42.35747 ], [ -71.072795, 42.357278 ], [ -71.072927, 42.356993 ], [ -71.07313, 42.356555 ], [ -71.073169, 42.356456 ], [ -71.073273, 42.356291 ], [ -71.073444, 42.356139 ], [ -71.073464, 42.356121 ] ] ] } },
{ "type": "Feature", "properties": { "district_id": "475", "eigen": 0.0078530371040497204, "rank": 69 }, "geometry": { "type": "Polygon", "coordinates": [ [ [ -71.032102, 42.373495 ], [ -71.031888, 42.373693 ], [ -71.031426, 42.374109 ], [ -71.031135, 42.374368 ], [ -71.030395, 42.374989 ], [ -71.029762, 42.375536 ], [ -71.029083, 42.376099 ], [ -71.028609, 42.376492 ], [ -71.028038, 42.376944 ], [ -71.027727, 42.377211 ], [ -71.027426, 42.377478 ], [ -71.026898, 42.37793 ], [ -71.026331, 42.378397 ], [ -71.026166, 42.378539 ], [ -71.026068, 42.378636 ], [ -71.025999, 42.378695 ], [ -71.025904, 42.378798 ], [ -71.025645, 42.379096 ], [ -71.025484, 42.379301 ], [ -71.025224, 42.37963 ], [ -71.025128, 42.379753 ], [ -71.025011, 42.379675 ], [ -71.024879, 42.379586 ], [ -71.024508, 42.379339 ], [ -71.02446, 42.37926 ], [ -71.02447, 42.379228 ], [ -71.024326, 42.379258 ], [ -71.024204, 42.379248 ], [ -71.024187, 42.379193 ], [ -71.022658, 42.379756 ], [ -71.022276, 42.379906 ], [ -71.022127, 42.379955 ], [ -71.021562, 42.380143 ], [ -71.0215, 42.380157 ], [ -71.021417, 42.380178 ], [ -71.021129, 42.380231 ], [ -71.020837, 42.380264 ], [ -71.02055, 42.380281 ], [ -71.019889, 42.380281 ], [ -71.019763, 42.380281 ], [ -71.019151, 42.380275 ], [ -71.018504, 42.380269 ], [ -71.017958, 42.380285 ], [ -71.017582, 42.38034 ], [ -71.017295, 42.38041 ], [ -71.017081, 42.38047 ], [ -71.016666, 42.380615 ], [ -71.016311, 42.380769 ], [ -71.016008, 42.380919 ], [ -71.015911, 42.380769 ], [ -71.015724, 42.380482 ], [ -71.015625, 42.380313 ], [ -71.014752, 42.379304 ], [ -71.014595, 42.37932 ], [ -71.014377, 42.379477 ], [ -71.014082, 42.379563 ], [ -71.013889, 42.379561 ], [ -71.013766, 42.37956 ], [ -71.013472, 42.379547 ], [ -71.013317, 42.379613 ], [ -71.013284, 42.379834 ], [ -71.013321, 42.379964 ], [ -71.013504, 42.380114 ], [ -71.013553, 42.380207 ], [ -71.013551, 42.380469 ], [ -71.013522, 42.380672 ], [ -71.013454, 42.380871 ], [ -71.013377, 42.38094 ], [ -71.01329, 42.380964 ], [ -71.012876, 42.380976 ], [ -71.012587, 42.380976 ], [ -71.012481, 42.380956 ], [ -71.01228, 42.38077 ], [ -71.012068, 42.380612 ], [ -71.011952, 42.380546 ], [ -71.011789, 42.380491 ], [ -71.011577, 42.380503 ], [ -71.011384, 42.380574 ], [ -71.011268, 42.380653 ], [ -71.011172, 42.380718 ], [ -71.011123, 42.380772 ], [ -71.011119, 42.380803 ], [ -71.011021, 42.380688 ], [ -71.008856, 42.380017 ], [ -71.008308, 42.379848 ], [ -71.007761, 42.379678 ], [ -71.005701, 42.37904 ], [ -71.005512, 42.379182 ], [ -71.005406, 42.379207 ], [ -71.005233, 42.379214 ], [ -71.004713, 42.379156 ], [ -71.004424, 42.379107 ], [ -71.004193, 42.379043 ], [ -71.003962, 42.378921 ], [ -71.003626, 42.378779 ], [ -71.002914, 42.378534 ], [ -71.002827, 42.378491 ], [ -71.002721, 42.378403 ], [ -71.002683, 42.378349 ], [ -71.002577, 42.378293 ], [ -71.002452, 42.37829 ], [ -71.002336, 42.378324 ], [ -71.00223, 42.378317 ], [ -71.000969, 42.377947 ], [ -71.000334, 42.377796 ], [ -71.000206, 42.377754 ], [ -71.000173, 42.377744 ], [ -71.000085, 42.377769 ], [ -71.000006, 42.377758 ], [ -70.999723, 42.377738 ], [ -70.999517, 42.377732 ], [ -70.999385, 42.377748 ], [ -70.999326, 42.377738 ], [ -70.999319, 42.377765 ], [ -70.999316, 42.377775 ], [ -70.999311, 42.377793 ], [ -70.99898, 42.377895 ], [ -70.997994, 42.378197 ], [ -70.996694, 42.378741 ], [ -70.996169, 42.379473 ], [ -70.994648, 42.38115 ], [ -70.994664, 42.381899 ], [ -70.994674, 42.382366 ], [ -70.994639, 42.382664 ], [ -70.994634, 42.382711 ], [ -70.994652, 42.382713 ], [ -70.994681, 42.382709 ], [ -70.994731, 42.382719 ], [ -70.995413, 42.382786 ], [ -70.995682, 42.382816 ], [ -70.995872, 42.382849 ], [ -70.99608, 42.38288 ], [ -70.996301, 42.382936 ], [ -70.996366, 42.382951 ], [ -70.996507, 42.382982 ], [ -70.996883, 42.3831 ], [ -70.997838, 42.38344 ], [ -70.999133, 42.383899 ], [ -70.999304, 42.383963 ], [ -71.00076, 42.384512 ], [ -71.000273, 42.385244 ], [ -71.000018, 42.385629 ], [ -70.99987, 42.385618 ], [ -70.999731, 42.385559 ], [ -70.999581, 42.385479 ], [ -70.998119, 42.384927 ], [ -70.996423, 42.384351 ], [ -70.996222, 42.384351 ], [ -70.995978, 42.384381 ], [ -70.995808, 42.384498 ], [ -70.995659, 42.384662 ], [ -70.995615, 42.384845 ], [ -70.995645, 42.385088 ], [ -70.995824, 42.385238 ], [ -70.996182, 42.385396 ], [ -70.996751, 42.385571 ], [ -70.998732, 42.386305 ], [ -70.999281, 42.386377 ], [ -71.001105, 42.386965 ], [ -71.001142, 42.387028 ], [ -71.001134, 42.387097 ], [ -71.000999, 42.387223 ], [ -71.00074, 42.387497 ], [ -71.000531, 42.387646 ], [ -71.0001, 42.387926 ], [ -70.999388, 42.388331 ], [ -70.999314, 42.388231 ], [ -70.999214, 42.388173 ], [ -70.999079, 42.388136 ], [ -70.997701, 42.388268 ], [ -70.996678, 42.388346 ], [ -70.996403, 42.388414 ], [ -70.995671, 42.389055 ], [ -70.995347, 42.389362 ], [ -70.995568, 42.389492 ], [ -70.996272, 42.38998 ], [ -70.996729, 42.390291 ], [ -70.996416, 42.390559 ], [ -70.996076, 42.390898 ], [ -70.995858, 42.391169 ], [ -70.995658, 42.391462 ], [ -70.99495, 42.392549 ], [ -70.994731, 42.392888 ], [ -70.994475, 42.393284 ], [ -70.994454, 42.393316 ], [ -70.99458, 42.393329 ], [ -70.994774, 42.393422 ], [ -70.994806, 42.393446 ], [ -70.994942, 42.393504 ], [ -70.995022, 42.393547 ], [ -70.995047, 42.393566 ], [ -70.995076, 42.393529 ], [ -70.995086, 42.393511 ], [ -70.998233, 42.390266 ], [ -70.998294, 42.390351 ], [ -70.99836, 42.390443 ], [ -70.998641, 42.390831 ], [ -70.998723, 42.390881 ], [ -70.999641, 42.391198 ], [ -71.000385, 42.39157 ], [ -71.002303, 42.392384 ], [ -71.003534, 42.392693 ], [ -71.003646, 42.39247 ], [ -71.004015, 42.392589 ], [ -71.004384, 42.392662 ], [ -71.004564, 42.392693 ], [ -71.005007, 42.392761 ], [ -71.005397, 42.392796 ], [ -71.005945, 42.39282 ], [ -71.005972, 42.392821 ], [ -71.008257, 42.393336 ], [ -71.008579, 42.393387 ], [ -71.008828, 42.393417 ], [ -71.009213, 42.393447 ], [ -71.009994, 42.393457 ], [ -71.011437, 42.393476 ], [ -71.011609, 42.393493 ], [ -71.011495, 42.393632 ], [ -71.011197, 42.394004 ], [ -71.010694, 42.394633 ], [ -71.010638, 42.394704 ], [ -71.010377, 42.395036 ], [ -71.010001, 42.39549 ], [ -71.011682, 42.395718 ], [ -71.01193, 42.395752 ], [ -71.011272, 42.396589 ], [ -71.011377, 42.396629 ], [ -71.0124, 42.397019 ], [ -71.013395, 42.397398 ], [ -71.016094, 42.395897 ], [ -71.016594, 42.394497 ], [ -71.017232, 42.392472 ], [ -71.017236, 42.392461 ], [ -71.017794, 42.390697 ], [ -71.018791, 42.389544 ], [ -71.019278, 42.388982 ], [ -71.019328, 42.388926 ], [ -71.020512, 42.387641 ], [ -71.022428, 42.386373 ], [ -71.022672, 42.386265 ], [ -71.024209, 42.385586 ], [ -71.027712, 42.384041 ], [ -71.031995, 42.384597 ], [ -71.033234, 42.38491 ], [ -71.034975, 42.385876 ], [ -71.036071, 42.386087 ], [ -71.038357, 42.386529 ], [ -71.038813, 42.386811 ], [ -71.038874, 42.386811 ], [ -71.038921, 42.386812 ], [ -71.038973, 42.386808 ], [ -71.039082, 42.386801 ], [ -71.039133, 42.386805 ], [ -71.039262, 42.386831 ], [ -71.039316, 42.386847 ], [ -71.039354, 42.386846 ], [ -71.039384, 42.386853 ], [ -71.039427, 42.386859 ], [ -71.039467, 42.386856 ], [ -71.039512, 42.386853 ], [ -71.043264, 42.383594 ], [ -71.044298, 42.383209 ], [ -71.044652, 42.380777 ], [ -71.044982, 42.378543 ], [ -71.045195, 42.377097 ], [ -71.045561, 42.376182 ], [ -71.046113, 42.374798 ], [ -71.046289, 42.37436 ], [ -71.046995, 42.372597 ], [ -71.047381, 42.371208 ], [ -71.046886, 42.370032 ], [ -71.046272, 42.369323 ], [ -71.045734, 42.368634 ], [ -71.045515, 42.368286 ], [ -71.045116, 42.36734 ], [ -71.04445, 42.365793 ], [ -71.043396, 42.364598 ], [ -71.042596, 42.363798 ], [ -71.041299, 42.362914 ], [ -71.040125, 42.362115 ], [ -71.039629, 42.361777 ], [ -71.037763, 42.361279 ], [ -71.036057, 42.360187 ], [ -71.034253, 42.359277 ], [ -71.032796, 42.35926 ], [ -71.032204, 42.359809 ], [ -71.031614, 42.361215 ], [ -71.030725, 42.361635 ], [ -71.029516, 42.362221 ], [ -71.028405, 42.362204 ], [ -71.029094, 42.360908 ], [ -71.030303, 42.35941 ], [ -71.029856, 42.357659 ], [ -71.028423, 42.356821 ], [ -71.02716, 42.356075 ], [ -71.026428, 42.35726 ], [ -71.027234, 42.357669 ], [ -71.027248, 42.357676 ], [ -71.027919, 42.358002 ], [ -71.028101, 42.358138 ], [ -71.02816, 42.358263 ], [ -71.028143, 42.358379 ], [ -71.027511, 42.359834 ], [ -71.026595, 42.361861 ], [ -71.026421, 42.362314 ], [ -71.026371, 42.362596 ], [ -71.026367, 42.362959 ], [ -71.026336, 42.363026 ], [ -71.026294, 42.363845 ], [ -71.026322, 42.36405 ], [ -71.026397, 42.364243 ], [ -71.026516, 42.364393 ], [ -71.026714, 42.36454 ], [ -71.027633, 42.365005 ], [ -71.027887, 42.365335 ], [ -71.028103, 42.365426 ], [ -71.027998, 42.36558 ], [ -71.028703, 42.365891 ], [ -71.030563, 42.366669 ], [ -71.030741, 42.366796 ], [ -71.030813, 42.366848 ], [ -71.030945, 42.366969 ], [ -71.030998, 42.367027 ], [ -71.031107, 42.367146 ], [ -71.031125, 42.367165 ], [ -71.031269, 42.367323 ], [ -71.031457, 42.367417 ], [ -71.03173, 42.367531 ], [ -71.032545, 42.367884 ], [ -71.032707, 42.367978 ], [ -71.032798, 42.368083 ], [ -71.03279, 42.368208 ], [ -71.032753, 42.368343 ], [ -71.03267, 42.368453 ], [ -71.032518, 42.368619 ], [ -71.0326, 42.368673 ], [ -71.032324, 42.368905 ], [ -71.031994, 42.369238 ], [ -71.031988, 42.369425 ], [ -71.031926, 42.369549 ], [ -71.031658, 42.369868 ], [ -71.031204, 42.370181 ], [ -71.030954, 42.370232 ], [ -71.030754, 42.370295 ], [ -71.030641, 42.370306 ], [ -71.030508, 42.370254 ], [ -71.030359, 42.370173 ], [ -71.029217, 42.369592 ], [ -71.028783, 42.36941 ], [ -71.028088, 42.36912 ], [ -71.027847, 42.369382 ], [ -71.027726, 42.369494 ], [ -71.02763, 42.369568 ], [ -71.027493, 42.369626 ], [ -71.027397, 42.369691 ], [ -71.027325, 42.369744 ], [ -71.027213, 42.369818 ], [ -71.027128, 42.3699 ], [ -71.027063, 42.370009 ], [ -71.027027, 42.370104 ], [ -71.027026, 42.370222 ], [ -71.027058, 42.370325 ], [ -71.027092, 42.370421 ], [ -71.027155, 42.370528 ], [ -71.027234, 42.370644 ], [ -71.027321, 42.370759 ], [ -71.027436, 42.370899 ], [ -71.027511, 42.370982 ], [ -71.027614, 42.371083 ], [ -71.027694, 42.371161 ], [ -71.027785, 42.371244 ], [ -71.027947, 42.371378 ], [ -71.02817, 42.371556 ], [ -71.028401, 42.37175 ], [ -71.02861, 42.371907 ], [ -71.028817, 42.37208 ], [ -71.028967, 42.372202 ], [ -71.02909, 42.372312 ], [ -71.029189, 42.372401 ], [ -71.029288, 42.372504 ], [ -71.029391, 42.372618 ], [ -71.029486, 42.372725 ], [ -71.029597, 42.37285 ], [ -71.029716, 42.372984 ], [ -71.029815, 42.373096 ], [ -71.029882, 42.37318 ], [ -71.029938, 42.373266 ], [ -71.029969, 42.373343 ], [ -71.02998, 42.373426 ], [ -71.029979, 42.373535 ], [ -71.029951, 42.373645 ], [ -71.029896, 42.373758 ], [ -71.030119, 42.373875 ], [ -71.030275, 42.373935 ], [ -71.03041, 42.373972 ], [ -71.030582, 42.374005 ], [ -71.030728, 42.374017 ], [ -71.030895, 42.374018 ], [ -71.031046, 42.374007 ], [ -71.031139, 42.373998 ], [ -71.031251, 42.37398 ], [ -71.031414, 42.373932 ], [ -71.031496, 42.373904 ], [ -71.031767, 42.373765 ], [ -71.032102, 42.373495 ] ] ] } },
{ "type": "Feature", "properties": { "district_id": "479", "eigen": 0.0130312905090956, "rank": 11 }, "geometry": { "type": "Polygon", "coordinates": [ [ [ -71.035207, 42.32935 ], [ -71.034847, 42.329389 ], [ -71.034314, 42.329492 ], [ -71.033774, 42.329649 ], [ -71.033184, 42.329838 ], [ -71.032855, 42.329953 ], [ -71.032337, 42.330147 ], [ -71.031663, 42.330424 ], [ -71.031143, 42.330653 ], [ -71.030663, 42.330879 ], [ -71.029533, 42.331432 ], [ -71.029103, 42.331626 ], [ -71.028646, 42.331822 ], [ -71.028074, 42.332057 ], [ -71.027084, 42.332409 ], [ -71.026388, 42.332617 ], [ -71.025155, 42.332923 ], [ -71.025001, 42.333021 ], [ -71.025009, 42.333281 ], [ -71.025026, 42.334095 ], [ -71.025045, 42.334927 ], [ -71.025071, 42.335802 ], [ -71.025091, 42.33666 ], [ -71.025112, 42.337485 ], [ -71.025133, 42.33831 ], [ -71.025226, 42.338326 ], [ -71.025933, 42.338306 ], [ -71.026217, 42.338301 ], [ -71.026793, 42.338291 ], [ -71.027255, 42.338271 ], [ -71.0288, 42.338248 ], [ -71.029317, 42.338238 ], [ -71.02999, 42.338231 ], [ -71.03106, 42.338219 ], [ -71.031899, 42.338202 ], [ -71.032608, 42.338182 ], [ -71.03341, 42.33817 ], [ -71.034228, 42.33815 ], [ -71.035486, 42.338141 ], [ -71.036444, 42.338124 ], [ -71.037522, 42.338095 ], [ -71.037793, 42.338091 ], [ -71.038769, 42.338077 ], [ -71.039992, 42.338055 ], [ -71.04052, 42.338048 ], [ -71.041606, 42.338028 ], [ -71.042475, 42.33801 ], [ -71.043982, 42.337988 ], [ -71.044383, 42.33798 ], [ -71.044769, 42.338205 ], [ -71.045285, 42.338555 ], [ -71.045559, 42.338718 ], [ -71.045868, 42.338446 ], [ -71.0462, 42.338153 ], [ -71.04652, 42.337877 ], [ -71.046849, 42.337594 ], [ -71.047271, 42.337231 ], [ -71.04776, 42.336812 ], [ -71.049295, 42.337803 ], [ -71.049752, 42.338101 ], [ -71.050025, 42.33828 ], [ -71.050135, 42.338349 ], [ -71.050615, 42.338653 ], [ -71.05084, 42.338795 ], [ -71.051007, 42.338905 ], [ -71.051308, 42.339123 ], [ -71.051651, 42.339336 ], [ -71.052168, 42.339657 ], [ -71.052377, 42.339803 ], [ -71.052592, 42.33993 ], [ -71.053233, 42.340345 ], [ -71.053537, 42.340542 ], [ -71.053736, 42.340671 ], [ -71.053928, 42.340791 ], [ -71.054382, 42.34043 ], [ -71.054773, 42.340095 ], [ -71.05518, 42.339758 ], [ -71.055511, 42.339485 ], [ -71.055968, 42.339086 ], [ -71.05624, 42.338869 ], [ -71.056772, 42.338383 ], [ -71.056823, 42.338357 ], [ -71.056876, 42.33833 ], [ -71.056931, 42.338314 ], [ -71.056976, 42.338306 ], [ -71.057029, 42.33831 ], [ -71.057112, 42.338333 ], [ -71.057118, 42.337904 ], [ -71.056964, 42.337712 ], [ -71.056733, 42.337375 ], [ -71.056632, 42.337215 ], [ -71.056486, 42.336984 ], [ -71.056204, 42.33651 ], [ -71.055958, 42.336097 ], [ -71.055766, 42.335786 ], [ -71.055308, 42.335047 ], [ -71.054839, 42.334259 ], [ -71.054602, 42.333861 ], [ -71.054483, 42.333662 ], [ -71.054178, 42.333157 ], [ -71.054094, 42.333019 ], [ -71.053959, 42.332796 ], [ -71.053875, 42.332663 ], [ -71.05372, 42.332417 ], [ -71.053661, 42.332324 ], [ -71.053408, 42.331929 ], [ -71.05319, 42.331573 ], [ -71.053151, 42.33152 ], [ -71.053071, 42.331364 ], [ -71.05305, 42.331318 ], [ -71.052964, 42.331127 ], [ -71.05284, 42.330785 ], [ -71.052802, 42.330634 ], [ -71.052766, 42.330487 ], [ -71.052722, 42.330213 ], [ -71.052703, 42.330035 ], [ -71.052659, 42.329356 ], [ -71.052583, 42.329206 ], [ -71.052501, 42.329142 ], [ -71.052469, 42.329116 ], [ -71.052354, 42.329079 ], [ -71.052234, 42.329058 ], [ -71.052119, 42.329061 ], [ -71.052017, 42.329089 ], [ -71.05193, 42.329148 ], [ -71.051846, 42.329246 ], [ -71.051816, 42.329313 ], [ -71.051811, 42.329374 ], [ -71.051827, 42.329435 ], [ -71.051875, 42.3295 ], [ -71.052116, 42.329624 ], [ -71.051821, 42.329574 ], [ -71.051723, 42.329586 ], [ -71.051618, 42.329647 ], [ -71.051525, 42.329712 ], [ -71.051415, 42.329797 ], [ -71.051239, 42.329898 ], [ -71.051149, 42.329939 ], [ -71.050754, 42.33011 ], [ -71.050419, 42.330213 ], [ -71.050131, 42.330298 ], [ -71.049871, 42.330324 ], [ -71.049507, 42.330341 ], [ -71.049347, 42.330345 ], [ -71.048907, 42.330357 ], [ -71.048169, 42.330392 ], [ -71.04796, 42.330399 ], [ -71.047384, 42.330419 ], [ -71.047385, 42.330136 ], [ -71.046173, 42.330158 ], [ -71.045329, 42.33018 ], [ -71.044904, 42.330178 ], [ -71.044053, 42.330192 ], [ -71.042792, 42.330224 ], [ -71.042035, 42.330237 ], [ -71.041528, 42.330234 ], [ -71.040903, 42.330209 ], [ -71.040119, 42.330135 ], [ -71.039791, 42.330088 ], [ -71.039542, 42.330052 ], [ -71.03904, 42.329957 ], [ -71.037754, 42.329641 ], [ -71.037248, 42.329525 ], [ -71.037076, 42.329486 ], [ -71.03646, 42.329394 ], [ -71.036044, 42.329348 ], [ -71.035591, 42.329333 ], [ -71.035207, 42.32935 ] ] ] } },
{ "type": "Feature", "properties": { "district_id": "484", "eigen": 0.00518121895275276, "rank": 96 }, "geometry": { "type": "Polygon", "coordinates": [ [ [ -71.067218, 42.314614 ], [ -71.066871, 42.314657 ], [ -71.066745, 42.314678 ], [ -71.066393, 42.314736 ], [ -71.06606, 42.314803 ], [ -71.065858, 42.314833 ], [ -71.06564, 42.314849 ], [ -71.06517, 42.314817 ], [ -71.064602, 42.314769 ], [ -71.064566, 42.31463 ], [ -71.064515, 42.314483 ], [ -71.064423, 42.314322 ], [ -71.064302, 42.314178 ], [ -71.064213, 42.314105 ], [ -71.064111, 42.314031 ], [ -71.063999, 42.313975 ], [ -71.06377, 42.31388 ], [ -71.063259, 42.313688 ], [ -71.063012, 42.313593 ], [ -71.062372, 42.313332 ], [ -71.061469, 42.312959 ], [ -71.06074, 42.312675 ], [ -71.060403, 42.312552 ], [ -71.06023, 42.312513 ], [ -71.060267, 42.312674 ], [ -71.060313, 42.312803 ], [ -71.060386, 42.312946 ], [ -71.060405, 42.313006 ], [ -71.060396, 42.313104 ], [ -71.06014, 42.313034 ], [ -71.059549, 42.312886 ], [ -71.059145, 42.312795 ], [ -71.058959, 42.31277 ], [ -71.058881, 42.312771 ], [ -71.058881, 42.312651 ], [ -71.058927, 42.312474 ], [ -71.059255, 42.311409 ], [ -71.059379, 42.311039 ], [ -71.059434, 42.310882 ], [ -71.059509, 42.310681 ], [ -71.059574, 42.310551 ], [ -71.059772, 42.310237 ], [ -71.05981, 42.31019 ], [ -71.059891, 42.310147 ], [ -71.059993, 42.3101 ], [ -71.060061, 42.31008 ], [ -71.060224, 42.310072 ], [ -71.060454, 42.310097 ], [ -71.060746, 42.310205 ], [ -71.060829, 42.310058 ], [ -71.061001, 42.309683 ], [ -71.061034, 42.309611 ], [ -71.06127, 42.309071 ], [ -71.061387, 42.308742 ], [ -71.061974, 42.308678 ], [ -71.062573, 42.308601 ], [ -71.063248, 42.308527 ], [ -71.06373, 42.308463 ], [ -71.063814, 42.308434 ], [ -71.063907, 42.308347 ], [ -71.06403, 42.308247 ], [ -71.064299, 42.308172 ], [ -71.064583, 42.308116 ], [ -71.06503, 42.30808 ], [ -71.065512, 42.307622 ], [ -71.065836, 42.307314 ], [ -71.066494, 42.306709 ], [ -71.066224, 42.306543 ], [ -71.066131, 42.306476 ], [ -71.066079, 42.30642 ], [ -71.066042, 42.306364 ], [ -71.065987, 42.306252 ], [ -71.065387, 42.305315 ], [ -71.065257, 42.305098 ], [ -71.064979, 42.304682 ], [ -71.064682, 42.304203 ], [ -71.064578, 42.304017 ], [ -71.063863, 42.304216 ], [ -71.063952, 42.304369 ], [ -71.064031, 42.304533 ], [ -71.064128, 42.304708 ], [ -71.064554, 42.305394 ], [ -71.064301, 42.305459 ], [ -71.063424, 42.305701 ], [ -71.063123, 42.305002 ], [ -71.062404, 42.305185 ], [ -71.062366, 42.305179 ], [ -71.062303, 42.305164 ], [ -71.061504, 42.30537 ], [ -71.061367, 42.30506 ], [ -71.061157, 42.304559 ], [ -71.060856, 42.303862 ], [ -71.060576, 42.303145 ], [ -71.060321, 42.302506 ], [ -71.060149, 42.30215 ], [ -71.059909, 42.301736 ], [ -71.059796, 42.301538 ], [ -71.059689, 42.301954 ], [ -71.059588, 42.30241 ], [ -71.059525, 42.302764 ], [ -71.059429, 42.303127 ], [ -71.059303, 42.303149 ], [ -71.059087, 42.303227 ], [ -71.058776, 42.303333 ], [ -71.058062, 42.303623 ], [ -71.057372, 42.303907 ], [ -71.056318, 42.304327 ], [ -71.056091, 42.304437 ], [ -71.055973, 42.304517 ], [ -71.055869, 42.304472 ], [ -71.055563, 42.304365 ], [ -71.055507, 42.304349 ], [ -71.055432, 42.304323 ], [ -71.055318, 42.304284 ], [ -71.054282, 42.303843 ], [ -71.053835, 42.303621 ], [ -71.053333, 42.303361 ], [ -71.052564, 42.302937 ], [ -71.051999, 42.302504 ], [ -71.051591, 42.302213 ], [ -71.051303, 42.301981 ], [ -71.051052, 42.301747 ], [ -71.050782, 42.301542 ], [ -71.050317, 42.30129 ], [ -71.049816, 42.301017 ], [ -71.04946, 42.300822 ], [ -71.049268, 42.301197 ], [ -71.049196, 42.301337 ], [ -71.049138, 42.301439 ], [ -71.04893, 42.301889 ], [ -71.04863, 42.302388 ], [ -71.048375, 42.302856 ], [ -71.048244, 42.303135 ], [ -71.048182, 42.303267 ], [ -71.047622, 42.304458 ], [ -71.047478, 42.304424 ], [ -71.047514, 42.304344 ], [ -71.047753, 42.303834 ], [ -71.041687, 42.302151 ], [ -71.042205, 42.303284 ], [ -71.043452, 42.303676 ], [ -71.04539, 42.303892 ], [ -71.044779, 42.304933 ], [ -71.044116, 42.306719 ], [ -71.043346, 42.307936 ], [ -71.041858, 42.308535 ], [ -71.041744, 42.308663 ], [ -71.041571, 42.308752 ], [ -71.041188, 42.309016 ], [ -71.040996, 42.309172 ], [ -71.040709, 42.309294 ], [ -71.040149, 42.309764 ], [ -71.041422, 42.311083 ], [ -71.039812, 42.31026 ], [ -71.039259, 42.309958 ], [ -71.038383, 42.309448 ], [ -71.03728, 42.309202 ], [ -71.03709, 42.309309 ], [ -71.036708, 42.309415 ], [ -71.036421, 42.309524 ], [ -71.03623, 42.309577 ], [ -71.036039, 42.309679 ], [ -71.035847, 42.30989 ], [ -71.035846, 42.309958 ], [ -71.035463, 42.310213 ], [ -71.033817, 42.311234 ], [ -71.03234, 42.312324 ], [ -71.031792, 42.312623 ], [ -71.031367, 42.313323 ], [ -71.031446, 42.315027 ], [ -71.031572, 42.31658 ], [ -71.032235, 42.316801 ], [ -71.034019, 42.317293 ], [ -71.034366, 42.317397 ], [ -71.035329, 42.317736 ], [ -71.036166, 42.317957 ], [ -71.035661, 42.318144 ], [ -71.035298, 42.318739 ], [ -71.035692, 42.319031 ], [ -71.037887, 42.320198 ], [ -71.03896, 42.32069 ], [ -71.040254, 42.321284 ], [ -71.042228, 42.322019 ], [ -71.042662, 42.32259 ], [ -71.04274, 42.322795 ], [ -71.043127, 42.323115 ], [ -71.043667, 42.323381 ], [ -71.044225, 42.323621 ], [ -71.044716, 42.323753 ], [ -71.045414, 42.323798 ], [ -71.045789, 42.323561 ], [ -71.046227, 42.323285 ], [ -71.047841, 42.322592 ], [ -71.048946, 42.323492 ], [ -71.048956, 42.323429 ], [ -71.048978, 42.323359 ], [ -71.049051, 42.323124 ], [ -71.049195, 42.322852 ], [ -71.049406, 42.322582 ], [ -71.049564, 42.322427 ], [ -71.04983, 42.322223 ], [ -71.050092, 42.322074 ], [ -71.050244, 42.322017 ], [ -71.050278, 42.321884 ], [ -71.050283, 42.321864 ], [ -71.050307, 42.321768 ], [ -71.050309, 42.32151 ], [ -71.050234, 42.321203 ], [ -71.050213, 42.321155 ], [ -71.050227, 42.321031 ], [ -71.050244, 42.320962 ], [ -71.050309, 42.320887 ], [ -71.0504, 42.320815 ], [ -71.050468, 42.320788 ], [ -71.050604, 42.320758 ], [ -71.050787, 42.32083 ], [ -71.050925, 42.320876 ], [ -71.051035, 42.32107 ], [ -71.051133, 42.321188 ], [ -71.05125, 42.321308 ], [ -71.051368, 42.32141 ], [ -71.051552, 42.321435 ], [ -71.051809, 42.321444 ], [ -71.051994, 42.32146 ], [ -71.052037, 42.321464 ], [ -71.052093, 42.321469 ], [ -71.052119, 42.321583 ], [ -71.052313, 42.322622 ], [ -71.052392, 42.322976 ], [ -71.052397, 42.323061 ], [ -71.052416, 42.323437 ], [ -71.052437, 42.324334 ], [ -71.052474, 42.32531 ], [ -71.052485, 42.326071 ], [ -71.052534, 42.32681 ], [ -71.052565, 42.327112 ], [ -71.05259, 42.327515 ], [ -71.052619, 42.328433 ], [ -71.052624, 42.328597 ], [ -71.053447, 42.328593 ], [ -71.053734, 42.328592 ], [ -71.054274, 42.328589 ], [ -71.0547, 42.328585 ], [ -71.055258, 42.328577 ], [ -71.05569, 42.328571 ], [ -71.056282, 42.328571 ], [ -71.056928, 42.328552 ], [ -71.056915, 42.328035 ], [ -71.057199, 42.328032 ], [ -71.057335, 42.328036 ], [ -71.057471, 42.328046 ], [ -71.057616, 42.328075 ], [ -71.057845, 42.328139 ], [ -71.057749, 42.328376 ], [ -71.058133, 42.328503 ], [ -71.058221, 42.328546 ], [ -71.058251, 42.328584 ], [ -71.058265, 42.328629 ], [ -71.058253, 42.329173 ], [ -71.058241, 42.329734 ], [ -71.059288, 42.329973 ], [ -71.060219, 42.330135 ], [ -71.060776, 42.330248 ], [ -71.060802, 42.330253 ], [ -71.061061, 42.330308 ], [ -71.061383, 42.330367 ], [ -71.061657, 42.330415 ], [ -71.062975, 42.330683 ], [ -71.063142, 42.330709 ], [ -71.06328, 42.33073 ], [ -71.063505, 42.330777 ], [ -71.063553, 42.330791 ], [ -71.06432, 42.329573 ], [ -71.065486, 42.327728 ], [ -71.066388, 42.326322 ], [ -71.066431, 42.326256 ], [ -71.066655, 42.325845 ], [ -71.066934, 42.325151 ], [ -71.067077, 42.324775 ], [ -71.067174, 42.324464 ], [ -71.067341, 42.323911 ], [ -71.067507, 42.323297 ], [ -71.066905, 42.322586 ], [ -71.066476, 42.322093 ], [ -71.066088, 42.321646 ], [ -71.06594, 42.321499 ], [ -71.065756, 42.321374 ], [ -71.065596, 42.321294 ], [ -71.065495, 42.321263 ], [ -71.065383, 42.321234 ], [ -71.064429, 42.321112 ], [ -71.063594, 42.321033 ], [ -71.063332, 42.321014 ], [ -71.063154, 42.320978 ], [ -71.062934, 42.320911 ], [ -71.062131, 42.320557 ], [ -71.061865, 42.320477 ], [ -71.06172, 42.320468 ], [ -71.061481, 42.3205 ], [ -71.061757, 42.3204 ], [ -71.06211, 42.320189 ], [ -71.062523, 42.319893 ], [ -71.062684, 42.31974 ], [ -71.062852, 42.319563 ], [ -71.063159, 42.319194 ], [ -71.063572, 42.318618 ], [ -71.063719, 42.318409 ], [ -71.063978, 42.318041 ], [ -71.064157, 42.317791 ], [ -71.064313, 42.317637 ], [ -71.064643, 42.31737 ], [ -71.064864, 42.317242 ], [ -71.0652, 42.317071 ], [ -71.065466, 42.31691 ], [ -71.065578, 42.316818 ], [ -71.066124, 42.316195 ], [ -71.066402, 42.315882 ], [ -71.066597, 42.315648 ], [ -71.066771, 42.315449 ], [ -71.067146, 42.314992 ], [ -71.067429, 42.314603 ], [ -71.067218, 42.314614 ] ] ] } },
{ "type": "Feature", "properties": { "district_id": "485", "eigen": 0.010007680621149829, "rank": 34 }, "geometry": { "type": "Polygon", "coordinates": [ [ [ -71.042363, 42.300088 ], [ -71.042204, 42.300496 ], [ -71.041939, 42.30085 ], [ -71.041753, 42.301282 ], [ -71.041687, 42.302151 ], [ -71.047753, 42.303834 ], [ -71.047514, 42.304344 ], [ -71.047478, 42.304424 ], [ -71.047622, 42.304458 ], [ -71.048182, 42.303267 ], [ -71.048244, 42.303135 ], [ -71.048375, 42.302856 ], [ -71.04863, 42.302388 ], [ -71.04893, 42.301889 ], [ -71.049138, 42.301439 ], [ -71.049196, 42.301337 ], [ -71.049268, 42.301197 ], [ -71.04946, 42.300822 ], [ -71.049816, 42.301017 ], [ -71.050317, 42.30129 ], [ -71.050782, 42.301542 ], [ -71.051052, 42.301747 ], [ -71.051303, 42.301981 ], [ -71.051591, 42.302213 ], [ -71.051999, 42.302504 ], [ -71.052564, 42.302937 ], [ -71.053333, 42.303361 ], [ -71.053835, 42.303621 ], [ -71.054282, 42.303843 ], [ -71.055318, 42.304284 ], [ -71.055432, 42.304323 ], [ -71.055507, 42.304349 ], [ -71.055563, 42.304365 ], [ -71.055869, 42.304472 ], [ -71.055973, 42.304517 ], [ -71.056091, 42.304437 ], [ -71.056318, 42.304327 ], [ -71.057372, 42.303907 ], [ -71.058062, 42.303623 ], [ -71.058776, 42.303333 ], [ -71.059087, 42.303227 ], [ -71.059303, 42.303149 ], [ -71.059429, 42.303127 ], [ -71.059525, 42.302764 ], [ -71.059588, 42.30241 ], [ -71.059689, 42.301954 ], [ -71.059796, 42.301538 ], [ -71.059869, 42.301313 ], [ -71.060015, 42.300759 ], [ -71.060126, 42.300456 ], [ -71.060163, 42.300302 ], [ -71.060204, 42.300133 ], [ -71.060258, 42.299948 ], [ -71.060306, 42.299756 ], [ -71.06048, 42.299154 ], [ -71.060653, 42.298647 ], [ -71.060766, 42.298193 ], [ -71.061035, 42.297205 ], [ -71.06117, 42.296761 ], [ -71.061321, 42.29622 ], [ -71.061371, 42.296066 ], [ -71.061445, 42.29582 ], [ -71.061499, 42.295643 ], [ -71.061542, 42.295473 ], [ -71.061669, 42.29507 ], [ -71.061818, 42.294582 ], [ -71.061968, 42.294075 ], [ -71.062091, 42.293656 ], [ -71.06214, 42.293505 ], [ -71.062259, 42.29301 ], [ -71.062343, 42.292728 ], [ -71.062489, 42.29221 ], [ -71.062611, 42.291809 ], [ -71.062693, 42.291516 ], [ -71.062805, 42.291121 ], [ -71.062933, 42.290624 ], [ -71.063115, 42.289966 ], [ -71.063146, 42.289887 ], [ -71.063261, 42.289459 ], [ -71.06345, 42.288766 ], [ -71.063515, 42.288547 ], [ -71.063643, 42.288112 ], [ -71.063726, 42.287778 ], [ -71.063796, 42.287492 ], [ -71.063965, 42.286934 ], [ -71.064125, 42.286345 ], [ -71.064137, 42.286276 ], [ -71.064179, 42.286168 ], [ -71.064252, 42.285869 ], [ -71.064303, 42.285699 ], [ -71.064422, 42.285283 ], [ -71.064562, 42.28478 ], [ -71.064714, 42.284276 ], [ -71.064787, 42.283999 ], [ -71.064872, 42.283699 ], [ -71.065055, 42.283027 ], [ -71.065066, 42.283003 ], [ -71.065279, 42.282235 ], [ -71.065322, 42.282054 ], [ -71.065366, 42.281901 ], [ -71.06544, 42.281644 ], [ -71.065661, 42.280875 ], [ -71.065806, 42.280341 ], [ -71.06592, 42.279928 ], [ -71.066386, 42.279803 ], [ -71.067237, 42.279561 ], [ -71.06785, 42.279374 ], [ -71.068142, 42.279274 ], [ -71.068576, 42.279131 ], [ -71.068632, 42.279113 ], [ -71.068725, 42.279082 ], [ -71.069501, 42.278813 ], [ -71.069572, 42.278789 ], [ -71.069786, 42.278718 ], [ -71.070217, 42.278572 ], [ -71.070567, 42.278454 ], [ -71.071015, 42.278314 ], [ -71.071676, 42.278184 ], [ -71.072223, 42.27811 ], [ -71.072774, 42.278073 ], [ -71.073166, 42.27805 ], [ -71.073702, 42.278068 ], [ -71.074526, 42.278111 ], [ -71.074728, 42.278133 ], [ -71.075724, 42.278247 ], [ -71.075779, 42.27825 ], [ -71.076316, 42.278299 ], [ -71.076629, 42.278329 ], [ -71.078, 42.278484 ], [ -71.078891, 42.278567 ], [ -71.079368, 42.278639 ], [ -71.079896, 42.278731 ], [ -71.079992, 42.278759 ], [ -71.080438, 42.27896 ], [ -71.079822, 42.278585 ], [ -71.079613, 42.278448 ], [ -71.078658, 42.277857 ], [ -71.078293, 42.277695 ], [ -71.077597, 42.27738 ], [ -71.077251, 42.277217 ], [ -71.077805, 42.27651 ], [ -71.078152, 42.276083 ], [ -71.07831, 42.275882 ], [ -71.078447, 42.27574 ], [ -71.07833, 42.275517 ], [ -71.078251, 42.275347 ], [ -71.078163, 42.27516 ], [ -71.077922, 42.274561 ], [ -71.077886, 42.274471 ], [ -71.077781, 42.274164 ], [ -71.077615, 42.273782 ], [ -71.078207, 42.273658 ], [ -71.079003, 42.273409 ], [ -71.07892, 42.273195 ], [ -71.078792, 42.272951 ], [ -71.078703, 42.272813 ], [ -71.078585, 42.272586 ], [ -71.078501, 42.272278 ], [ -71.078504, 42.271708 ], [ -71.078615, 42.271693 ], [ -71.078879, 42.271632 ], [ -71.07924, 42.27154 ], [ -71.079467, 42.271503 ], [ -71.079711, 42.271464 ], [ -71.080159, 42.271408 ], [ -71.080563, 42.271386 ], [ -71.080975, 42.271355 ], [ -71.081422, 42.271333 ], [ -71.081845, 42.271323 ], [ -71.082208, 42.27132 ], [ -71.08252, 42.271326 ], [ -71.082924, 42.271334 ], [ -71.083365, 42.271288 ], [ -71.083753, 42.271248 ], [ -71.084564, 42.271096 ], [ -71.085181, 42.270985 ], [ -71.085396, 42.27094 ], [ -71.085875, 42.270822 ], [ -71.087627, 42.270244 ], [ -71.087884, 42.270183 ], [ -71.088182, 42.270132 ], [ -71.088417, 42.270118 ], [ -71.08866, 42.270113 ], [ -71.088916, 42.270145 ], [ -71.089227, 42.270167 ], [ -71.089331, 42.270172 ], [ -71.089525, 42.270163 ], [ -71.089754, 42.270112 ], [ -71.089823, 42.270081 ], [ -71.090073, 42.269948 ], [ -71.089403, 42.26969 ], [ -71.089172, 42.269738 ], [ -71.08915, 42.269742 ], [ -71.088672, 42.269733 ], [ -71.088105, 42.269631 ], [ -71.087751, 42.269555 ], [ -71.087631, 42.269524 ], [ -71.086977, 42.269378 ], [ -71.086722, 42.269329 ], [ -71.085723, 42.269119 ], [ -71.085579, 42.269086 ], [ -71.085395, 42.269044 ], [ -71.084241, 42.268827 ], [ -71.083381, 42.268688 ], [ -71.082761, 42.268634 ], [ -71.082614, 42.268642 ], [ -71.082499, 42.268664 ], [ -71.082487, 42.26867 ], [ -71.082241, 42.268757 ], [ -71.081513, 42.269025 ], [ -71.080852, 42.269322 ], [ -71.080321, 42.269447 ], [ -71.080003, 42.269464 ], [ -71.07986, 42.269471 ], [ -71.079199, 42.269536 ], [ -71.078767, 42.269574 ], [ -71.078573, 42.269606 ], [ -71.07847, 42.26965 ], [ -71.07828, 42.269797 ], [ -71.078158, 42.269892 ], [ -71.077846, 42.270018 ], [ -71.077578, 42.270154 ], [ -71.077108, 42.270383 ], [ -71.076856, 42.270455 ], [ -71.076492, 42.270509 ], [ -71.076054, 42.270524 ], [ -71.075631, 42.270461 ], [ -71.075246, 42.2703 ], [ -71.075056, 42.270277 ], [ -71.074894, 42.270303 ], [ -71.074779, 42.270309 ], [ -71.074568, 42.270316 ], [ -71.074487, 42.270318 ], [ -71.074001, 42.27029 ], [ -71.07371, 42.270286 ], [ -71.07359, 42.270293 ], [ -71.073295, 42.27031 ], [ -71.073264, 42.270317 ], [ -71.073226, 42.270314 ], [ -71.073209, 42.270316 ], [ -71.073131, 42.270325 ], [ -71.073042, 42.270331 ], [ -71.072986, 42.27034 ], [ -71.072898, 42.270382 ], [ -71.072714, 42.270528 ], [ -71.072431, 42.270687 ], [ -71.072044, 42.270817 ], [ -71.07168, 42.270855 ], [ -71.071346, 42.270837 ], [ -71.071205, 42.270803 ], [ -71.07105, 42.270737 ], [ -71.071027, 42.270729 ], [ -71.070931, 42.270709 ], [ -71.070608, 42.27063 ], [ -71.070415, 42.270613 ], [ -71.069784, 42.270605 ], [ -71.06971, 42.270611 ], [ -71.06946, 42.270632 ], [ -71.069302, 42.270644 ], [ -71.069253, 42.270649 ], [ -71.069011, 42.270662 ], [ -71.068845, 42.270696 ], [ -71.068778, 42.27071 ], [ -71.068693, 42.270732 ], [ -71.068502, 42.270775 ], [ -71.068414, 42.270806 ], [ -71.068375, 42.270827 ], [ -71.06814, 42.271 ], [ -71.067973, 42.271149 ], [ -71.067954, 42.271169 ], [ -71.067833, 42.271369 ], [ -71.067815, 42.271396 ], [ -71.06778, 42.271421 ], [ -71.067704, 42.27149 ], [ -71.067522, 42.271505 ], [ -71.067281, 42.27145 ], [ -71.066955, 42.271404 ], [ -71.066414, 42.27132 ], [ -71.066036, 42.271268 ], [ -71.065769, 42.271201 ], [ -71.065458, 42.271007 ], [ -71.065284, 42.27084 ], [ -71.065253, 42.270809 ], [ -71.065097, 42.270659 ], [ -71.064905, 42.270391 ], [ -71.064781, 42.270167 ], [ -71.064747, 42.269955 ], [ -71.064784, 42.269852 ], [ -71.064825, 42.269741 ], [ -71.065012, 42.269465 ], [ -71.065033, 42.269286 ], [ -71.064937, 42.268971 ], [ -71.064695, 42.268607 ], [ -71.064104, 42.268118 ], [ -71.063953, 42.267976 ], [ -71.063513, 42.26756 ], [ -71.063102, 42.267344 ], [ -71.062891, 42.267286 ], [ -71.0626, 42.267206 ], [ -71.062189, 42.267159 ], [ -71.061828, 42.267208 ], [ -71.061423, 42.267325 ], [ -71.060979, 42.267454 ], [ -71.058678, 42.268786 ], [ -71.057892, 42.269269 ], [ -71.056601, 42.27006 ], [ -71.055411, 42.270716 ], [ -71.055039, 42.270941 ], [ -71.054334, 42.271366 ], [ -71.053836, 42.271699 ], [ -71.053691, 42.271816 ], [ -71.053605, 42.271954 ], [ -71.053507, 42.272229 ], [ -71.053493, 42.272238 ], [ -71.053494, 42.272458 ], [ -71.054073, 42.273396 ], [ -71.054102, 42.273443 ], [ -71.054996, 42.274168 ], [ -71.055349, 42.274621 ], [ -71.055388, 42.274696 ], [ -71.055575, 42.275052 ], [ -71.055585, 42.275709 ], [ -71.055467, 42.27593 ], [ -71.055245, 42.276343 ], [ -71.054918, 42.276605 ], [ -71.054401, 42.277019 ], [ -71.053912, 42.277266 ], [ -71.05349, 42.277425 ], [ -71.053284, 42.277502 ], [ -71.052597, 42.277669 ], [ -71.051271, 42.277926 ], [ -71.049802, 42.2781 ], [ -71.049238, 42.278064 ], [ -71.048583, 42.277914 ], [ -71.048491, 42.277862 ], [ -71.048312, 42.277766 ], [ -71.047602, 42.277373 ], [ -71.047116, 42.277083 ], [ -71.04488, 42.276266 ], [ -71.044421, 42.276313 ], [ -71.043913, 42.276527 ], [ -71.043042, 42.276893 ], [ -71.042782, 42.277102 ], [ -71.042433, 42.277329 ], [ -71.041594, 42.278098 ], [ -71.041501, 42.278419 ], [ -71.041364, 42.278891 ], [ -71.041273, 42.279205 ], [ -71.041136, 42.279678 ], [ -71.040999, 42.280151 ], [ -71.040908, 42.280466 ], [ -71.040857, 42.280643 ], [ -71.04078, 42.28091 ], [ -71.040703, 42.281176 ], [ -71.040651, 42.281354 ], [ -71.040513, 42.281832 ], [ -71.040494, 42.281898 ], [ -71.039732, 42.2831 ], [ -71.039466, 42.28352 ], [ -71.039403, 42.283621 ], [ -71.039293, 42.283799 ], [ -71.039175, 42.283892 ], [ -71.03908, 42.283966 ], [ -71.039024, 42.284012 ], [ -71.038967, 42.284057 ], [ -71.038939, 42.284079 ], [ -71.038895, 42.284114 ], [ -71.038852, 42.284147 ], [ -71.038823, 42.28417 ], [ -71.038637, 42.284315 ], [ -71.038358, 42.284534 ], [ -71.03808, 42.284752 ], [ -71.037894, 42.284898 ], [ -71.037818, 42.285012 ], [ -71.03718, 42.28597 ], [ -71.035294, 42.288798 ], [ -71.035513, 42.289211 ], [ -71.036118, 42.29035 ], [ -71.036227, 42.290556 ], [ -71.036392, 42.290866 ], [ -71.036556, 42.291176 ], [ -71.036666, 42.291383 ], [ -71.036948, 42.291629 ], [ -71.037109, 42.29178 ], [ -71.037666, 42.292703 ], [ -71.038462, 42.293469 ], [ -71.039736, 42.293822 ], [ -71.041461, 42.294333 ], [ -71.042416, 42.29447 ], [ -71.043372, 42.294823 ], [ -71.043508, 42.295227 ], [ -71.043558, 42.295373 ], [ -71.042788, 42.295883 ], [ -71.042735, 42.296629 ], [ -71.042947, 42.297454 ], [ -71.043664, 42.298337 ], [ -71.042815, 42.298631 ], [ -71.042204, 42.299358 ], [ -71.042363, 42.300088 ] ] ] } },
{ "type": "Feature", "properties": { "district_id": "486", "eigen": 0.0093359765629960397, "rank": 48 }, "geometry": { "type": "Polygon", "coordinates": [ [ [ -71.095759, 42.291973 ], [ -71.095866, 42.291903 ], [ -71.096265, 42.291663 ], [ -71.096505, 42.291531 ], [ -71.097005, 42.291305 ], [ -71.097142, 42.291251 ], [ -71.097403, 42.291147 ], [ -71.09747, 42.291121 ], [ -71.099643, 42.290443 ], [ -71.099854, 42.290364 ], [ -71.100114, 42.290291 ], [ -71.099995, 42.29009 ], [ -71.099946, 42.289917 ], [ -71.09994, 42.289856 ], [ -71.099926, 42.28972 ], [ -71.099915, 42.289467 ], [ -71.099936, 42.289249 ], [ -71.10007, 42.288617 ], [ -71.100173, 42.28832 ], [ -71.100263, 42.288173 ], [ -71.100331, 42.288073 ], [ -71.100523, 42.287962 ], [ -71.100646, 42.287912 ], [ -71.100484, 42.287609 ], [ -71.100401, 42.287475 ], [ -71.100288, 42.28729 ], [ -71.100086, 42.286939 ], [ -71.099951, 42.286719 ], [ -71.099911, 42.286655 ], [ -71.099707, 42.286437 ], [ -71.099473, 42.286572 ], [ -71.099341, 42.286648 ], [ -71.099196, 42.286704 ], [ -71.099057, 42.28674 ], [ -71.098856, 42.286765 ], [ -71.098613, 42.286764 ], [ -71.098288, 42.286732 ], [ -71.098143, 42.286711 ], [ -71.097969, 42.28671 ], [ -71.097796, 42.286731 ], [ -71.097581, 42.286776 ], [ -71.097468, 42.286822 ], [ -71.096236, 42.287236 ], [ -71.095743, 42.287403 ], [ -71.095647, 42.287395 ], [ -71.095557, 42.287388 ], [ -71.095196, 42.287384 ], [ -71.095058, 42.28744 ], [ -71.094896, 42.287216 ], [ -71.095026, 42.287143 ], [ -71.095228, 42.286989 ], [ -71.095452, 42.286744 ], [ -71.096105, 42.286043 ], [ -71.096316, 42.285818 ], [ -71.096773, 42.285335 ], [ -71.097393, 42.284713 ], [ -71.09772, 42.284363 ], [ -71.098663, 42.283353 ], [ -71.099451, 42.282494 ], [ -71.099632, 42.282336 ], [ -71.099301, 42.282139 ], [ -71.098804, 42.281884 ], [ -71.09845, 42.281698 ], [ -71.099771, 42.280448 ], [ -71.100542, 42.279606 ], [ -71.100408, 42.279533 ], [ -71.099984, 42.279304 ], [ -71.099503, 42.279119 ], [ -71.101097, 42.277759 ], [ -71.102094, 42.278287 ], [ -71.103139, 42.277285 ], [ -71.1037, 42.276747 ], [ -71.103906, 42.276835 ], [ -71.104372, 42.277066 ], [ -71.104652, 42.276802 ], [ -71.107526, 42.278302 ], [ -71.107535, 42.278202 ], [ -71.10765, 42.277796 ], [ -71.107742, 42.277505 ], [ -71.107842, 42.27728 ], [ -71.10789, 42.277175 ], [ -71.108158, 42.276504 ], [ -71.10839, 42.275972 ], [ -71.108461, 42.275771 ], [ -71.108545, 42.275493 ], [ -71.10858, 42.275395 ], [ -71.108648, 42.275255 ], [ -71.10877, 42.275028 ], [ -71.109099, 42.274508 ], [ -71.109191, 42.274363 ], [ -71.109317, 42.274455 ], [ -71.109482, 42.274577 ], [ -71.109643, 42.274669 ], [ -71.109813, 42.274765 ], [ -71.110374, 42.275065 ], [ -71.110823, 42.275348 ], [ -71.111262, 42.275582 ], [ -71.111332, 42.275625 ], [ -71.11186, 42.275877 ], [ -71.112495, 42.276201 ], [ -71.112744, 42.27632 ], [ -71.112797, 42.276357 ], [ -71.113233, 42.276579 ], [ -71.11379, 42.276856 ], [ -71.114188, 42.2771 ], [ -71.114534, 42.277371 ], [ -71.115342, 42.278039 ], [ -71.116377, 42.278859 ], [ -71.116632, 42.279001 ], [ -71.116594, 42.278735 ], [ -71.116503, 42.278508 ], [ -71.116381, 42.27834 ], [ -71.116173, 42.278096 ], [ -71.115974, 42.277854 ], [ -71.115848, 42.277642 ], [ -71.115775, 42.277475 ], [ -71.115734, 42.277295 ], [ -71.115853, 42.277197 ], [ -71.115975, 42.277164 ], [ -71.116264, 42.27706 ], [ -71.117321, 42.276634 ], [ -71.117207, 42.275871 ], [ -71.117783, 42.276092 ], [ -71.118522, 42.27642 ], [ -71.118956, 42.27662 ], [ -71.119534, 42.276868 ], [ -71.119405, 42.277431 ], [ -71.119176, 42.278637 ], [ -71.119326, 42.278663 ], [ -71.119686, 42.278773 ], [ -71.119941, 42.278815 ], [ -71.119993, 42.278819 ], [ -71.120017, 42.278821 ], [ -71.120378, 42.278776 ], [ -71.120302, 42.278651 ], [ -71.120295, 42.278554 ], [ -71.120303, 42.27842 ], [ -71.120348, 42.27819 ], [ -71.120636, 42.276895 ], [ -71.120807, 42.276064 ], [ -71.120866, 42.275871 ], [ -71.12099, 42.275646 ], [ -71.121435, 42.274639 ], [ -71.121321, 42.274378 ], [ -71.121244, 42.27422 ], [ -71.121237, 42.274097 ], [ -71.121253, 42.273952 ], [ -71.12129, 42.273823 ], [ -71.121333, 42.273797 ], [ -71.121456, 42.273776 ], [ -71.122435, 42.273795 ], [ -71.123666, 42.27382 ], [ -71.123566, 42.27354 ], [ -71.12445, 42.273001 ], [ -71.124914, 42.272699 ], [ -71.124798, 42.272585 ], [ -71.124667, 42.272458 ], [ -71.124154, 42.271954 ], [ -71.123714, 42.271522 ], [ -71.123587, 42.271416 ], [ -71.12349, 42.271349 ], [ -71.123363, 42.271309 ], [ -71.122973, 42.271224 ], [ -71.122161, 42.271037 ], [ -71.121776, 42.270676 ], [ -71.12144, 42.270386 ], [ -71.121413, 42.270452 ], [ -71.121346, 42.270594 ], [ -71.121185, 42.270684 ], [ -71.120999, 42.270549 ], [ -71.120778, 42.270415 ], [ -71.120607, 42.270284 ], [ -71.120252, 42.269814 ], [ -71.120003, 42.269411 ], [ -71.119519, 42.26866 ], [ -71.118897, 42.267638 ], [ -71.118391, 42.266843 ], [ -71.11827, 42.266595 ], [ -71.118089, 42.266649 ], [ -71.117564, 42.266785 ], [ -71.116872, 42.266974 ], [ -71.116427, 42.267112 ], [ -71.115894, 42.267292 ], [ -71.115394, 42.267467 ], [ -71.114847, 42.267669 ], [ -71.113676, 42.268095 ], [ -71.112828, 42.268417 ], [ -71.112389, 42.268564 ], [ -71.111344, 42.268952 ], [ -71.110995, 42.269039 ], [ -71.111486, 42.267964 ], [ -71.111627, 42.267612 ], [ -71.111649, 42.267484 ], [ -71.111622, 42.267359 ], [ -71.111436, 42.267033 ], [ -71.111131, 42.266554 ], [ -71.110828, 42.266065 ], [ -71.110715, 42.265904 ], [ -71.11033, 42.265365 ], [ -71.110144, 42.265075 ], [ -71.109862, 42.26466 ], [ -71.109587, 42.264269 ], [ -71.109491, 42.264103 ], [ -71.109237, 42.263762 ], [ -71.108852, 42.263194 ], [ -71.108639, 42.262878 ], [ -71.10842, 42.262591 ], [ -71.108316, 42.262667 ], [ -71.108162, 42.262781 ], [ -71.107772, 42.262966 ], [ -71.107743, 42.262975 ], [ -71.107259, 42.262286 ], [ -71.106903, 42.261928 ], [ -71.107319, 42.261701 ], [ -71.107728, 42.26148 ], [ -71.108085, 42.261297 ], [ -71.108273, 42.261191 ], [ -71.108362, 42.261141 ], [ -71.108388, 42.261126 ], [ -71.108405, 42.261116 ], [ -71.108337, 42.261059 ], [ -71.108126, 42.260881 ], [ -71.107926, 42.260788 ], [ -71.107605, 42.260674 ], [ -71.107461, 42.260652 ], [ -71.107026, 42.260679 ], [ -71.106741, 42.260724 ], [ -71.106332, 42.260798 ], [ -71.106079, 42.260843 ], [ -71.105887, 42.260863 ], [ -71.105789, 42.260863 ], [ -71.10577, 42.260863 ], [ -71.105743, 42.260863 ], [ -71.105662, 42.260862 ], [ -71.105634, 42.260862 ], [ -71.105595, 42.260862 ], [ -71.105541, 42.260872 ], [ -71.10526, 42.260856 ], [ -71.105001, 42.260804 ], [ -71.104756, 42.260664 ], [ -71.104541, 42.260469 ], [ -71.104377, 42.260204 ], [ -71.104189, 42.259986 ], [ -71.104062, 42.259862 ], [ -71.103963, 42.25981 ], [ -71.103929, 42.259781 ], [ -71.103874, 42.259764 ], [ -71.103827, 42.259756 ], [ -71.103735, 42.259733 ], [ -71.103672, 42.259723 ], [ -71.103606, 42.259723 ], [ -71.10343, 42.259725 ], [ -71.103382, 42.259722 ], [ -71.103285, 42.25973 ], [ -71.103142, 42.259752 ], [ -71.103004, 42.259785 ], [ -71.102691, 42.259884 ], [ -71.102408, 42.260023 ], [ -71.102276, 42.260098 ], [ -71.102155, 42.260191 ], [ -71.101853, 42.260376 ], [ -71.101459, 42.260582 ], [ -71.101423, 42.260604 ], [ -71.101352, 42.260643 ], [ -71.101313, 42.260665 ], [ -71.101295, 42.260675 ], [ -71.101055, 42.260842 ], [ -71.100731, 42.26107 ], [ -71.100236, 42.261432 ], [ -71.099801, 42.261768 ], [ -71.099571, 42.261955 ], [ -71.099118, 42.262373 ], [ -71.098864, 42.26259 ], [ -71.098504, 42.262724 ], [ -71.098206, 42.26278 ], [ -71.097899, 42.262882 ], [ -71.09774, 42.262931 ], [ -71.097483, 42.263089 ], [ -71.097218, 42.263463 ], [ -71.09692, 42.263983 ], [ -71.096752, 42.264338 ], [ -71.096432, 42.264737 ], [ -71.096164, 42.265005 ], [ -71.095853, 42.265231 ], [ -71.095685, 42.265351 ], [ -71.095449, 42.265575 ], [ -71.095256, 42.265786 ], [ -71.095076, 42.266035 ], [ -71.094956, 42.266227 ], [ -71.094911, 42.266289 ], [ -71.094778, 42.266513 ], [ -71.09471, 42.266607 ], [ -71.094674, 42.266649 ], [ -71.094648, 42.26668 ], [ -71.094633, 42.266771 ], [ -71.094594, 42.266793 ], [ -71.094385, 42.266992 ], [ -71.094131, 42.267132 ], [ -71.093942, 42.267138 ], [ -71.093908, 42.26714 ], [ -71.093736, 42.267136 ], [ -71.093501, 42.267095 ], [ -71.09341, 42.267082 ], [ -71.093129, 42.267001 ], [ -71.092942, 42.266846 ], [ -71.092626, 42.266729 ], [ -71.0923, 42.266732 ], [ -71.091802, 42.266679 ], [ -71.091323, 42.266595 ], [ -71.091023, 42.266508 ], [ -71.090817, 42.26648 ], [ -71.090496, 42.266552 ], [ -71.090258, 42.266639 ], [ -71.090238, 42.266672 ], [ -71.090159, 42.266839 ], [ -71.090036, 42.267158 ], [ -71.089988, 42.267473 ], [ -71.089872, 42.267745 ], [ -71.089859, 42.267776 ], [ -71.089857, 42.267946 ], [ -71.089857, 42.267958 ], [ -71.089857, 42.268053 ], [ -71.089914, 42.268239 ], [ -71.089967, 42.268416 ], [ -71.090153, 42.268829 ], [ -71.090211, 42.268985 ], [ -71.090191, 42.269076 ], [ -71.090038, 42.269322 ], [ -71.08982, 42.269539 ], [ -71.089504, 42.269669 ], [ -71.089403, 42.26969 ], [ -71.090073, 42.269948 ], [ -71.089823, 42.270081 ], [ -71.089754, 42.270112 ], [ -71.089525, 42.270163 ], [ -71.089331, 42.270172 ], [ -71.089227, 42.270167 ], [ -71.088916, 42.270145 ], [ -71.08866, 42.270113 ], [ -71.088417, 42.270118 ], [ -71.088182, 42.270132 ], [ -71.087884, 42.270183 ], [ -71.087627, 42.270244 ], [ -71.085875, 42.270822 ], [ -71.085396, 42.27094 ], [ -71.085181, 42.270985 ], [ -71.084564, 42.271096 ], [ -71.083753, 42.271248 ], [ -71.083365, 42.271288 ], [ -71.082924, 42.271334 ], [ -71.08252, 42.271326 ], [ -71.082208, 42.27132 ], [ -71.081845, 42.271323 ], [ -71.081422, 42.271333 ], [ -71.080975, 42.271355 ], [ -71.080563, 42.271386 ], [ -71.080159, 42.271408 ], [ -71.079711, 42.271464 ], [ -71.079467, 42.271503 ], [ -71.07924, 42.27154 ], [ -71.078879, 42.271632 ], [ -71.078615, 42.271693 ], [ -71.078504, 42.271708 ], [ -71.078501, 42.272278 ], [ -71.078585, 42.272586 ], [ -71.078703, 42.272813 ], [ -71.078792, 42.272951 ], [ -71.07892, 42.273195 ], [ -71.079003, 42.273409 ], [ -71.078207, 42.273658 ], [ -71.077615, 42.273782 ], [ -71.077781, 42.274164 ], [ -71.077886, 42.274471 ], [ -71.077922, 42.274561 ], [ -71.078163, 42.27516 ], [ -71.078251, 42.275347 ], [ -71.07833, 42.275517 ], [ -71.078447, 42.27574 ], [ -71.07831, 42.275882 ], [ -71.078152, 42.276083 ], [ -71.077805, 42.27651 ], [ -71.077251, 42.277217 ], [ -71.077597, 42.27738 ], [ -71.078293, 42.277695 ], [ -71.078658, 42.277857 ], [ -71.079613, 42.278448 ], [ -71.079822, 42.278585 ], [ -71.080438, 42.27896 ], [ -71.079992, 42.278759 ], [ -71.079896, 42.278731 ], [ -71.079368, 42.278639 ], [ -71.078891, 42.278567 ], [ -71.078, 42.278484 ], [ -71.076629, 42.278329 ], [ -71.076316, 42.278299 ], [ -71.075779, 42.27825 ], [ -71.075724, 42.278247 ], [ -71.074728, 42.278133 ], [ -71.074526, 42.278111 ], [ -71.073702, 42.278068 ], [ -71.073166, 42.27805 ], [ -71.072774, 42.278073 ], [ -71.072223, 42.27811 ], [ -71.071676, 42.278184 ], [ -71.071015, 42.278314 ], [ -71.070567, 42.278454 ], [ -71.070217, 42.278572 ], [ -71.069786, 42.278718 ], [ -71.069572, 42.278789 ], [ -71.069501, 42.278813 ], [ -71.068725, 42.279082 ], [ -71.068632, 42.279113 ], [ -71.068576, 42.279131 ], [ -71.068142, 42.279274 ], [ -71.06785, 42.279374 ], [ -71.067237, 42.279561 ], [ -71.066386, 42.279803 ], [ -71.06592, 42.279928 ], [ -71.065806, 42.280341 ], [ -71.065661, 42.280875 ], [ -71.06544, 42.281644 ], [ -71.065366, 42.281901 ], [ -71.065322, 42.282054 ], [ -71.065279, 42.282235 ], [ -71.065066, 42.283003 ], [ -71.065055, 42.283027 ], [ -71.064872, 42.283699 ], [ -71.064787, 42.283999 ], [ -71.064714, 42.284276 ], [ -71.064562, 42.28478 ], [ -71.064422, 42.285283 ], [ -71.064303, 42.285699 ], [ -71.064252, 42.285869 ], [ -71.064179, 42.286168 ], [ -71.064137, 42.286276 ], [ -71.064125, 42.286345 ], [ -71.063965, 42.286934 ], [ -71.063796, 42.287492 ], [ -71.063726, 42.287778 ], [ -71.063643, 42.288112 ], [ -71.063515, 42.288547 ], [ -71.06345, 42.288766 ], [ -71.063261, 42.289459 ], [ -71.063146, 42.289887 ], [ -71.063115, 42.289966 ], [ -71.062933, 42.290624 ], [ -71.062805, 42.291121 ], [ -71.062693, 42.291516 ], [ -71.062611, 42.291809 ], [ -71.062489, 42.29221 ], [ -71.062343, 42.292728 ], [ -71.062259, 42.29301 ], [ -71.06214, 42.293505 ], [ -71.062091, 42.293656 ], [ -71.061968, 42.294075 ], [ -71.061818, 42.294582 ], [ -71.061669, 42.29507 ], [ -71.061542, 42.295473 ], [ -71.061499, 42.295643 ], [ -71.061445, 42.29582 ], [ -71.061371, 42.296066 ], [ -71.061321, 42.29622 ], [ -71.06117, 42.296761 ], [ -71.061035, 42.297205 ], [ -71.060766, 42.298193 ], [ -71.060653, 42.298647 ], [ -71.06048, 42.299154 ], [ -71.060306, 42.299756 ], [ -71.060258, 42.299948 ], [ -71.060204, 42.300133 ], [ -71.060163, 42.300302 ], [ -71.06031, 42.300303 ], [ -71.060377, 42.3003 ], [ -71.060553, 42.300292 ], [ -71.060915, 42.300242 ], [ -71.061278, 42.300148 ], [ -71.061857, 42.299995 ], [ -71.062541, 42.299818 ], [ -71.063058, 42.299692 ], [ -71.063426, 42.299588 ], [ -71.063757, 42.299457 ], [ -71.06432, 42.299205 ], [ -71.06486, 42.298862 ], [ -71.065232, 42.29859 ], [ -71.065538, 42.298313 ], [ -71.065854, 42.29796 ], [ -71.066112, 42.297584 ], [ -71.066413, 42.297022 ], [ -71.066976, 42.296875 ], [ -71.067642, 42.296699 ], [ -71.068624, 42.296427 ], [ -71.069327, 42.296223 ], [ -71.069851, 42.296088 ], [ -71.070249, 42.295996 ], [ -71.071149, 42.295728 ], [ -71.071327, 42.29568 ], [ -71.072117, 42.295513 ], [ -71.072119, 42.295608 ], [ -71.072159, 42.295889 ], [ -71.07225, 42.296517 ], [ -71.072269, 42.296675 ], [ -71.072318, 42.296898 ], [ -71.072377, 42.2971 ], [ -71.072382, 42.297117 ], [ -71.072473, 42.297344 ], [ -71.072594, 42.29762 ], [ -71.072702, 42.297808 ], [ -71.073012, 42.298462 ], [ -71.073072, 42.298586 ], [ -71.073105, 42.298639 ], [ -71.073245, 42.298834 ], [ -71.073385, 42.299053 ], [ -71.073641, 42.299371 ], [ -71.072927, 42.299579 ], [ -71.072743, 42.299658 ], [ -71.072648, 42.299699 ], [ -71.072435, 42.299824 ], [ -71.072299, 42.299937 ], [ -71.072184, 42.300038 ], [ -71.072129, 42.300135 ], [ -71.072068, 42.300269 ], [ -71.072034, 42.300427 ], [ -71.072016, 42.300679 ], [ -71.072022, 42.301263 ], [ -71.072011, 42.301464 ], [ -71.071994, 42.301565 ], [ -71.071944, 42.301687 ], [ -71.071891, 42.301781 ], [ -71.071859, 42.301839 ], [ -71.071701, 42.302107 ], [ -71.071591, 42.302354 ], [ -71.071569, 42.30243 ], [ -71.071512, 42.302742 ], [ -71.071454, 42.303309 ], [ -71.071426, 42.303407 ], [ -71.071559, 42.303488 ], [ -71.07168, 42.303574 ], [ -71.072023, 42.303982 ], [ -71.07248, 42.304365 ], [ -71.072692, 42.3045 ], [ -71.072871, 42.304585 ], [ -71.073117, 42.304672 ], [ -71.07359, 42.304787 ], [ -71.074161, 42.30491 ], [ -71.074297, 42.304931 ], [ -71.074781, 42.304968 ], [ -71.074955, 42.304972 ], [ -71.075978, 42.305037 ], [ -71.076185, 42.305046 ], [ -71.076348, 42.305075 ], [ -71.076495, 42.305108 ], [ -71.076782, 42.305189 ], [ -71.077264, 42.304745 ], [ -71.077546, 42.304441 ], [ -71.077756, 42.304197 ], [ -71.077995, 42.303872 ], [ -71.07818, 42.303609 ], [ -71.078425, 42.303227 ], [ -71.078608, 42.302948 ], [ -71.078866, 42.302365 ], [ -71.078973, 42.30204 ], [ -71.079065, 42.301736 ], [ -71.079154, 42.301448 ], [ -71.079217, 42.301191 ], [ -71.079262, 42.300811 ], [ -71.07928, 42.300191 ], [ -71.079275, 42.299715 ], [ -71.079226, 42.299211 ], [ -71.079151, 42.29869 ], [ -71.078852, 42.296708 ], [ -71.079538, 42.296563 ], [ -71.079996, 42.29648 ], [ -71.08046, 42.296388 ], [ -71.080865, 42.297492 ], [ -71.081084, 42.298122 ], [ -71.08133, 42.298763 ], [ -71.08141, 42.299002 ], [ -71.082303, 42.298793 ], [ -71.082914, 42.298663 ], [ -71.083038, 42.298927 ], [ -71.083076, 42.29898 ], [ -71.083142, 42.299051 ], [ -71.083296, 42.299188 ], [ -71.083907, 42.299709 ], [ -71.084704, 42.300423 ], [ -71.085287, 42.300911 ], [ -71.085728, 42.301248 ], [ -71.085903, 42.301381 ], [ -71.085918, 42.301334 ], [ -71.086164, 42.30063 ], [ -71.086256, 42.300389 ], [ -71.086404, 42.300003 ], [ -71.086541, 42.299562 ], [ -71.086692, 42.299105 ], [ -71.086791, 42.298774 ], [ -71.086936, 42.298357 ], [ -71.086992, 42.298142 ], [ -71.08742, 42.298043 ], [ -71.088598, 42.297745 ], [ -71.089635, 42.297498 ], [ -71.090059, 42.297391 ], [ -71.09048, 42.297259 ], [ -71.090921, 42.297108 ], [ -71.091182, 42.297 ], [ -71.09135, 42.296922 ], [ -71.091437, 42.296865 ], [ -71.091568, 42.296749 ], [ -71.091715, 42.29656 ], [ -71.092208, 42.295879 ], [ -71.092329, 42.295756 ], [ -71.092576, 42.295432 ], [ -71.093173, 42.294613 ], [ -71.093226, 42.294541 ], [ -71.094273, 42.293302 ], [ -71.094351, 42.293218 ], [ -71.094441, 42.293122 ], [ -71.094542, 42.293021 ], [ -71.094583, 42.29298 ], [ -71.094838, 42.292726 ], [ -71.095377, 42.292239 ], [ -71.095759, 42.291973 ] ] ] } },
{ "type": "Feature", "properties": { "district_id": "487", "eigen": 0.0076632482221809803, "rank": 72 }, "geometry": { "type": "Polygon", "coordinates": [ [ [ -71.10269, 42.305966 ], [ -71.10245, 42.30597 ], [ -71.102314, 42.305974 ], [ -71.101977, 42.305984 ], [ -71.101486, 42.306574 ], [ -71.101151, 42.306546 ], [ -71.101135, 42.306618 ], [ -71.100716, 42.306566 ], [ -71.100397, 42.30726 ], [ -71.100485, 42.307288 ], [ -71.100411, 42.307477 ], [ -71.100248, 42.307862 ], [ -71.100133, 42.307925 ], [ -71.100035, 42.307925 ], [ -71.099954, 42.307898 ], [ -71.099864, 42.308066 ], [ -71.09934, 42.308834 ], [ -71.099384, 42.309076 ], [ -71.099057, 42.309191 ], [ -71.098904, 42.309244 ], [ -71.098541, 42.309396 ], [ -71.09832, 42.309501 ], [ -71.098191, 42.309585 ], [ -71.09807, 42.309722 ], [ -71.097984, 42.30988 ], [ -71.097926, 42.310036 ], [ -71.097903, 42.310214 ], [ -71.097866, 42.310437 ], [ -71.097865, 42.310584 ], [ -71.097863, 42.310933 ], [ -71.097848, 42.311067 ], [ -71.097833, 42.31126 ], [ -71.097796, 42.311419 ], [ -71.097746, 42.311545 ], [ -71.097638, 42.311685 ], [ -71.097488, 42.311857 ], [ -71.097302, 42.312015 ], [ -71.097088, 42.312151 ], [ -71.097017, 42.312177 ], [ -71.096832, 42.312246 ], [ -71.096576, 42.312313 ], [ -71.096391, 42.312392 ], [ -71.096248, 42.312492 ], [ -71.096771, 42.312832 ], [ -71.097302, 42.313162 ], [ -71.097565, 42.313331 ], [ -71.097967, 42.313587 ], [ -71.098184, 42.313713 ], [ -71.09842, 42.313863 ], [ -71.098746, 42.314073 ], [ -71.099, 42.314234 ], [ -71.099191, 42.314356 ], [ -71.099416, 42.31455 ], [ -71.099481, 42.314606 ], [ -71.099158, 42.314939 ], [ -71.098966, 42.315123 ], [ -71.098644, 42.315454 ], [ -71.098451, 42.315644 ], [ -71.098946, 42.316083 ], [ -71.09944, 42.316507 ], [ -71.099624, 42.316675 ], [ -71.099687, 42.31673 ], [ -71.100035, 42.317109 ], [ -71.100327, 42.317374 ], [ -71.100762, 42.317809 ], [ -71.101192, 42.318215 ], [ -71.10125, 42.31825 ], [ -71.101362, 42.318295 ], [ -71.101506, 42.318378 ], [ -71.102578, 42.319055 ], [ -71.102917, 42.319283 ], [ -71.102944, 42.319298 ], [ -71.102501, 42.319827 ], [ -71.101406, 42.321106 ], [ -71.100542, 42.322128 ], [ -71.100023, 42.322772 ], [ -71.099745, 42.323169 ], [ -71.099495, 42.323615 ], [ -71.099319, 42.323994 ], [ -71.099067, 42.324574 ], [ -71.098917, 42.325025 ], [ -71.098996, 42.325032 ], [ -71.099145, 42.325059 ], [ -71.099379, 42.325134 ], [ -71.099483, 42.325192 ], [ -71.099633, 42.325349 ], [ -71.09971, 42.325417 ], [ -71.099632, 42.32556 ], [ -71.099487, 42.325938 ], [ -71.099365, 42.326218 ], [ -71.099278, 42.326361 ], [ -71.099626, 42.326375 ], [ -71.099756, 42.326389 ], [ -71.100113, 42.326418 ], [ -71.100791, 42.326424 ], [ -71.101186, 42.326426 ], [ -71.101346, 42.326419 ], [ -71.101691, 42.326398 ], [ -71.101794, 42.326392 ], [ -71.102125, 42.326365 ], [ -71.102291, 42.326348 ], [ -71.102698, 42.326303 ], [ -71.102905, 42.326281 ], [ -71.103674, 42.32618 ], [ -71.104058, 42.326138 ], [ -71.104188, 42.326121 ], [ -71.104356, 42.326099 ], [ -71.104618, 42.326092 ], [ -71.104885, 42.326093 ], [ -71.105231, 42.326114 ], [ -71.105445, 42.326127 ], [ -71.105647, 42.326163 ], [ -71.105935, 42.326248 ], [ -71.106287, 42.326368 ], [ -71.106544, 42.32651 ], [ -71.106592, 42.326536 ], [ -71.106885, 42.326719 ], [ -71.10708, 42.32685 ], [ -71.107181, 42.326898 ], [ -71.107395, 42.326968 ], [ -71.107811, 42.327124 ], [ -71.108215, 42.327264 ], [ -71.108333, 42.327318 ], [ -71.108588, 42.327461 ], [ -71.108779, 42.327583 ], [ -71.109254, 42.327929 ], [ -71.109404, 42.328037 ], [ -71.109821, 42.328342 ], [ -71.109867, 42.328375 ], [ -71.110015, 42.328487 ], [ -71.110429, 42.328759 ], [ -71.110641, 42.328915 ], [ -71.110832, 42.329073 ], [ -71.110782, 42.328929 ], [ -71.110748, 42.328798 ], [ -71.110738, 42.328761 ], [ -71.110713, 42.328644 ], [ -71.110714, 42.328482 ], [ -71.110747, 42.328252 ], [ -71.110808, 42.327983 ], [ -71.1109, 42.327661 ], [ -71.110957, 42.327511 ], [ -71.110998, 42.327401 ], [ -71.111137, 42.327056 ], [ -71.111312, 42.326692 ], [ -71.111395, 42.326535 ], [ -71.111445, 42.326441 ], [ -71.111609, 42.326179 ], [ -71.111898, 42.325718 ], [ -71.112011, 42.325489 ], [ -71.112109, 42.325207 ], [ -71.112186, 42.324963 ], [ -71.112233, 42.324738 ], [ -71.112259, 42.324552 ], [ -71.11227, 42.324323 ], [ -71.112258, 42.323906 ], [ -71.11224, 42.323587 ], [ -71.112202, 42.323125 ], [ -71.112828, 42.323187 ], [ -71.11326, 42.323216 ], [ -71.113852, 42.323278 ], [ -71.114098, 42.323307 ], [ -71.114353, 42.323359 ], [ -71.114668, 42.323432 ], [ -71.115078, 42.323573 ], [ -71.115302, 42.32336 ], [ -71.115547, 42.323216 ], [ -71.115694, 42.323151 ], [ -71.116286, 42.32294 ], [ -71.116503, 42.322828 ], [ -71.116634, 42.322735 ], [ -71.116737, 42.322627 ], [ -71.116825, 42.322458 ], [ -71.116849, 42.32228 ], [ -71.116834, 42.322006 ], [ -71.116787, 42.321731 ], [ -71.116686, 42.321416 ], [ -71.116612, 42.321202 ], [ -71.11657, 42.321021 ], [ -71.116587, 42.320851 ], [ -71.116614, 42.320746 ], [ -71.116675, 42.320625 ], [ -71.116784, 42.320469 ], [ -71.116972, 42.320179 ], [ -71.117019, 42.320123 ], [ -71.117107, 42.319978 ], [ -71.117156, 42.319829 ], [ -71.117168, 42.319672 ], [ -71.117153, 42.319535 ], [ -71.117083, 42.319382 ], [ -71.116992, 42.319249 ], [ -71.116863, 42.319102 ], [ -71.116674, 42.318921 ], [ -71.11655, 42.31877 ], [ -71.116492, 42.318649 ], [ -71.116468, 42.318583 ], [ -71.11646, 42.318435 ], [ -71.116483, 42.318303 ], [ -71.116549, 42.318105 ], [ -71.116675, 42.317833 ], [ -71.116736, 42.317636 ], [ -71.116753, 42.317478 ], [ -71.116739, 42.317075 ], [ -71.116731, 42.316688 ], [ -71.116754, 42.316385 ], [ -71.116794, 42.316095 ], [ -71.116899, 42.315753 ], [ -71.117003, 42.315579 ], [ -71.117085, 42.315483 ], [ -71.117178, 42.315407 ], [ -71.117406, 42.315268 ], [ -71.117711, 42.315092 ], [ -71.117977, 42.314924 ], [ -71.1185, 42.314498 ], [ -71.118826, 42.314289 ], [ -71.119104, 42.314096 ], [ -71.119459, 42.313858 ], [ -71.119616, 42.313785 ], [ -71.120312, 42.31346 ], [ -71.120585, 42.313336 ], [ -71.120817, 42.313231 ], [ -71.121007, 42.31316 ], [ -71.121105, 42.313136 ], [ -71.121323, 42.313092 ], [ -71.121741, 42.313029 ], [ -71.121905, 42.312907 ], [ -71.122115, 42.312765 ], [ -71.122189, 42.312734 ], [ -71.122275, 42.312726 ], [ -71.122355, 42.312731 ], [ -71.122408, 42.312758 ], [ -71.122445, 42.312802 ], [ -71.122476, 42.31293 ], [ -71.12246, 42.313048 ], [ -71.122244, 42.313334 ], [ -71.122537, 42.313663 ], [ -71.123261, 42.314372 ], [ -71.123301, 42.314411 ], [ -71.123375, 42.314522 ], [ -71.123449, 42.314665 ], [ -71.123485, 42.314816 ], [ -71.1235, 42.31503 ], [ -71.123448, 42.315628 ], [ -71.123458, 42.315728 ], [ -71.1235, 42.315839 ], [ -71.123632, 42.316097 ], [ -71.123881, 42.316516 ], [ -71.124166, 42.316957 ], [ -71.124431, 42.317297 ], [ -71.124754, 42.31766 ], [ -71.125019, 42.317999 ], [ -71.125183, 42.318161 ], [ -71.125412, 42.318285 ], [ -71.12572, 42.318427 ], [ -71.12578, 42.318472 ], [ -71.125827, 42.318528 ], [ -71.125844, 42.318576 ], [ -71.125844, 42.318605 ], [ -71.125847, 42.318692 ], [ -71.125761, 42.318704 ], [ -71.125311, 42.318795 ], [ -71.124985, 42.318904 ], [ -71.12479, 42.318975 ], [ -71.124713, 42.319003 ], [ -71.124186, 42.319223 ], [ -71.123956, 42.319309 ], [ -71.123835, 42.319375 ], [ -71.12327, 42.319634 ], [ -71.122869, 42.319822 ], [ -71.122564, 42.320006 ], [ -71.122363, 42.320141 ], [ -71.122199, 42.320293 ], [ -71.122041, 42.32045 ], [ -71.121948, 42.320575 ], [ -71.121839, 42.320675 ], [ -71.121687, 42.32078 ], [ -71.121551, 42.320856 ], [ -71.121404, 42.320973 ], [ -71.121257, 42.321121 ], [ -71.121132, 42.321234 ], [ -71.120974, 42.321326 ], [ -71.12074, 42.321414 ], [ -71.120518, 42.321466 ], [ -71.120214, 42.321477 ], [ -71.119924, 42.321532 ], [ -71.119817, 42.321579 ], [ -71.119699, 42.321642 ], [ -71.119608, 42.321713 ], [ -71.119549, 42.32182 ], [ -71.119515, 42.322055 ], [ -71.119525, 42.322261 ], [ -71.119575, 42.322516 ], [ -71.119607, 42.322614 ], [ -71.119539, 42.322745 ], [ -71.119864, 42.322782 ], [ -71.11992, 42.322793 ], [ -71.119963, 42.322793 ], [ -71.120044, 42.322816 ], [ -71.120112, 42.322835 ], [ -71.120141, 42.322856 ], [ -71.120391, 42.323042 ], [ -71.121528, 42.323882 ], [ -71.123367, 42.322571 ], [ -71.123711, 42.322716 ], [ -71.123972, 42.322313 ], [ -71.124269, 42.321856 ], [ -71.124459, 42.321646 ], [ -71.124568, 42.321523 ], [ -71.124609, 42.321479 ], [ -71.125011, 42.321029 ], [ -71.125425, 42.320567 ], [ -71.125793, 42.320155 ], [ -71.126887, 42.318935 ], [ -71.127067, 42.318733 ], [ -71.127177, 42.318607 ], [ -71.127351, 42.318408 ], [ -71.128185, 42.317441 ], [ -71.12833, 42.317272 ], [ -71.128601, 42.316959 ], [ -71.128959, 42.316536 ], [ -71.129422, 42.315982 ], [ -71.129637, 42.315725 ], [ -71.130263, 42.314976 ], [ -71.130542, 42.314642 ], [ -71.130642, 42.31453 ], [ -71.130955, 42.314179 ], [ -71.131334, 42.31376 ], [ -71.131749, 42.313303 ], [ -71.131863, 42.313178 ], [ -71.132834, 42.311693 ], [ -71.133163, 42.311204 ], [ -71.134098, 42.309676 ], [ -71.134359, 42.309252 ], [ -71.134459, 42.309096 ], [ -71.134885, 42.308492 ], [ -71.135008, 42.308318 ], [ -71.135329, 42.307862 ], [ -71.135389, 42.307779 ], [ -71.136112, 42.306756 ], [ -71.136502, 42.306204 ], [ -71.138241, 42.304252 ], [ -71.138614, 42.303834 ], [ -71.139309, 42.303056 ], [ -71.139663, 42.302662 ], [ -71.140096, 42.302173 ], [ -71.140135, 42.302147 ], [ -71.139826, 42.301997 ], [ -71.139556, 42.301891 ], [ -71.139117, 42.301756 ], [ -71.139015, 42.301728 ], [ -71.137796, 42.301349 ], [ -71.137444, 42.301251 ], [ -71.137103, 42.301185 ], [ -71.136917, 42.301189 ], [ -71.136586, 42.301264 ], [ -71.135996, 42.301419 ], [ -71.135761, 42.301486 ], [ -71.135436, 42.301579 ], [ -71.134866, 42.301723 ], [ -71.134617, 42.30175 ], [ -71.134357, 42.301737 ], [ -71.134052, 42.3017 ], [ -71.133824, 42.301655 ], [ -71.13326, 42.301543 ], [ -71.132578, 42.301425 ], [ -71.132226, 42.301376 ], [ -71.131912, 42.301346 ], [ -71.131419, 42.30132 ], [ -71.131071, 42.301307 ], [ -71.130904, 42.301275 ], [ -71.130563, 42.301144 ], [ -71.130176, 42.301006 ], [ -71.12876, 42.300487 ], [ -71.128569, 42.300413 ], [ -71.12823, 42.300284 ], [ -71.127925, 42.300157 ], [ -71.127123, 42.300959 ], [ -71.126448, 42.301602 ], [ -71.12625, 42.301799 ], [ -71.126158, 42.301899 ], [ -71.125983, 42.302121 ], [ -71.125816, 42.302322 ], [ -71.125661, 42.302555 ], [ -71.125399, 42.302878 ], [ -71.125161, 42.303195 ], [ -71.124992, 42.303489 ], [ -71.124876, 42.303803 ], [ -71.124826, 42.304029 ], [ -71.12478, 42.3044 ], [ -71.12474, 42.304743 ], [ -71.124672, 42.305194 ], [ -71.124554, 42.305198 ], [ -71.123084, 42.305163 ], [ -71.122084, 42.306534 ], [ -71.122419, 42.306683 ], [ -71.122204, 42.306904 ], [ -71.120783, 42.308359 ], [ -71.121671, 42.308656 ], [ -71.121564, 42.308667 ], [ -71.121463, 42.308685 ], [ -71.121174, 42.308693 ], [ -71.120993, 42.308684 ], [ -71.120796, 42.308643 ], [ -71.120623, 42.308574 ], [ -71.120353, 42.308423 ], [ -71.12025, 42.308347 ], [ -71.120008, 42.308084 ], [ -71.119842, 42.30779 ], [ -71.119797, 42.307672 ], [ -71.119655, 42.30737 ], [ -71.119631, 42.307287 ], [ -71.119565, 42.307059 ], [ -71.119521, 42.306715 ], [ -71.119541, 42.306514 ], [ -71.119566, 42.306432 ], [ -71.119607, 42.306305 ], [ -71.119756, 42.305947 ], [ -71.119904, 42.305633 ], [ -71.120025, 42.305334 ], [ -71.120069, 42.305194 ], [ -71.120081, 42.305028 ], [ -71.120076, 42.304862 ], [ -71.120002, 42.304567 ], [ -71.119789, 42.304054 ], [ -71.119648, 42.303817 ], [ -71.119411, 42.303514 ], [ -71.119147, 42.303251 ], [ -71.118796, 42.302996 ], [ -71.118445, 42.302813 ], [ -71.11811, 42.302679 ], [ -71.117661, 42.302553 ], [ -71.11716, 42.302397 ], [ -71.116781, 42.302329 ], [ -71.11696, 42.302186 ], [ -71.117132, 42.301999 ], [ -71.117236, 42.301874 ], [ -71.117325, 42.301791 ], [ -71.117437, 42.301698 ], [ -71.117556, 42.301632 ], [ -71.117683, 42.301599 ], [ -71.117928, 42.301568 ], [ -71.118173, 42.301563 ], [ -71.118522, 42.301536 ], [ -71.118752, 42.301498 ], [ -71.119078, 42.301406 ], [ -71.119193, 42.301326 ], [ -71.11929, 42.301238 ], [ -71.11938, 42.301177 ], [ -71.119506, 42.30114 ], [ -71.119662, 42.301129 ], [ -71.119666, 42.300963 ], [ -71.119909, 42.300947 ], [ -71.120042, 42.300963 ], [ -71.120197, 42.300947 ], [ -71.120175, 42.300849 ], [ -71.120153, 42.300275 ], [ -71.120064, 42.299899 ], [ -71.120108, 42.299735 ], [ -71.12002, 42.299817 ], [ -71.119776, 42.299866 ], [ -71.119666, 42.299882 ], [ -71.119381, 42.299944 ], [ -71.119244, 42.299968 ], [ -71.118392, 42.300042 ], [ -71.118022, 42.300086 ], [ -71.117618, 42.300152 ], [ -71.117422, 42.300205 ], [ -71.116783, 42.299312 ], [ -71.116117, 42.299554 ], [ -71.115485, 42.299853 ], [ -71.114915, 42.300099 ], [ -71.114897, 42.29994 ], [ -71.115005, 42.299717 ], [ -71.115235, 42.299275 ], [ -71.115286, 42.299196 ], [ -71.115414, 42.298933 ], [ -71.115434, 42.298903 ], [ -71.115835, 42.29829 ], [ -71.115534, 42.298244 ], [ -71.115436, 42.298206 ], [ -71.114689, 42.299346 ], [ -71.114196, 42.300119 ], [ -71.114159, 42.300179 ], [ -71.113503, 42.301228 ], [ -71.113427, 42.301396 ], [ -71.113384, 42.301492 ], [ -71.113168, 42.301473 ], [ -71.112676, 42.301459 ], [ -71.112439, 42.301452 ], [ -71.112181, 42.301456 ], [ -71.112087, 42.301458 ], [ -71.1093, 42.30151 ], [ -71.109008, 42.301485 ], [ -71.10877, 42.301456 ], [ -71.108472, 42.301394 ], [ -71.108245, 42.301337 ], [ -71.107996, 42.301256 ], [ -71.107775, 42.301154 ], [ -71.107553, 42.301057 ], [ -71.107364, 42.300995 ], [ -71.107106, 42.300953 ], [ -71.106655, 42.30088 ], [ -71.106735, 42.300934 ], [ -71.106776, 42.300962 ], [ -71.106802, 42.300996 ], [ -71.106807, 42.301026 ], [ -71.106784, 42.301063 ], [ -71.106703, 42.301152 ], [ -71.106451, 42.301306 ], [ -71.106242, 42.301416 ], [ -71.105937, 42.301551 ], [ -71.105702, 42.301665 ], [ -71.105581, 42.301745 ], [ -71.105498, 42.3018 ], [ -71.105225, 42.302009 ], [ -71.104962, 42.302223 ], [ -71.10485, 42.30232 ], [ -71.10456, 42.302585 ], [ -71.104335, 42.302763 ], [ -71.104072, 42.302985 ], [ -71.103874, 42.303162 ], [ -71.103761, 42.303289 ], [ -71.103411, 42.303682 ], [ -71.103303, 42.303828 ], [ -71.103254, 42.303971 ], [ -71.103216, 42.304181 ], [ -71.103171, 42.304499 ], [ -71.103133, 42.30465 ], [ -71.103079, 42.304789 ], [ -71.102998, 42.304927 ], [ -71.102855, 42.305066 ], [ -71.102762, 42.305174 ], [ -71.102748, 42.3052 ], [ -71.102713, 42.305269 ], [ -71.102685, 42.305416 ], [ -71.102668, 42.30565 ], [ -71.10269, 42.305966 ] ] ] } },
{ "type": "Feature", "properties": { "district_id": "488", "eigen": 0.0055027332705830604, "rank": 94 }, "geometry": { "type": "Polygon", "coordinates": [ [ [ -71.11827, 42.266595 ], [ -71.118391, 42.266843 ], [ -71.118897, 42.267638 ], [ -71.119519, 42.26866 ], [ -71.120003, 42.269411 ], [ -71.120252, 42.269814 ], [ -71.120607, 42.270284 ], [ -71.120778, 42.270415 ], [ -71.120999, 42.270549 ], [ -71.121185, 42.270684 ], [ -71.121346, 42.270594 ], [ -71.121413, 42.270452 ], [ -71.12144, 42.270386 ], [ -71.121776, 42.270676 ], [ -71.122161, 42.271037 ], [ -71.122973, 42.271224 ], [ -71.123363, 42.271309 ], [ -71.12349, 42.271349 ], [ -71.123587, 42.271416 ], [ -71.123714, 42.271522 ], [ -71.124154, 42.271954 ], [ -71.124667, 42.272458 ], [ -71.124798, 42.272585 ], [ -71.124914, 42.272699 ], [ -71.125466, 42.273227 ], [ -71.12566, 42.273401 ], [ -71.125794, 42.273468 ], [ -71.126001, 42.273549 ], [ -71.12635, 42.273665 ], [ -71.12685, 42.273816 ], [ -71.127691, 42.274061 ], [ -71.128245, 42.274245 ], [ -71.128399, 42.274106 ], [ -71.12867, 42.273895 ], [ -71.12913, 42.273627 ], [ -71.129434, 42.27346 ], [ -71.129665, 42.273402 ], [ -71.130166, 42.273202 ], [ -71.130562, 42.273022 ], [ -71.130859, 42.272867 ], [ -71.131121, 42.273047 ], [ -71.131766, 42.272631 ], [ -71.131987, 42.272358 ], [ -71.132138, 42.271951 ], [ -71.13231, 42.271177 ], [ -71.132411, 42.270747 ], [ -71.13253, 42.27039 ], [ -71.132547, 42.2699 ], [ -71.132375, 42.269206 ], [ -71.132245, 42.268768 ], [ -71.132076, 42.268636 ], [ -71.131617, 42.268649 ], [ -71.131552, 42.268549 ], [ -71.131433, 42.268368 ], [ -71.131133, 42.267948 ], [ -71.13094, 42.267694 ], [ -71.130706, 42.267446 ], [ -71.130382, 42.267072 ], [ -71.130208, 42.266902 ], [ -71.130049, 42.266746 ], [ -71.130441, 42.266574 ], [ -71.130147, 42.266151 ], [ -71.130041, 42.265945 ], [ -71.129785, 42.265681 ], [ -71.129517, 42.265539 ], [ -71.129199, 42.265398 ], [ -71.128893, 42.26511 ], [ -71.128654, 42.264882 ], [ -71.128076, 42.265032 ], [ -71.12777, 42.264825 ], [ -71.127701, 42.264758 ], [ -71.127334, 42.264503 ], [ -71.127509, 42.264132 ], [ -71.127661, 42.263737 ], [ -71.127753, 42.263552 ], [ -71.127797, 42.263392 ], [ -71.126922, 42.261867 ], [ -71.126963, 42.261609 ], [ -71.127298, 42.261272 ], [ -71.127603, 42.261034 ], [ -71.127797, 42.260933 ], [ -71.128195, 42.260509 ], [ -71.128812, 42.26073 ], [ -71.12922, 42.261102 ], [ -71.129887, 42.260857 ], [ -71.130342, 42.261142 ], [ -71.131509, 42.262221 ], [ -71.133615, 42.261021 ], [ -71.130948, 42.258449 ], [ -71.130756, 42.258303 ], [ -71.130376, 42.258233 ], [ -71.129425, 42.258075 ], [ -71.12922, 42.258045 ], [ -71.129148, 42.258068 ], [ -71.129117, 42.258101 ], [ -71.128928, 42.258084 ], [ -71.129036, 42.257967 ], [ -71.129122, 42.257908 ], [ -71.130011, 42.256947 ], [ -71.13016, 42.25677 ], [ -71.130984, 42.257053 ], [ -71.131273, 42.257168 ], [ -71.132354, 42.25604 ], [ -71.132738, 42.255615 ], [ -71.133533, 42.254757 ], [ -71.133965, 42.254313 ], [ -71.13425, 42.25402 ], [ -71.133893, 42.253858 ], [ -71.13427, 42.253564 ], [ -71.133786, 42.253384 ], [ -71.134063, 42.253121 ], [ -71.13429, 42.252905 ], [ -71.13486, 42.252346 ], [ -71.136005, 42.251253 ], [ -71.13623, 42.251046 ], [ -71.136434, 42.249656 ], [ -71.13516, 42.249242 ], [ -71.135055, 42.249179 ], [ -71.134405, 42.24888 ], [ -71.134321, 42.248854 ], [ -71.134275, 42.248853 ], [ -71.132333, 42.24823 ], [ -71.133087, 42.247893 ], [ -71.133459, 42.247737 ], [ -71.133638, 42.247666 ], [ -71.13386, 42.247608 ], [ -71.134101, 42.24756 ], [ -71.134629, 42.247444 ], [ -71.13526, 42.247277 ], [ -71.135561, 42.247135 ], [ -71.135978, 42.246856 ], [ -71.136121, 42.246718 ], [ -71.136199, 42.246568 ], [ -71.136285, 42.246316 ], [ -71.13632, 42.246394 ], [ -71.136345, 42.246475 ], [ -71.136413, 42.246609 ], [ -71.136606, 42.246908 ], [ -71.136719, 42.247053 ], [ -71.136868, 42.247194 ], [ -71.137105, 42.247388 ], [ -71.13765, 42.247806 ], [ -71.138091, 42.248138 ], [ -71.138403, 42.248379 ], [ -71.13874, 42.248632 ], [ -71.138998, 42.24884 ], [ -71.139141, 42.248985 ], [ -71.139264, 42.249152 ], [ -71.139343, 42.249342 ], [ -71.139362, 42.249419 ], [ -71.139382, 42.249496 ], [ -71.13941, 42.249659 ], [ -71.139395, 42.249811 ], [ -71.139364, 42.249989 ], [ -71.139263, 42.250211 ], [ -71.139137, 42.250448 ], [ -71.139062, 42.250653 ], [ -71.13902, 42.250901 ], [ -71.139044, 42.251161 ], [ -71.139058, 42.251226 ], [ -71.139083, 42.251336 ], [ -71.139122, 42.251434 ], [ -71.139378, 42.25185 ], [ -71.139427, 42.251991 ], [ -71.139451, 42.252154 ], [ -71.139445, 42.252329 ], [ -71.139394, 42.252523 ], [ -71.139334, 42.252672 ], [ -71.139243, 42.252849 ], [ -71.139193, 42.25296 ], [ -71.139157, 42.253098 ], [ -71.139146, 42.253374 ], [ -71.139104, 42.253519 ], [ -71.139095, 42.253585 ], [ -71.139044, 42.253726 ], [ -71.138959, 42.253907 ], [ -71.138873, 42.254029 ], [ -71.138718, 42.254155 ], [ -71.138587, 42.254248 ], [ -71.138353, 42.254415 ], [ -71.138214, 42.254573 ], [ -71.138126, 42.25475 ], [ -71.138086, 42.254927 ], [ -71.138072, 42.255114 ], [ -71.138103, 42.255307 ], [ -71.138208, 42.255504 ], [ -71.138392, 42.255756 ], [ -71.138583, 42.255969 ], [ -71.138761, 42.256187 ], [ -71.138839, 42.256265 ], [ -71.138944, 42.256429 ], [ -71.139048, 42.256685 ], [ -71.139243, 42.257263 ], [ -71.139361, 42.257475 ], [ -71.139518, 42.257723 ], [ -71.139795, 42.258024 ], [ -71.140012, 42.258237 ], [ -71.140196, 42.258456 ], [ -71.140433, 42.258421 ], [ -71.140592, 42.258365 ], [ -71.140811, 42.258251 ], [ -71.141101, 42.258072 ], [ -71.141526, 42.257802 ], [ -71.141704, 42.257667 ], [ -71.141835, 42.257544 ], [ -71.141971, 42.257386 ], [ -71.142114, 42.257198 ], [ -71.142262, 42.256941 ], [ -71.142412, 42.256634 ], [ -71.142566, 42.256349 ], [ -71.142834, 42.255943 ], [ -71.143078, 42.255552 ], [ -71.143156, 42.255368 ], [ -71.143394, 42.254918 ], [ -71.14356, 42.254686 ], [ -71.143804, 42.254436 ], [ -71.144171, 42.254107 ], [ -71.144488, 42.25386 ], [ -71.144908, 42.25358 ], [ -71.145162, 42.253449 ], [ -71.145411, 42.253348 ], [ -71.145665, 42.253257 ], [ -71.145901, 42.253139 ], [ -71.146061, 42.25303 ], [ -71.146127, 42.252964 ], [ -71.145597, 42.250096 ], [ -71.145368, 42.249012 ], [ -71.145009, 42.247344 ], [ -71.144938, 42.247 ], [ -71.144721, 42.245992 ], [ -71.144572, 42.245284 ], [ -71.144553, 42.24519 ], [ -71.144543, 42.245145 ], [ -71.144535, 42.245107 ], [ -71.144394, 42.244414 ], [ -71.144069, 42.242819 ], [ -71.143869, 42.241841 ], [ -71.143856, 42.241773 ], [ -71.143824, 42.241615 ], [ -71.143812, 42.241554 ], [ -71.143664, 42.240834 ], [ -71.143498, 42.240065 ], [ -71.143447, 42.239775 ], [ -71.143437, 42.239722 ], [ -71.143427, 42.239672 ], [ -71.143401, 42.239539 ], [ -71.143362, 42.239346 ], [ -71.143194, 42.238511 ], [ -71.143091, 42.238013 ], [ -71.14307, 42.237908 ], [ -71.142996, 42.237548 ], [ -71.142878, 42.236971 ], [ -71.142845, 42.236829 ], [ -71.142801, 42.236592 ], [ -71.142761, 42.236392 ], [ -71.142747, 42.236322 ], [ -71.142681, 42.235998 ], [ -71.142392, 42.235801 ], [ -71.14214, 42.235616 ], [ -71.141592, 42.235246 ], [ -71.140948, 42.23481 ], [ -71.140029, 42.234189 ], [ -71.139241, 42.23366 ], [ -71.138768, 42.233336 ], [ -71.138245, 42.232981 ], [ -71.138052, 42.232855 ], [ -71.137098, 42.232209 ], [ -71.136872, 42.23205 ], [ -71.136665, 42.23191 ], [ -71.135821, 42.23134 ], [ -71.133022, 42.229449 ], [ -71.132633, 42.229185 ], [ -71.132517, 42.229104 ], [ -71.132434, 42.229051 ], [ -71.132195, 42.228899 ], [ -71.131937, 42.228715 ], [ -71.131811, 42.228629 ], [ -71.131511, 42.228427 ], [ -71.131469, 42.228398 ], [ -71.131305, 42.228287 ], [ -71.131209, 42.228222 ], [ -71.131112, 42.228157 ], [ -71.130973, 42.228063 ], [ -71.130845, 42.227976 ], [ -71.130771, 42.227926 ], [ -71.130749, 42.227911 ], [ -71.130658, 42.227984 ], [ -71.130525, 42.22809 ], [ -71.130347, 42.228316 ], [ -71.130268, 42.228501 ], [ -71.130191, 42.228595 ], [ -71.130101, 42.228668 ], [ -71.129956, 42.228731 ], [ -71.129674, 42.228754 ], [ -71.129486, 42.228782 ], [ -71.129459, 42.228798 ], [ -71.129356, 42.228855 ], [ -71.129202, 42.228967 ], [ -71.129068, 42.229139 ], [ -71.128954, 42.229316 ], [ -71.128906, 42.229511 ], [ -71.128889, 42.229647 ], [ -71.128864, 42.229721 ], [ -71.128803, 42.229803 ], [ -71.128752, 42.229836 ], [ -71.128676, 42.229879 ], [ -71.1285, 42.230002 ], [ -71.128252, 42.230184 ], [ -71.128078, 42.230372 ], [ -71.127962, 42.230544 ], [ -71.127755, 42.230781 ], [ -71.127644, 42.230959 ], [ -71.12753, 42.231115 ], [ -71.12742, 42.231176 ], [ -71.12722, 42.231207 ], [ -71.126997, 42.231227 ], [ -71.126781, 42.231226 ], [ -71.126609, 42.231264 ], [ -71.126389, 42.231371 ], [ -71.126223, 42.231528 ], [ -71.126164, 42.231635 ], [ -71.12605, 42.231756 ], [ -71.125952, 42.231817 ], [ -71.125814, 42.231869 ], [ -71.125637, 42.231873 ], [ -71.125477, 42.231882 ], [ -71.125438, 42.2319 ], [ -71.125352, 42.231937 ], [ -71.12523, 42.232057 ], [ -71.125119, 42.232231 ], [ -71.125064, 42.232359 ], [ -71.124973, 42.232469 ], [ -71.124881, 42.23254 ], [ -71.124848, 42.23256 ], [ -71.124745, 42.232622 ], [ -71.124583, 42.232779 ], [ -71.124524, 42.232904 ], [ -71.124503, 42.233093 ], [ -71.124511, 42.233157 ], [ -71.12453, 42.233218 ], [ -71.124608, 42.233311 ], [ -71.124662, 42.233505 ], [ -71.124715, 42.233641 ], [ -71.124719, 42.233745 ], [ -71.124679, 42.233841 ], [ -71.124587, 42.234012 ], [ -71.124498, 42.234123 ], [ -71.124462, 42.234161 ], [ -71.124396, 42.234203 ], [ -71.124234, 42.234285 ], [ -71.124053, 42.234322 ], [ -71.123811, 42.234321 ], [ -71.123607, 42.234289 ], [ -71.123376, 42.234253 ], [ -71.123132, 42.234231 ], [ -71.122938, 42.234249 ], [ -71.12289, 42.234265 ], [ -71.122871, 42.234271 ], [ -71.122825, 42.234286 ], [ -71.122738, 42.234315 ], [ -71.12264, 42.234376 ], [ -71.122604, 42.234437 ], [ -71.122602, 42.234515 ], [ -71.122599, 42.234643 ], [ -71.122581, 42.234708 ], [ -71.122566, 42.234766 ], [ -71.122484, 42.234847 ], [ -71.122464, 42.234931 ], [ -71.122475, 42.23505 ], [ -71.122517, 42.235199 ], [ -71.122618, 42.23531 ], [ -71.122638, 42.23538 ], [ -71.122673, 42.235406 ], [ -71.122755, 42.235424 ], [ -71.122965, 42.235576 ], [ -71.12327, 42.235778 ], [ -71.123339, 42.235853 ], [ -71.123478, 42.235926 ], [ -71.123813, 42.236183 ], [ -71.124084, 42.236388 ], [ -71.124236, 42.236546 ], [ -71.124457, 42.236861 ], [ -71.124546, 42.237149 ], [ -71.124612, 42.23726 ], [ -71.124689, 42.237365 ], [ -71.124763, 42.237429 ], [ -71.124853, 42.237476 ], [ -71.125009, 42.237537 ], [ -71.125043, 42.237549 ], [ -71.125091, 42.237566 ], [ -71.125242, 42.237626 ], [ -71.125381, 42.237679 ], [ -71.125475, 42.237739 ], [ -71.12554, 42.237781 ], [ -71.125681, 42.237901 ], [ -71.125704, 42.237972 ], [ -71.125769, 42.238201 ], [ -71.125874, 42.238408 ], [ -71.125951, 42.238565 ], [ -71.126025, 42.238699 ], [ -71.126079, 42.238795 ], [ -71.126141, 42.238918 ], [ -71.126296, 42.239063 ], [ -71.126377, 42.239162 ], [ -71.125802, 42.239455 ], [ -71.12567, 42.239527 ], [ -71.122548, 42.241144 ], [ -71.122117, 42.241369 ], [ -71.121389, 42.241742 ], [ -71.120522, 42.242195 ], [ -71.119934, 42.242501 ], [ -71.119644, 42.24265 ], [ -71.119423, 42.242765 ], [ -71.116529, 42.244274 ], [ -71.116409, 42.244328 ], [ -71.116155, 42.24446 ], [ -71.115398, 42.244852 ], [ -71.115202, 42.244955 ], [ -71.115071, 42.245022 ], [ -71.114649, 42.245241 ], [ -71.114563, 42.245284 ], [ -71.11446, 42.245338 ], [ -71.113449, 42.245863 ], [ -71.113268, 42.245948 ], [ -71.112985, 42.246104 ], [ -71.112614, 42.246296 ], [ -71.112164, 42.246529 ], [ -71.112057, 42.246585 ], [ -71.111777, 42.246734 ], [ -71.110937, 42.247177 ], [ -71.110286, 42.247503 ], [ -71.109931, 42.247685 ], [ -71.109347, 42.24799 ], [ -71.109349, 42.24804 ], [ -71.109359, 42.248389 ], [ -71.109365, 42.248551 ], [ -71.109377, 42.249121 ], [ -71.109407, 42.250234 ], [ -71.109428, 42.251014 ], [ -71.109462, 42.252105 ], [ -71.109465, 42.25241 ], [ -71.109488, 42.253327 ], [ -71.109501, 42.253782 ], [ -71.109524, 42.254655 ], [ -71.109527, 42.254755 ], [ -71.109544, 42.255412 ], [ -71.109732, 42.255589 ], [ -71.110431, 42.25625 ], [ -71.110858, 42.256654 ], [ -71.111391, 42.257152 ], [ -71.112369, 42.25808 ], [ -71.112392, 42.258116 ], [ -71.112401, 42.258123 ], [ -71.112433, 42.25815 ], [ -71.112468, 42.258176 ], [ -71.112497, 42.258197 ], [ -71.112577, 42.258278 ], [ -71.11262, 42.258321 ], [ -71.112951, 42.258634 ], [ -71.113009, 42.258689 ], [ -71.113107, 42.258783 ], [ -71.113122, 42.258797 ], [ -71.113153, 42.258827 ], [ -71.11326, 42.258926 ], [ -71.113326, 42.25899 ], [ -71.113276, 42.259031 ], [ -71.113005, 42.259255 ], [ -71.112758, 42.259457 ], [ -71.112561, 42.259619 ], [ -71.112354, 42.259838 ], [ -71.112145, 42.26004 ], [ -71.111867, 42.26041 ], [ -71.111659, 42.260631 ], [ -71.11146, 42.260769 ], [ -71.111101, 42.260916 ], [ -71.110754, 42.261041 ], [ -71.110465, 42.261124 ], [ -71.110325, 42.261132 ], [ -71.110224, 42.261163 ], [ -71.110082, 42.261188 ], [ -71.109986, 42.2612 ], [ -71.109848, 42.261234 ], [ -71.10961, 42.261267 ], [ -71.109514, 42.261275 ], [ -71.109284, 42.261279 ], [ -71.109235, 42.261278 ], [ -71.10915, 42.261294 ], [ -71.108954, 42.261296 ], [ -71.108682, 42.261263 ], [ -71.108473, 42.261173 ], [ -71.108405, 42.261116 ], [ -71.108388, 42.261126 ], [ -71.108362, 42.261141 ], [ -71.108273, 42.261191 ], [ -71.108085, 42.261297 ], [ -71.107728, 42.26148 ], [ -71.107319, 42.261701 ], [ -71.106903, 42.261928 ], [ -71.107259, 42.262286 ], [ -71.107743, 42.262975 ], [ -71.107772, 42.262966 ], [ -71.108162, 42.262781 ], [ -71.108316, 42.262667 ], [ -71.10842, 42.262591 ], [ -71.108639, 42.262878 ], [ -71.108852, 42.263194 ], [ -71.109237, 42.263762 ], [ -71.109491, 42.264103 ], [ -71.109587, 42.264269 ], [ -71.109862, 42.26466 ], [ -71.110144, 42.265075 ], [ -71.11033, 42.265365 ], [ -71.110715, 42.265904 ], [ -71.110828, 42.266065 ], [ -71.111131, 42.266554 ], [ -71.111436, 42.267033 ], [ -71.111622, 42.267359 ], [ -71.111649, 42.267484 ], [ -71.111627, 42.267612 ], [ -71.111486, 42.267964 ], [ -71.110995, 42.269039 ], [ -71.111344, 42.268952 ], [ -71.112389, 42.268564 ], [ -71.112828, 42.268417 ], [ -71.113676, 42.268095 ], [ -71.114847, 42.267669 ], [ -71.115394, 42.267467 ], [ -71.115894, 42.267292 ], [ -71.116427, 42.267112 ], [ -71.116872, 42.266974 ], [ -71.117564, 42.266785 ], [ -71.118089, 42.266649 ], [ -71.11827, 42.266595 ] ] ] } },
{ "type": "Feature", "properties": { "district_id": "489", "eigen": 0.0093852593973288798, "rank": 45 }, "geometry": { "type": "Polygon", "coordinates": [ [ [ -70.998312, 42.371478 ], [ -70.99829, 42.371469 ], [ -70.998274, 42.371406 ], [ -70.998243, 42.371402 ], [ -70.998243, 42.37138 ], [ -70.998088, 42.371261 ], [ -70.997841, 42.37117 ], [ -70.996975, 42.370483 ], [ -70.99585, 42.369901 ], [ -70.994909, 42.369205 ], [ -70.992687, 42.368621 ], [ -70.991239, 42.367931 ], [ -70.989687, 42.367536 ], [ -70.98881, 42.367453 ], [ -70.987708, 42.367331 ], [ -70.987823, 42.36745 ], [ -70.987333, 42.367408 ], [ -70.986572, 42.367491 ], [ -70.98496, 42.367822 ], [ -70.983386, 42.368123 ], [ -70.983058, 42.368186 ], [ -70.981985, 42.368351 ], [ -70.982736, 42.367013 ], [ -70.982972, 42.366591 ], [ -70.981909, 42.362411 ], [ -70.980285, 42.360948 ], [ -70.978927, 42.359724 ], [ -70.977695, 42.357732 ], [ -70.974922, 42.356167 ], [ -70.972339, 42.353922 ], [ -70.972259, 42.353969 ], [ -70.969146, 42.355801 ], [ -70.968935, 42.355925 ], [ -70.96882, 42.355866 ], [ -70.968754, 42.355916 ], [ -70.968683, 42.355971 ], [ -70.968435, 42.35615 ], [ -70.968293, 42.356268 ], [ -70.967495, 42.356884 ], [ -70.967257, 42.357069 ], [ -70.967147, 42.356985 ], [ -70.967112, 42.357007 ], [ -70.967048, 42.356954 ], [ -70.962977, 42.35936 ], [ -70.964432, 42.360143 ], [ -70.964688, 42.361239 ], [ -70.964476, 42.362905 ], [ -70.964183, 42.363219 ], [ -70.962937, 42.364562 ], [ -70.961706, 42.366154 ], [ -70.961429, 42.367567 ], [ -70.962637, 42.370508 ], [ -70.962785, 42.372447 ], [ -70.962489, 42.375234 ], [ -70.962785, 42.376136 ], [ -70.963525, 42.376791 ], [ -70.966412, 42.378239 ], [ -70.966271, 42.378405 ], [ -70.967332, 42.379326 ], [ -70.967631, 42.381683 ], [ -70.967882, 42.381656 ], [ -70.967888, 42.382911 ], [ -70.968139, 42.384371 ], [ -70.967259, 42.385014 ], [ -70.965483, 42.385561 ], [ -70.962856, 42.386845 ], [ -70.963078, 42.389468 ], [ -70.965224, 42.391981 ], [ -70.969515, 42.392446 ], [ -70.972548, 42.392254 ], [ -70.974176, 42.392446 ], [ -70.975801, 42.392721 ], [ -70.97658, 42.392855 ], [ -70.977946, 42.393591 ], [ -70.979326, 42.392552 ], [ -70.980428, 42.391739 ], [ -70.980708, 42.391547 ], [ -70.980928, 42.391395 ], [ -70.981017, 42.391334 ], [ -70.981094, 42.391282 ], [ -70.981229, 42.391191 ], [ -70.981328, 42.391125 ], [ -70.981359, 42.391111 ], [ -70.981394, 42.391095 ], [ -70.981418, 42.39107 ], [ -70.981433, 42.390995 ], [ -70.981427, 42.390943 ], [ -70.981424, 42.390883 ], [ -70.98143, 42.390864 ], [ -70.981454, 42.390844 ], [ -70.981479, 42.390839 ], [ -70.98151, 42.390838 ], [ -70.981541, 42.39084 ], [ -70.981557, 42.390838 ], [ -70.98158, 42.390833 ], [ -70.9816, 42.390822 ], [ -70.981637, 42.39083 ], [ -70.981687, 42.390816 ], [ -70.98172, 42.390805 ], [ -70.981778, 42.390771 ], [ -70.981819, 42.390736 ], [ -70.981863, 42.39072 ], [ -70.981899, 42.390687 ], [ -70.981937, 42.390687 ], [ -70.982001, 42.390642 ], [ -70.982078, 42.390621 ], [ -70.982169, 42.390621 ], [ -70.982283, 42.39066 ], [ -70.982318, 42.390666 ], [ -70.982398, 42.390679 ], [ -70.982474, 42.390668 ], [ -70.982602, 42.390671 ], [ -70.982621, 42.390697 ], [ -70.982638, 42.390707 ], [ -70.982688, 42.390747 ], [ -70.982758, 42.390766 ], [ -70.982841, 42.390774 ], [ -70.98288, 42.39077 ], [ -70.982918, 42.390743 ], [ -70.982988, 42.390692 ], [ -70.983003, 42.390552 ], [ -70.98298, 42.390462 ], [ -70.982956, 42.390449 ], [ -70.982949, 42.390422 ], [ -70.982925, 42.390405 ], [ -70.982925, 42.390224 ], [ -70.983305, 42.389388 ], [ -70.983415, 42.389336 ], [ -70.983455, 42.389299 ], [ -70.983514, 42.389254 ], [ -70.983612, 42.389206 ], [ -70.983697, 42.389177 ], [ -70.983748, 42.389183 ], [ -70.984337, 42.38891 ], [ -70.984363, 42.388887 ], [ -70.984409, 42.388852 ], [ -70.98446, 42.388827 ], [ -70.98457, 42.388766 ], [ -70.984615, 42.388732 ], [ -70.984686, 42.388695 ], [ -70.984785, 42.388671 ], [ -70.984839, 42.388668 ], [ -70.984873, 42.388662 ], [ -70.985148, 42.388534 ], [ -70.986053, 42.388116 ], [ -70.986497, 42.387541 ], [ -70.986428, 42.387468 ], [ -70.98644, 42.387438 ], [ -70.986457, 42.387423 ], [ -70.986475, 42.387405 ], [ -70.986543, 42.387292 ], [ -70.986589, 42.3872 ], [ -70.986621, 42.387138 ], [ -70.986667, 42.387072 ], [ -70.986698, 42.387035 ], [ -70.986731, 42.387007 ], [ -70.986798, 42.386956 ], [ -70.986823, 42.386947 ], [ -70.986901, 42.386915 ], [ -70.986949, 42.386913 ], [ -70.987038, 42.386911 ], [ -70.987109, 42.38692 ], [ -70.98722, 42.38693 ], [ -70.987309, 42.386937 ], [ -70.987356, 42.386945 ], [ -70.987388, 42.386952 ], [ -70.987442, 42.38696 ], [ -70.987512, 42.386974 ], [ -70.987569, 42.386992 ], [ -70.987642, 42.387011 ], [ -70.987677, 42.387014 ], [ -70.987716, 42.387007 ], [ -70.987752, 42.386968 ], [ -70.98778, 42.386943 ], [ -70.987836, 42.386948 ], [ -70.987914, 42.386963 ], [ -70.987949, 42.386966 ], [ -70.98798, 42.386974 ], [ -70.988009, 42.386989 ], [ -70.98804, 42.387035 ], [ -70.988056, 42.387068 ], [ -70.988092, 42.387091 ], [ -70.988281, 42.387107 ], [ -70.991398, 42.385866 ], [ -70.991451, 42.385844 ], [ -70.991598, 42.38578 ], [ -70.993035, 42.385162 ], [ -70.993373, 42.385018 ], [ -70.994239, 42.384647 ], [ -70.994413, 42.383732 ], [ -70.994601, 42.382988 ], [ -70.994634, 42.382711 ], [ -70.994639, 42.382664 ], [ -70.994674, 42.382366 ], [ -70.994664, 42.381899 ], [ -70.994648, 42.38115 ], [ -70.996169, 42.379473 ], [ -70.996694, 42.378741 ], [ -70.997994, 42.378197 ], [ -70.995902, 42.37766 ], [ -70.993811, 42.377122 ], [ -70.99388, 42.377066 ], [ -70.994003, 42.376997 ], [ -70.994188, 42.376912 ], [ -70.994196, 42.37689 ], [ -70.994288, 42.376839 ], [ -70.994597, 42.376757 ], [ -70.995491, 42.376629 ], [ -70.995761, 42.376529 ], [ -70.995969, 42.376404 ], [ -70.996154, 42.376261 ], [ -70.996192, 42.376202 ], [ -70.996239, 42.376084 ], [ -70.996277, 42.376016 ], [ -70.996285, 42.375984 ], [ -70.996346, 42.375889 ], [ -70.996531, 42.375498 ], [ -70.996569, 42.375453 ], [ -70.996577, 42.375403 ], [ -70.996608, 42.375362 ], [ -70.996623, 42.37533 ], [ -70.996646, 42.375312 ], [ -70.996654, 42.375271 ], [ -70.996708, 42.375207 ], [ -70.996871, 42.375101 ], [ -70.996905, 42.375051 ], [ -70.996951, 42.374919 ], [ -70.997051, 42.374679 ], [ -70.99721, 42.374209 ], [ -70.997305, 42.373931 ], [ -70.997444, 42.37369 ], [ -70.997543, 42.373432 ], [ -70.997636, 42.373214 ], [ -70.997643, 42.373174 ], [ -70.997736, 42.372933 ], [ -70.997789, 42.372815 ], [ -70.997866, 42.372598 ], [ -70.997889, 42.372575 ], [ -70.997959, 42.372398 ], [ -70.998166, 42.372048 ], [ -70.998328, 42.371689 ], [ -70.998312, 42.371478 ] ] ] } },
{ "type": "Feature", "properties": { "district_id": "494", "eigen": 0.0049673873813068196, "rank": 97 }, "geometry": { "type": "MultiPolygon", "coordinates": [ [ [ [ -71.097224, 42.34328 ], [ -71.097133, 42.343079 ], [ -71.097015, 42.342859 ], [ -71.0968, 42.342432 ], [ -71.096605, 42.342047 ], [ -71.096493, 42.341843 ], [ -71.095897, 42.342012 ], [ -71.095625, 42.342085 ], [ -71.095488, 42.342135 ], [ -71.095308, 42.342217 ], [ -71.095072, 42.342353 ], [ -71.094842, 42.342559 ], [ -71.094692, 42.342756 ], [ -71.094611, 42.34294 ], [ -71.094579, 42.343087 ], [ -71.094582, 42.343129 ], [ -71.094593, 42.343271 ], [ -71.094612, 42.343513 ], [ -71.094679, 42.343802 ], [ -71.094703, 42.344039 ], [ -71.094701, 42.344246 ], [ -71.094644, 42.344549 ], [ -71.094768, 42.344443 ], [ -71.094839, 42.344413 ], [ -71.094932, 42.344381 ], [ -71.095744, 42.344146 ], [ -71.096507, 42.343944 ], [ -71.097412, 42.343694 ], [ -71.097224, 42.34328 ] ] ], [ [ [ -71.086996, 42.327782 ], [ -71.086959, 42.327857 ], [ -71.086939, 42.327891 ], [ -71.086853, 42.328035 ], [ -71.08679, 42.328098 ], [ -71.086741, 42.328148 ], [ -71.086583, 42.328268 ], [ -71.086373, 42.328372 ], [ -71.08616, 42.328461 ], [ -71.085725, 42.328639 ], [ -71.085184, 42.328854 ], [ -71.0851, 42.328899 ], [ -71.084994, 42.328871 ], [ -71.084898, 42.328845 ], [ -71.084403, 42.328763 ], [ -71.083933, 42.328704 ], [ -71.083448, 42.32865 ], [ -71.083469, 42.328708 ], [ -71.083461, 42.328788 ], [ -71.083358, 42.329412 ], [ -71.083197, 42.330103 ], [ -71.08316, 42.33031 ], [ -71.083111, 42.330506 ], [ -71.083064, 42.330657 ], [ -71.082986, 42.330831 ], [ -71.0832, 42.330679 ], [ -71.083343, 42.3306 ], [ -71.08372, 42.330469 ], [ -71.084051, 42.330314 ], [ -71.084157, 42.330405 ], [ -71.084627, 42.330655 ], [ -71.085025, 42.330834 ], [ -71.085223, 42.3306 ], [ -71.085349, 42.330657 ], [ -71.085752, 42.330837 ], [ -71.086181, 42.33102 ], [ -71.086252, 42.331078 ], [ -71.086257, 42.33114 ], [ -71.086155, 42.331295 ], [ -71.085794, 42.331707 ], [ -71.085676, 42.33191 ], [ -71.085377, 42.332299 ], [ -71.085349, 42.332333 ], [ -71.085037, 42.332715 ], [ -71.085562, 42.332992 ], [ -71.085887, 42.333175 ], [ -71.086715, 42.33367 ], [ -71.087043, 42.333846 ], [ -71.087462, 42.334126 ], [ -71.087756, 42.3343 ], [ -71.088253, 42.334582 ], [ -71.08832, 42.334637 ], [ -71.088407, 42.334738 ], [ -71.088494, 42.334896 ], [ -71.087806, 42.335236 ], [ -71.087509, 42.335372 ], [ -71.087051, 42.335616 ], [ -71.087031, 42.335627 ], [ -71.08699, 42.335654 ], [ -71.086977, 42.335662 ], [ -71.086946, 42.335681 ], [ -71.086386, 42.336018 ], [ -71.085979, 42.336249 ], [ -71.085381, 42.336571 ], [ -71.084844, 42.336863 ], [ -71.084338, 42.337145 ], [ -71.083983, 42.33734 ], [ -71.083797, 42.337445 ], [ -71.083378, 42.337681 ], [ -71.083287, 42.337733 ], [ -71.083233, 42.337761 ], [ -71.082983, 42.337893 ], [ -71.082477, 42.338154 ], [ -71.081969, 42.338416 ], [ -71.082613, 42.338849 ], [ -71.083309, 42.33931 ], [ -71.083656, 42.339536 ], [ -71.083677, 42.33955 ], [ -71.0842, 42.339912 ], [ -71.084459, 42.340067 ], [ -71.084681, 42.340293 ], [ -71.084309, 42.340607 ], [ -71.083504, 42.341263 ], [ -71.083226, 42.341546 ], [ -71.083151, 42.341622 ], [ -71.083034, 42.341725 ], [ -71.082662, 42.342053 ], [ -71.082648, 42.342066 ], [ -71.08205, 42.342676 ], [ -71.08142, 42.343194 ], [ -71.08078, 42.343744 ], [ -71.080454, 42.343965 ], [ -71.080365, 42.344025 ], [ -71.080082, 42.344219 ], [ -71.080151, 42.344263 ], [ -71.080225, 42.344319 ], [ -71.080344, 42.3444 ], [ -71.080862, 42.344753 ], [ -71.080911, 42.344787 ], [ -71.081303, 42.345049 ], [ -71.08171, 42.345339 ], [ -71.081821, 42.345413 ], [ -71.081881, 42.345522 ], [ -71.08209, 42.34567 ], [ -71.082377, 42.345801 ], [ -71.082757, 42.345856 ], [ -71.082984, 42.345846 ], [ -71.083413, 42.345894 ], [ -71.083833, 42.345945 ], [ -71.084406, 42.346039 ], [ -71.084634, 42.346087 ], [ -71.084742, 42.346195 ], [ -71.084793, 42.346269 ], [ -71.084804, 42.3463 ], [ -71.084907, 42.34648 ], [ -71.08503, 42.346738 ], [ -71.085265, 42.347176 ], [ -71.085431, 42.347487 ], [ -71.085476, 42.347571 ], [ -71.085528, 42.347698 ], [ -71.085602, 42.347884 ], [ -71.086376, 42.347682 ], [ -71.086734, 42.347588 ], [ -71.086855, 42.347554 ], [ -71.087076, 42.347491 ], [ -71.087233, 42.347448 ], [ -71.087348, 42.34741 ], [ -71.087758, 42.3473 ], [ -71.089264, 42.346887 ], [ -71.089413, 42.346851 ], [ -71.090005, 42.346679 ], [ -71.090087, 42.346657 ], [ -71.090399, 42.346576 ], [ -71.09055, 42.34655 ], [ -71.0907, 42.346535 ], [ -71.090902, 42.346544 ], [ -71.090851, 42.346493 ], [ -71.090825, 42.346432 ], [ -71.090792, 42.346313 ], [ -71.090671, 42.345777 ], [ -71.090636, 42.345615 ], [ -71.090632, 42.345437 ], [ -71.090645, 42.345262 ], [ -71.090756, 42.344865 ], [ -71.090799, 42.344642 ], [ -71.090784, 42.344487 ], [ -71.090796, 42.344356 ], [ -71.090844, 42.344077 ], [ -71.090877, 42.344004 ], [ -71.09092, 42.343877 ], [ -71.091019, 42.343723 ], [ -71.091223, 42.343489 ], [ -71.091354, 42.343352 ], [ -71.091453, 42.34318 ], [ -71.0915, 42.343049 ], [ -71.09151, 42.342959 ], [ -71.091519, 42.342772 ], [ -71.091524, 42.342663 ], [ -71.091518, 42.342541 ], [ -71.091531, 42.342316 ], [ -71.091595, 42.342112 ], [ -71.091667, 42.341967 ], [ -71.091721, 42.341867 ], [ -71.091989, 42.341539 ], [ -71.092029, 42.3415 ], [ -71.092148, 42.341395 ], [ -71.092205, 42.341335 ], [ -71.092452, 42.341184 ], [ -71.092669, 42.341074 ], [ -71.092795, 42.341018 ], [ -71.092991, 42.340956 ], [ -71.093217, 42.340889 ], [ -71.093746, 42.340774 ], [ -71.094041, 42.340704 ], [ -71.094553, 42.340564 ], [ -71.094973, 42.340405 ], [ -71.095718, 42.340101 ], [ -71.096019, 42.339941 ], [ -71.09621, 42.339827 ], [ -71.096336, 42.339715 ], [ -71.096678, 42.339257 ], [ -71.096885, 42.339026 ], [ -71.097084, 42.338893 ], [ -71.097289, 42.338783 ], [ -71.097537, 42.338706 ], [ -71.097741, 42.338698 ], [ -71.097932, 42.338716 ], [ -71.098235, 42.338773 ], [ -71.098383, 42.338824 ], [ -71.098667, 42.33894 ], [ -71.098988, 42.339095 ], [ -71.099544, 42.339398 ], [ -71.099802, 42.339582 ], [ -71.100235, 42.339899 ], [ -71.100603, 42.340204 ], [ -71.100817, 42.340376 ], [ -71.101047, 42.34057 ], [ -71.101559, 42.341038 ], [ -71.101703, 42.341165 ], [ -71.102945, 42.342427 ], [ -71.103275, 42.342741 ], [ -71.103789, 42.343144 ], [ -71.104168, 42.343318 ], [ -71.104358, 42.343358 ], [ -71.104495, 42.343371 ], [ -71.104552, 42.343371 ], [ -71.104722, 42.343371 ], [ -71.104926, 42.343353 ], [ -71.105128, 42.343317 ], [ -71.105361, 42.343289 ], [ -71.105458, 42.343262 ], [ -71.105526, 42.343237 ], [ -71.105749, 42.343072 ], [ -71.105919, 42.342932 ], [ -71.106052, 42.342778 ], [ -71.106164, 42.342638 ], [ -71.10633, 42.342397 ], [ -71.106564, 42.342108 ], [ -71.106771, 42.341892 ], [ -71.106909, 42.341767 ], [ -71.107084, 42.341653 ], [ -71.107259, 42.34156 ], [ -71.107565, 42.341417 ], [ -71.107803, 42.341332 ], [ -71.108216, 42.341196 ], [ -71.108318, 42.341172 ], [ -71.109078, 42.34101 ], [ -71.10929, 42.340936 ], [ -71.10947, 42.340842 ], [ -71.109629, 42.340725 ], [ -71.110001, 42.340317 ], [ -71.11016, 42.340073 ], [ -71.110351, 42.33967 ], [ -71.110386, 42.33957 ], [ -71.110416, 42.339438 ], [ -71.110436, 42.339201 ], [ -71.110438, 42.338902 ], [ -71.110449, 42.338729 ], [ -71.11045, 42.33861 ], [ -71.110494, 42.338383 ], [ -71.110532, 42.338218 ], [ -71.110596, 42.338038 ], [ -71.110666, 42.337861 ], [ -71.11073, 42.337653 ], [ -71.110763, 42.337513 ], [ -71.110743, 42.337344 ], [ -71.110697, 42.337183 ], [ -71.110639, 42.337057 ], [ -71.110561, 42.336927 ], [ -71.110414, 42.336725 ], [ -71.110288, 42.336591 ], [ -71.110063, 42.336307 ], [ -71.109933, 42.336009 ], [ -71.109886, 42.335843 ], [ -71.109866, 42.335698 ], [ -71.109867, 42.335525 ], [ -71.109894, 42.335379 ], [ -71.109966, 42.335231 ], [ -71.110094, 42.335043 ], [ -71.110259, 42.334866 ], [ -71.11044, 42.334726 ], [ -71.110752, 42.334511 ], [ -71.111069, 42.334282 ], [ -71.111368, 42.334066 ], [ -71.111564, 42.333918 ], [ -71.111792, 42.333734 ], [ -71.11209, 42.333429 ], [ -71.112234, 42.33326 ], [ -71.112415, 42.333068 ], [ -71.112739, 42.332696 ], [ -71.112835, 42.332535 ], [ -71.112905, 42.332378 ], [ -71.112969, 42.332166 ], [ -71.113016, 42.331932 ], [ -71.112897, 42.331943 ], [ -71.112723, 42.331954 ], [ -71.112311, 42.331999 ], [ -71.112298, 42.332003 ], [ -71.112116, 42.332055 ], [ -71.111984, 42.332111 ], [ -71.111875, 42.332157 ], [ -71.111829, 42.332176 ], [ -71.111517, 42.332365 ], [ -71.111211, 42.332508 ], [ -71.110974, 42.332666 ], [ -71.110806, 42.332756 ], [ -71.110416, 42.332959 ], [ -71.110239, 42.333044 ], [ -71.110099, 42.333097 ], [ -71.109869, 42.333159 ], [ -71.109591, 42.333199 ], [ -71.109586, 42.333074 ], [ -71.109568, 42.332563 ], [ -71.109565, 42.332166 ], [ -71.109577, 42.332006 ], [ -71.109594, 42.331437 ], [ -71.109602, 42.331216 ], [ -71.109582, 42.331065 ], [ -71.109561, 42.330967 ], [ -71.109539, 42.330938 ], [ -71.109508, 42.330898 ], [ -71.109353, 42.330834 ], [ -71.108901, 42.330715 ], [ -71.108501, 42.330597 ], [ -71.108115, 42.330494 ], [ -71.108027, 42.33047 ], [ -71.106954, 42.330203 ], [ -71.106774, 42.330153 ], [ -71.106524, 42.330084 ], [ -71.106264, 42.330616 ], [ -71.103514, 42.329919 ], [ -71.102853, 42.329773 ], [ -71.102611, 42.32973 ], [ -71.102005, 42.329588 ], [ -71.101526, 42.329467 ], [ -71.101393, 42.32941 ], [ -71.101276, 42.32935 ], [ -71.101164, 42.329263 ], [ -71.100782, 42.328892 ], [ -71.10039, 42.328489 ], [ -71.100101, 42.328206 ], [ -71.099616, 42.328062 ], [ -71.099368, 42.327995 ], [ -71.099425, 42.327826 ], [ -71.099534, 42.327546 ], [ -71.099622, 42.327092 ], [ -71.09968, 42.326847 ], [ -71.099745, 42.326716 ], [ -71.099847, 42.326612 ], [ -71.100113, 42.326418 ], [ -71.099756, 42.326389 ], [ -71.099626, 42.326375 ], [ -71.099278, 42.326361 ], [ -71.099365, 42.326218 ], [ -71.099487, 42.325938 ], [ -71.099632, 42.32556 ], [ -71.09971, 42.325417 ], [ -71.099633, 42.325349 ], [ -71.099483, 42.325192 ], [ -71.099379, 42.325134 ], [ -71.099145, 42.325059 ], [ -71.098996, 42.325032 ], [ -71.098917, 42.325025 ], [ -71.098877, 42.325021 ], [ -71.098535, 42.324959 ], [ -71.098398, 42.324934 ], [ -71.098325, 42.32514 ], [ -71.098245, 42.325391 ], [ -71.097961, 42.326227 ], [ -71.097898, 42.326252 ], [ -71.097815, 42.326281 ], [ -71.097233, 42.326258 ], [ -71.096719, 42.326233 ], [ -71.096523, 42.326202 ], [ -71.096628, 42.326009 ], [ -71.096699, 42.325867 ], [ -71.096605, 42.325778 ], [ -71.096661, 42.325616 ], [ -71.096705, 42.325468 ], [ -71.09672, 42.325307 ], [ -71.0967, 42.325126 ], [ -71.09668, 42.325026 ], [ -71.096637, 42.324936 ], [ -71.096547, 42.324799 ], [ -71.096391, 42.324612 ], [ -71.096278, 42.324469 ], [ -71.09613, 42.324336 ], [ -71.095953, 42.324161 ], [ -71.095854, 42.32405 ], [ -71.095654, 42.323727 ], [ -71.095559, 42.323573 ], [ -71.095517, 42.323519 ], [ -71.095398, 42.32325 ], [ -71.095076, 42.323203 ], [ -71.094787, 42.323134 ], [ -71.094722, 42.323115 ], [ -71.094549, 42.323084 ], [ -71.094392, 42.32308 ], [ -71.094219, 42.323091 ], [ -71.093833, 42.323142 ], [ -71.093625, 42.32319 ], [ -71.093533, 42.323243 ], [ -71.093472, 42.323288 ], [ -71.09338, 42.323408 ], [ -71.09328, 42.32356 ], [ -71.093254, 42.323711 ], [ -71.093261, 42.323862 ], [ -71.093272, 42.324104 ], [ -71.093275, 42.32447 ], [ -71.093265, 42.324798 ], [ -71.093255, 42.325113 ], [ -71.093233, 42.325422 ], [ -71.0932, 42.325777 ], [ -71.093121, 42.326306 ], [ -71.0931, 42.326396 ], [ -71.093048, 42.326548 ], [ -71.092905, 42.326878 ], [ -71.092409, 42.326737 ], [ -71.092338, 42.32671 ], [ -71.092256, 42.326659 ], [ -71.092131, 42.326524 ], [ -71.0919, 42.32613 ], [ -71.091798, 42.325981 ], [ -71.09134, 42.325311 ], [ -71.091259, 42.325235 ], [ -71.091153, 42.325148 ], [ -71.090956, 42.325022 ], [ -71.090842, 42.324973 ], [ -71.090054, 42.324688 ], [ -71.089394, 42.324439 ], [ -71.088788, 42.324218 ], [ -71.088691, 42.32432 ], [ -71.088537, 42.324482 ], [ -71.08843, 42.324619 ], [ -71.088301, 42.324819 ], [ -71.088214, 42.324993 ], [ -71.088134, 42.325194 ], [ -71.087964, 42.325553 ], [ -71.08789, 42.32571 ], [ -71.087695, 42.326184 ], [ -71.087392, 42.326875 ], [ -71.087262, 42.327159 ], [ -71.086996, 42.327782 ] ] ] ] } },
{ "type": "Feature", "properties": { "district_id": "518", "eigen": 0.0087938238808941294, "rank": 58 }, "geometry": { "type": "MultiPolygon", "coordinates": [ [ [ [ -71.145923, 42.341897 ], [ -71.145477, 42.342013 ], [ -71.145121, 42.342138 ], [ -71.144726, 42.342318 ], [ -71.144358, 42.342526 ], [ -71.144074, 42.342744 ], [ -71.143819, 42.342978 ], [ -71.143655, 42.343137 ], [ -71.143587, 42.343224 ], [ -71.143428, 42.343451 ], [ -71.143109, 42.343878 ], [ -71.143728, 42.34419 ], [ -71.144543, 42.344623 ], [ -71.145049, 42.344963 ], [ -71.145335, 42.345203 ], [ -71.14556, 42.345413 ], [ -71.145661, 42.345523 ], [ -71.145862, 42.345755 ], [ -71.146096, 42.345986 ], [ -71.146238, 42.346106 ], [ -71.146351, 42.346167 ], [ -71.146514, 42.346247 ], [ -71.147316, 42.346582 ], [ -71.147741, 42.346747 ], [ -71.148043, 42.346857 ], [ -71.148344, 42.347019 ], [ -71.148651, 42.347198 ], [ -71.149047, 42.347457 ], [ -71.149368, 42.347754 ], [ -71.149755, 42.348185 ], [ -71.149958, 42.348409 ], [ -71.150271, 42.348773 ], [ -71.150364, 42.34897 ], [ -71.150154, 42.348986 ], [ -71.149943, 42.349036 ], [ -71.149525, 42.349178 ], [ -71.149341, 42.34924 ], [ -71.148984, 42.349408 ], [ -71.14862, 42.349579 ], [ -71.14816, 42.349758 ], [ -71.148027, 42.349804 ], [ -71.147393, 42.350054 ], [ -71.147079, 42.350165 ], [ -71.146511, 42.350417 ], [ -71.145612, 42.350786 ], [ -71.144962, 42.351073 ], [ -71.144549, 42.351248 ], [ -71.144291, 42.351346 ], [ -71.144155, 42.351383 ], [ -71.143981, 42.351433 ], [ -71.143151, 42.351598 ], [ -71.142997, 42.351634 ], [ -71.142789, 42.351673 ], [ -71.142428, 42.351776 ], [ -71.142151, 42.351875 ], [ -71.141925, 42.351947 ], [ -71.141603, 42.352066 ], [ -71.14102, 42.35228 ], [ -71.140266, 42.352543 ], [ -71.139576, 42.352797 ], [ -71.139277, 42.352905 ], [ -71.138997, 42.352992 ], [ -71.138353, 42.35325 ], [ -71.137742, 42.353473 ], [ -71.137492, 42.353514 ], [ -71.137341, 42.35359 ], [ -71.137445, 42.353595 ], [ -71.137625, 42.353612 ], [ -71.138085, 42.353676 ], [ -71.139066, 42.353791 ], [ -71.139621, 42.353867 ], [ -71.139931, 42.353902 ], [ -71.14052, 42.353974 ], [ -71.140681, 42.354004 ], [ -71.141663, 42.354263 ], [ -71.14237, 42.354445 ], [ -71.142579, 42.354496 ], [ -71.143349, 42.354686 ], [ -71.143802, 42.354797 ], [ -71.144176, 42.354889 ], [ -71.145161, 42.355153 ], [ -71.145621, 42.355268 ], [ -71.145898, 42.355337 ], [ -71.146116, 42.355387 ], [ -71.146316, 42.355442 ], [ -71.146587, 42.355518 ], [ -71.147536, 42.355749 ], [ -71.147993, 42.355859 ], [ -71.148391, 42.355972 ], [ -71.148407, 42.355977 ], [ -71.149082, 42.356151 ], [ -71.149532, 42.356259 ], [ -71.150987, 42.356639 ], [ -71.151297, 42.356723 ], [ -71.152204, 42.356954 ], [ -71.152947, 42.357152 ], [ -71.153194, 42.357226 ], [ -71.153449, 42.357327 ], [ -71.153762, 42.357525 ], [ -71.153863, 42.357588 ], [ -71.153893, 42.357613 ], [ -71.153958, 42.357665 ], [ -71.154093, 42.35776 ], [ -71.154322, 42.357903 ], [ -71.154499, 42.358004 ], [ -71.154693, 42.358139 ], [ -71.154914, 42.358147 ], [ -71.15563, 42.3582 ], [ -71.155947, 42.358218 ], [ -71.15628, 42.358228 ], [ -71.156596, 42.358232 ], [ -71.157076, 42.35823 ], [ -71.157321, 42.358251 ], [ -71.157536, 42.358286 ], [ -71.158026, 42.358422 ], [ -71.158184, 42.358456 ], [ -71.158296, 42.358478 ], [ -71.158402, 42.358499 ], [ -71.158954, 42.358592 ], [ -71.159393, 42.35859 ], [ -71.160095, 42.358575 ], [ -71.160445, 42.358566 ], [ -71.160553, 42.358573 ], [ -71.160679, 42.358582 ], [ -71.160899, 42.358625 ], [ -71.161032, 42.358546 ], [ -71.161241, 42.358433 ], [ -71.161462, 42.358318 ], [ -71.161574, 42.35826 ], [ -71.161769, 42.35818 ], [ -71.16187, 42.358138 ], [ -71.162131, 42.358056 ], [ -71.16256, 42.35799 ], [ -71.162894, 42.357953 ], [ -71.163368, 42.357937 ], [ -71.165779, 42.357953 ], [ -71.166355, 42.357964 ], [ -71.167705, 42.35798 ], [ -71.169474, 42.358047 ], [ -71.169894, 42.357641 ], [ -71.1699, 42.357626 ], [ -71.170064, 42.357467 ], [ -71.170397, 42.357115 ], [ -71.170656, 42.356848 ], [ -71.170996, 42.356495 ], [ -71.17117, 42.356315 ], [ -71.171387, 42.356089 ], [ -71.171548, 42.355922 ], [ -71.17231, 42.355132 ], [ -71.17258, 42.354852 ], [ -71.172693, 42.354735 ], [ -71.172773, 42.354651 ], [ -71.172887, 42.354533 ], [ -71.173533, 42.353863 ], [ -71.173916, 42.353465 ], [ -71.173935, 42.353397 ], [ -71.173997, 42.353195 ], [ -71.174029, 42.353083 ], [ -71.174132, 42.35274 ], [ -71.17426, 42.352311 ], [ -71.174304, 42.352165 ], [ -71.174376, 42.351925 ], [ -71.174404, 42.35183 ], [ -71.174438, 42.351717 ], [ -71.174463, 42.351634 ], [ -71.174572, 42.351266 ], [ -71.174626, 42.351085 ], [ -71.174642, 42.351032 ], [ -71.174706, 42.350817 ], [ -71.174752, 42.350664 ], [ -71.174798, 42.35051 ], [ -71.17485, 42.350337 ], [ -71.174798, 42.350277 ], [ -71.174798, 42.350265 ], [ -71.174708, 42.350155 ], [ -71.174265, 42.349584 ], [ -71.173418, 42.348531 ], [ -71.173171, 42.348208 ], [ -71.17232, 42.347173 ], [ -71.171898, 42.346655 ], [ -71.170003, 42.344252 ], [ -71.169421, 42.343531 ], [ -71.168323, 42.342168 ], [ -71.168124, 42.341917 ], [ -71.166989, 42.340464 ], [ -71.166683, 42.340104 ], [ -71.166687, 42.340074 ], [ -71.166699, 42.340009 ], [ -71.16674, 42.339854 ], [ -71.166808, 42.33929 ], [ -71.167701, 42.338965 ], [ -71.167729, 42.338955 ], [ -71.168315, 42.338742 ], [ -71.168633, 42.338629 ], [ -71.168936, 42.338449 ], [ -71.169087, 42.338245 ], [ -71.169217, 42.338068 ], [ -71.169192, 42.337883 ], [ -71.169122, 42.337376 ], [ -71.168859, 42.336304 ], [ -71.168886, 42.335826 ], [ -71.16857, 42.335143 ], [ -71.168471, 42.335085 ], [ -71.16841, 42.335022 ], [ -71.168191, 42.334791 ], [ -71.168021, 42.334426 ], [ -71.167565, 42.333441 ], [ -71.166766, 42.333528 ], [ -71.166461, 42.333561 ], [ -71.165437, 42.333672 ], [ -71.16519, 42.333691 ], [ -71.164776, 42.333747 ], [ -71.16431, 42.333798 ], [ -71.164032, 42.333829 ], [ -71.163667, 42.33387 ], [ -71.162972, 42.333947 ], [ -71.162732, 42.333961 ], [ -71.162525, 42.333966 ], [ -71.162298, 42.333965 ], [ -71.162099, 42.333944 ], [ -71.161721, 42.333886 ], [ -71.161295, 42.333783 ], [ -71.160917, 42.333639 ], [ -71.160347, 42.333365 ], [ -71.16026, 42.333319 ], [ -71.16017, 42.333272 ], [ -71.159723, 42.333036 ], [ -71.159325, 42.332768 ], [ -71.158956, 42.332424 ], [ -71.158716, 42.332162 ], [ -71.158546, 42.331984 ], [ -71.157667, 42.331059 ], [ -71.157508, 42.330886 ], [ -71.157346, 42.330714 ], [ -71.157113, 42.330466 ], [ -71.157036, 42.33039 ], [ -71.156262, 42.330847 ], [ -71.154962, 42.331616 ], [ -71.149853, 42.334635 ], [ -71.149956, 42.334691 ], [ -71.150461, 42.334968 ], [ -71.150134, 42.33521 ], [ -71.150104, 42.335282 ], [ -71.150059, 42.335393 ], [ -71.149652, 42.335488 ], [ -71.1496, 42.335501 ], [ -71.148526, 42.335752 ], [ -71.148295, 42.335807 ], [ -71.148474, 42.336231 ], [ -71.148482, 42.336253 ], [ -71.148492, 42.336274 ], [ -71.148516, 42.33633 ], [ -71.148555, 42.336423 ], [ -71.14858, 42.336487 ], [ -71.148711, 42.33679 ], [ -71.148742, 42.336866 ], [ -71.147266, 42.337201 ], [ -71.147281, 42.337262 ], [ -71.147346, 42.337512 ], [ -71.147741, 42.337455 ], [ -71.148701, 42.337267 ], [ -71.148956, 42.337196 ], [ -71.149197, 42.33709 ], [ -71.149355, 42.33699 ], [ -71.149476, 42.336929 ], [ -71.150084, 42.336842 ], [ -71.150309, 42.336842 ], [ -71.150105, 42.337193 ], [ -71.149839, 42.337665 ], [ -71.149658, 42.33798 ], [ -71.149468, 42.338281 ], [ -71.149286, 42.338632 ], [ -71.148847, 42.339358 ], [ -71.148696, 42.339538 ], [ -71.148378, 42.339899 ], [ -71.14808, 42.34017 ], [ -71.147571, 42.340611 ], [ -71.147333, 42.340837 ], [ -71.146982, 42.341192 ], [ -71.146891, 42.34132 ], [ -71.14686, 42.341372 ], [ -71.146311, 42.341419 ], [ -71.145961, 42.34148 ], [ -71.145779, 42.341516 ], [ -71.145802, 42.34158 ], [ -71.145829, 42.341659 ], [ -71.14587, 42.341774 ], [ -71.145923, 42.341897 ] ] ], [ [ [ -71.141698, 42.34602 ], [ -71.141451, 42.345928 ], [ -71.141358, 42.345895 ], [ -71.141238, 42.345853 ], [ -71.141198, 42.345835 ], [ -71.14075, 42.34563 ], [ -71.140519, 42.345523 ], [ -71.140166, 42.345322 ], [ -71.139804, 42.345093 ], [ -71.139548, 42.344945 ], [ -71.139045, 42.344616 ], [ -71.138387, 42.344218 ], [ -71.138246, 42.344126 ], [ -71.137824, 42.343876 ], [ -71.137361, 42.344257 ], [ -71.137109, 42.344461 ], [ -71.136758, 42.344745 ], [ -71.135985, 42.345366 ], [ -71.135456, 42.345795 ], [ -71.135278, 42.345941 ], [ -71.135155, 42.346023 ], [ -71.134254, 42.346577 ], [ -71.134549, 42.346729 ], [ -71.134674, 42.34685 ], [ -71.135555, 42.347592 ], [ -71.135961, 42.347957 ], [ -71.135757, 42.347968 ], [ -71.135574, 42.348003 ], [ -71.135375, 42.348054 ], [ -71.135042, 42.348165 ], [ -71.135126, 42.34829 ], [ -71.135172, 42.348358 ], [ -71.135212, 42.348425 ], [ -71.135238, 42.34849 ], [ -71.135511, 42.348776 ], [ -71.135724, 42.34904 ], [ -71.135803, 42.349168 ], [ -71.135843, 42.349274 ], [ -71.135853, 42.349381 ], [ -71.135853, 42.349449 ], [ -71.135825, 42.349573 ], [ -71.135765, 42.349721 ], [ -71.135727, 42.349837 ], [ -71.135694, 42.349992 ], [ -71.135903, 42.350065 ], [ -71.136176, 42.350213 ], [ -71.136379, 42.350393 ], [ -71.136536, 42.350194 ], [ -71.136893, 42.349704 ], [ -71.137188, 42.349264 ], [ -71.137383, 42.348982 ], [ -71.13758, 42.348649 ], [ -71.138267, 42.348885 ], [ -71.13841, 42.348926 ], [ -71.138576, 42.348975 ], [ -71.138898, 42.349034 ], [ -71.139084, 42.349048 ], [ -71.13927, 42.349044 ], [ -71.139631, 42.349003 ], [ -71.139731, 42.348977 ], [ -71.139806, 42.348958 ], [ -71.13988, 42.348933 ], [ -71.140043, 42.348866 ], [ -71.140219, 42.348774 ], [ -71.140366, 42.348686 ], [ -71.140462, 42.348607 ], [ -71.14057, 42.348498 ], [ -71.140667, 42.348377 ], [ -71.140749, 42.348247 ], [ -71.140809, 42.348079 ], [ -71.14087, 42.347882 ], [ -71.140911, 42.347718 ], [ -71.140934, 42.347637 ], [ -71.140979, 42.347483 ], [ -71.141083, 42.347181 ], [ -71.141168, 42.346963 ], [ -71.1413, 42.346687 ], [ -71.141522, 42.346291 ], [ -71.141698, 42.34602 ] ] ] ] } },
{ "type": "Feature", "properties": { "district_id": "521", "eigen": 0.0042774273120920296, "rank": 102 }, "geometry": { "type": "Polygon", "coordinates": [ [ [ -71.051084, 42.363995 ], [ -71.05109, 42.364175 ], [ -71.0496, 42.364044 ], [ -71.049409, 42.364045 ], [ -71.046389, 42.363935 ], [ -71.046637, 42.364603 ], [ -71.046705, 42.366247 ], [ -71.046672, 42.367503 ], [ -71.047025, 42.367812 ], [ -71.048089, 42.368803 ], [ -71.049575, 42.370189 ], [ -71.048844, 42.370904 ], [ -71.049095, 42.371197 ], [ -71.050708, 42.370748 ], [ -71.050895, 42.370697 ], [ -71.051699, 42.370697 ], [ -71.054995, 42.370697 ], [ -71.056284, 42.370267 ], [ -71.057141, 42.369982 ], [ -71.058827, 42.369209 ], [ -71.059795, 42.368767 ], [ -71.059558, 42.368427 ], [ -71.059105, 42.367858 ], [ -71.059051, 42.367779 ], [ -71.058859, 42.367519 ], [ -71.058694, 42.367295 ], [ -71.058585, 42.367117 ], [ -71.058543, 42.367021 ], [ -71.058525, 42.366952 ], [ -71.058483, 42.366742 ], [ -71.058457, 42.366153 ], [ -71.058438, 42.36594 ], [ -71.058405, 42.365555 ], [ -71.058381, 42.365266 ], [ -71.058429, 42.364687 ], [ -71.058433, 42.364641 ], [ -71.058296, 42.364472 ], [ -71.058229, 42.364389 ], [ -71.057893, 42.364042 ], [ -71.057801, 42.363951 ], [ -71.057661, 42.363812 ], [ -71.057505, 42.363656 ], [ -71.057289, 42.363468 ], [ -71.05721, 42.363402 ], [ -71.05707, 42.363289 ], [ -71.056972, 42.363208 ], [ -71.056381, 42.362884 ], [ -71.055812, 42.362542 ], [ -71.055681, 42.362469 ], [ -71.055433, 42.36233 ], [ -71.054925, 42.362046 ], [ -71.054858, 42.362014 ], [ -71.05471, 42.36194 ], [ -71.054562, 42.361867 ], [ -71.053942, 42.36156 ], [ -71.053613, 42.361392 ], [ -71.053297, 42.361219 ], [ -71.052967, 42.361029 ], [ -71.052809, 42.360915 ], [ -71.052491, 42.361263 ], [ -71.052325, 42.36144 ], [ -71.052159, 42.361548 ], [ -71.051956, 42.361668 ], [ -71.051378, 42.36194 ], [ -71.051201, 42.362066 ], [ -71.051101, 42.362174 ], [ -71.051063, 42.362248 ], [ -71.051022, 42.362329 ], [ -71.051, 42.362584 ], [ -71.051045, 42.363333 ], [ -71.051063, 42.363652 ], [ -71.051066, 42.363703 ], [ -71.051084, 42.363995 ] ] ] } },
{ "type": "Feature", "properties": { "district_id": "525", "eigen": 0.01250696265912267, "rank": 13 }, "geometry": { "type": "Polygon", "coordinates": [ [ [ -71.055524, 42.387119 ], [ -71.055897, 42.387155 ], [ -71.05702, 42.387261 ], [ -71.057395, 42.387297 ], [ -71.05749, 42.387289 ], [ -71.057777, 42.387265 ], [ -71.057873, 42.387257 ], [ -71.060705, 42.387018 ], [ -71.063449, 42.386785 ], [ -71.065695, 42.386596 ], [ -71.067016, 42.387205 ], [ -71.068889, 42.38807 ], [ -71.070896, 42.388996 ], [ -71.07073, 42.389495 ], [ -71.070696, 42.389596 ], [ -71.070683, 42.389616 ], [ -71.07067, 42.389636 ], [ -71.070584, 42.389692 ], [ -71.070516, 42.389784 ], [ -71.070491, 42.389836 ], [ -71.070482, 42.389851 ], [ -71.070295, 42.390041 ], [ -71.07013, 42.39029 ], [ -71.069062, 42.391761 ], [ -71.069121, 42.39178 ], [ -71.06816, 42.392732 ], [ -71.06741, 42.393476 ], [ -71.066997, 42.394006 ], [ -71.06695, 42.394073 ], [ -71.066971, 42.394246 ], [ -71.067029, 42.394532 ], [ -71.066944, 42.394755 ], [ -71.066858, 42.394979 ], [ -71.067367, 42.395296 ], [ -71.067591, 42.39511 ], [ -71.068013, 42.394752 ], [ -71.068857, 42.394037 ], [ -71.068955, 42.393948 ], [ -71.069037, 42.393885 ], [ -71.069127, 42.39392 ], [ -71.069184, 42.393949 ], [ -71.069255, 42.393978 ], [ -71.069322, 42.394022 ], [ -71.070114, 42.393298 ], [ -71.070412, 42.393009 ], [ -71.07086, 42.392575 ], [ -71.071307, 42.392141 ], [ -71.071606, 42.391852 ], [ -71.072007, 42.391463 ], [ -71.072696, 42.390796 ], [ -71.073146, 42.391358 ], [ -71.073496, 42.391796 ], [ -71.073613, 42.391612 ], [ -71.073789, 42.391336 ], [ -71.073965, 42.39106 ], [ -71.074082, 42.390876 ], [ -71.074119, 42.390817 ], [ -71.074196, 42.390696 ], [ -71.074233, 42.390643 ], [ -71.074273, 42.390587 ], [ -71.074622, 42.390091 ], [ -71.075596, 42.388707 ], [ -71.075669, 42.388603 ], [ -71.075945, 42.388217 ], [ -71.076013, 42.388121 ], [ -71.076135, 42.387949 ], [ -71.076261, 42.387773 ], [ -71.076354, 42.387642 ], [ -71.07644, 42.387521 ], [ -71.076539, 42.387382 ], [ -71.076604, 42.387291 ], [ -71.07663, 42.387254 ], [ -71.076802, 42.387013 ], [ -71.077007, 42.386724 ], [ -71.07715, 42.386525 ], [ -71.077405, 42.386167 ], [ -71.077542, 42.385972 ], [ -71.077557, 42.385948 ], [ -71.077638, 42.385838 ], [ -71.077653, 42.385818 ], [ -71.077757, 42.38567 ], [ -71.078039, 42.385274 ], [ -71.078465, 42.384674 ], [ -71.078727, 42.384306 ], [ -71.078939, 42.384008 ], [ -71.079339, 42.383537 ], [ -71.0795, 42.383348 ], [ -71.079557, 42.383264 ], [ -71.079728, 42.383014 ], [ -71.079785, 42.382932 ], [ -71.080012, 42.382811 ], [ -71.080083, 42.382773 ], [ -71.080448, 42.382603 ], [ -71.080714, 42.382486 ], [ -71.080807, 42.382445 ], [ -71.080947, 42.382378 ], [ -71.080971, 42.382323 ], [ -71.080953, 42.382235 ], [ -71.080932, 42.382133 ], [ -71.080701, 42.381039 ], [ -71.0806, 42.381023 ], [ -71.080155, 42.380948 ], [ -71.079777, 42.380885 ], [ -71.079364, 42.380816 ], [ -71.078843, 42.380729 ], [ -71.078668, 42.3807 ], [ -71.078507, 42.380672 ], [ -71.078214, 42.380624 ], [ -71.078056, 42.380597 ], [ -71.078019, 42.380591 ], [ -71.077767, 42.380548 ], [ -71.077637, 42.380527 ], [ -71.077611, 42.380523 ], [ -71.077579, 42.380517 ], [ -71.077457, 42.380497 ], [ -71.077443, 42.380494 ], [ -71.077395, 42.380486 ], [ -71.07732, 42.380474 ], [ -71.077241, 42.380461 ], [ -71.077217, 42.380457 ], [ -71.07717, 42.380449 ], [ -71.077083, 42.380434 ], [ -71.07702, 42.380424 ], [ -71.076941, 42.38041 ], [ -71.076867, 42.380398 ], [ -71.076805, 42.380388 ], [ -71.076728, 42.380375 ], [ -71.076688, 42.380368 ], [ -71.076569, 42.380348 ], [ -71.076499, 42.380337 ], [ -71.07646, 42.38033 ], [ -71.076195, 42.380286 ], [ -71.075979, 42.380249 ], [ -71.075849, 42.380228 ], [ -71.075657, 42.380196 ], [ -71.075571, 42.379996 ], [ -71.075315, 42.379398 ], [ -71.07523, 42.379198 ], [ -71.075133, 42.378973 ], [ -71.075019, 42.378707 ], [ -71.074867, 42.378352 ], [ -71.07471, 42.377984 ], [ -71.074626, 42.377787 ], [ -71.074499, 42.377491 ], [ -71.074428, 42.377325 ], [ -71.074397, 42.377252 ], [ -71.074305, 42.377037 ], [ -71.073928, 42.376157 ], [ -71.073886, 42.376069 ], [ -71.073824, 42.375915 ], [ -71.073779, 42.375811 ], [ -71.073751, 42.375747 ], [ -71.073728, 42.375698 ], [ -71.073707, 42.375655 ], [ -71.073696, 42.37563 ], [ -71.073672, 42.375575 ], [ -71.073633, 42.375483 ], [ -71.073561, 42.375314 ], [ -71.07342, 42.374983 ], [ -71.073255, 42.374583 ], [ -71.073091, 42.374192 ], [ -71.072932, 42.373839 ], [ -71.072873, 42.373694 ], [ -71.07277, 42.373441 ], [ -71.072751, 42.373387 ], [ -71.072742, 42.373362 ], [ -71.072728, 42.373322 ], [ -71.072689, 42.373222 ], [ -71.0726, 42.372998 ], [ -71.072511, 42.372772 ], [ -71.072466, 42.372658 ], [ -71.071809, 42.372555 ], [ -71.071389, 42.372489 ], [ -71.071005, 42.372428 ], [ -71.070772, 42.372392 ], [ -71.070545, 42.372356 ], [ -71.070503, 42.372349 ], [ -71.07045, 42.372341 ], [ -71.070422, 42.372337 ], [ -71.070329, 42.372322 ], [ -71.070215, 42.372304 ], [ -71.070117, 42.372289 ], [ -71.070064, 42.37228 ], [ -71.069906, 42.372255 ], [ -71.069743, 42.37223 ], [ -71.069687, 42.372221 ], [ -71.069656, 42.372216 ], [ -71.069445, 42.372182 ], [ -71.069318, 42.372163 ], [ -71.069112, 42.37213 ], [ -71.069057, 42.372122 ], [ -71.069004, 42.372114 ], [ -71.068953, 42.372105 ], [ -71.0687, 42.372065 ], [ -71.068444, 42.372025 ], [ -71.068302, 42.372003 ], [ -71.068217, 42.371989 ], [ -71.06815, 42.371978 ], [ -71.068001, 42.371955 ], [ -71.067906, 42.371939 ], [ -71.067772, 42.371919 ], [ -71.067667, 42.371903 ], [ -71.067614, 42.371894 ], [ -71.067451, 42.371869 ], [ -71.067387, 42.371859 ], [ -71.067159, 42.371823 ], [ -71.067115, 42.371816 ], [ -71.066979, 42.371693 ], [ -71.066699, 42.371432 ], [ -71.06658, 42.371323 ], [ -71.066509, 42.371258 ], [ -71.066435, 42.371189 ], [ -71.066369, 42.371128 ], [ -71.066239, 42.371009 ], [ -71.065991, 42.370781 ], [ -71.065707, 42.370518 ], [ -71.065616, 42.370435 ], [ -71.06541, 42.370245 ], [ -71.06534, 42.370181 ], [ -71.065212, 42.370064 ], [ -71.065085, 42.369946 ], [ -71.064972, 42.369843 ], [ -71.064925, 42.369799 ], [ -71.064776, 42.369661 ], [ -71.064712, 42.369602 ], [ -71.064642, 42.369537 ], [ -71.064531, 42.369436 ], [ -71.064354, 42.369272 ], [ -71.064214, 42.369144 ], [ -71.064129, 42.369065 ], [ -71.064059, 42.369001 ], [ -71.063921, 42.369016 ], [ -71.063562, 42.368887 ], [ -71.062994, 42.368391 ], [ -71.062745, 42.368447 ], [ -71.062487, 42.368492 ], [ -71.062184, 42.368542 ], [ -71.062101, 42.368556 ], [ -71.061992, 42.368565 ], [ -71.061925, 42.368571 ], [ -71.060835, 42.368671 ], [ -71.059877, 42.368759 ], [ -71.059795, 42.368767 ], [ -71.058827, 42.369209 ], [ -71.057141, 42.369982 ], [ -71.056284, 42.370267 ], [ -71.054995, 42.370697 ], [ -71.051699, 42.370697 ], [ -71.050895, 42.370697 ], [ -71.050708, 42.370748 ], [ -71.049095, 42.371197 ], [ -71.046995, 42.372597 ], [ -71.046289, 42.37436 ], [ -71.046113, 42.374798 ], [ -71.045561, 42.376182 ], [ -71.045195, 42.377097 ], [ -71.044982, 42.378543 ], [ -71.044652, 42.380777 ], [ -71.044298, 42.383209 ], [ -71.047083, 42.385096 ], [ -71.047284, 42.385284 ], [ -71.047325, 42.385302 ], [ -71.048186, 42.385686 ], [ -71.055295, 42.387097 ], [ -71.055341, 42.387101 ], [ -71.055477, 42.387114 ], [ -71.055524, 42.387119 ] ] ] } },
{ "type": "Feature", "properties": { "district_id": "545", "eigen": 0.0027835006768796699, "rank": 114 }, "geometry": { "type": "Polygon", "coordinates": [ [ [ -71.069855, 42.345266 ], [ -71.069403, 42.345113 ], [ -71.068998, 42.344977 ], [ -71.068782, 42.3449 ], [ -71.068076, 42.344647 ], [ -71.067073, 42.344308 ], [ -71.066461, 42.344115 ], [ -71.06593, 42.343936 ], [ -71.065358, 42.343775 ], [ -71.064833, 42.34363 ], [ -71.064406, 42.343501 ], [ -71.064029, 42.343398 ], [ -71.062529, 42.343009 ], [ -71.06239, 42.342965 ], [ -71.062215, 42.342915 ], [ -71.062148, 42.343037 ], [ -71.061716, 42.343964 ], [ -71.061289, 42.34481 ], [ -71.060934, 42.345654 ], [ -71.060911, 42.345709 ], [ -71.060762, 42.346077 ], [ -71.060705, 42.346253 ], [ -71.060838, 42.346276 ], [ -71.061104, 42.346309 ], [ -71.061121, 42.34631 ], [ -71.062556, 42.346623 ], [ -71.06259, 42.346631 ], [ -71.062847, 42.346692 ], [ -71.063077, 42.346748 ], [ -71.063039, 42.34685 ], [ -71.063151, 42.34688 ], [ -71.064331, 42.347165 ], [ -71.064434, 42.347186 ], [ -71.064559, 42.347212 ], [ -71.065755, 42.347513 ], [ -71.065837, 42.347526 ], [ -71.066158, 42.347589 ], [ -71.066784, 42.347684 ], [ -71.067385, 42.347759 ], [ -71.067991, 42.347827 ], [ -71.068193, 42.347866 ], [ -71.068336, 42.347759 ], [ -71.068437, 42.347677 ], [ -71.068503, 42.347602 ], [ -71.068614, 42.347475 ], [ -71.068677, 42.347378 ], [ -71.068841, 42.347105 ], [ -71.069103, 42.346615 ], [ -71.069443, 42.346005 ], [ -71.069855, 42.345266 ] ] ] } },
{ "type": "Feature", "properties": { "district_id": "550", "eigen": 0.0037124715083594398, "rank": 107 }, "geometry": { "type": "Polygon", "coordinates": [ [ [ -71.085728, 42.301248 ], [ -71.085287, 42.300911 ], [ -71.084704, 42.300423 ], [ -71.083907, 42.299709 ], [ -71.083296, 42.299188 ], [ -71.083142, 42.299051 ], [ -71.083076, 42.29898 ], [ -71.083038, 42.298927 ], [ -71.082914, 42.298663 ], [ -71.082303, 42.298793 ], [ -71.08141, 42.299002 ], [ -71.08133, 42.298763 ], [ -71.081084, 42.298122 ], [ -71.080865, 42.297492 ], [ -71.08046, 42.296388 ], [ -71.079996, 42.29648 ], [ -71.079538, 42.296563 ], [ -71.078852, 42.296708 ], [ -71.079151, 42.29869 ], [ -71.079226, 42.299211 ], [ -71.079275, 42.299715 ], [ -71.07928, 42.300191 ], [ -71.079262, 42.300811 ], [ -71.079217, 42.301191 ], [ -71.079154, 42.301448 ], [ -71.079065, 42.301736 ], [ -71.078973, 42.30204 ], [ -71.078866, 42.302365 ], [ -71.078608, 42.302948 ], [ -71.078425, 42.303227 ], [ -71.07818, 42.303609 ], [ -71.077995, 42.303872 ], [ -71.077756, 42.304197 ], [ -71.077546, 42.304441 ], [ -71.077264, 42.304745 ], [ -71.076782, 42.305189 ], [ -71.076399, 42.305516 ], [ -71.07496, 42.30672 ], [ -71.074913, 42.30676 ], [ -71.074256, 42.307348 ], [ -71.073912, 42.307681 ], [ -71.073778, 42.307842 ], [ -71.073648, 42.308016 ], [ -71.073501, 42.308215 ], [ -71.073346, 42.30847 ], [ -71.072822, 42.309471 ], [ -71.072686, 42.309785 ], [ -71.072564, 42.310067 ], [ -71.072334, 42.310213 ], [ -71.071898, 42.310479 ], [ -71.071574, 42.310665 ], [ -71.070821, 42.311022 ], [ -71.070796, 42.311035 ], [ -71.070217, 42.311334 ], [ -71.07039, 42.311404 ], [ -71.070932, 42.31161 ], [ -71.071297, 42.311756 ], [ -71.071512, 42.311844 ], [ -71.071623, 42.311881 ], [ -71.071932, 42.311985 ], [ -71.072198, 42.312033 ], [ -71.072786, 42.312153 ], [ -71.073171, 42.312222 ], [ -71.073617, 42.312398 ], [ -71.074087, 42.312607 ], [ -71.074649, 42.312841 ], [ -71.074973, 42.312984 ], [ -71.075358, 42.313125 ], [ -71.075577, 42.313196 ], [ -71.075668, 42.313226 ], [ -71.076185, 42.313423 ], [ -71.076788, 42.313629 ], [ -71.077005, 42.313713 ], [ -71.077728, 42.314062 ], [ -71.077921, 42.314151 ], [ -71.078492, 42.314433 ], [ -71.078823, 42.314608 ], [ -71.078483, 42.315232 ], [ -71.078331, 42.315547 ], [ -71.078274, 42.315679 ], [ -71.078215, 42.315871 ], [ -71.078151, 42.316225 ], [ -71.078054, 42.316895 ], [ -71.078014, 42.317198 ], [ -71.077972, 42.317386 ], [ -71.077897, 42.317798 ], [ -71.077814, 42.318296 ], [ -71.077761, 42.318606 ], [ -71.077749, 42.318744 ], [ -71.077748, 42.318841 ], [ -71.077751, 42.319059 ], [ -71.077749, 42.319284 ], [ -71.077764, 42.319741 ], [ -71.077758, 42.319871 ], [ -71.077761, 42.32021 ], [ -71.077754, 42.320396 ], [ -71.077746, 42.320431 ], [ -71.077709, 42.32063 ], [ -71.077654, 42.320839 ], [ -71.077627, 42.320907 ], [ -71.077489, 42.321268 ], [ -71.077282, 42.321811 ], [ -71.077223, 42.321975 ], [ -71.077185, 42.322096 ], [ -71.077146, 42.322196 ], [ -71.077097, 42.322281 ], [ -71.076927, 42.322526 ], [ -71.076664, 42.322889 ], [ -71.07644, 42.323203 ], [ -71.076155, 42.323625 ], [ -71.075936, 42.323968 ], [ -71.075811, 42.324146 ], [ -71.075752, 42.324083 ], [ -71.07563, 42.323989 ], [ -71.075453, 42.323878 ], [ -71.075152, 42.323668 ], [ -71.074945, 42.323475 ], [ -71.074641, 42.323238 ], [ -71.074457, 42.323412 ], [ -71.074278, 42.323549 ], [ -71.073922, 42.323759 ], [ -71.072415, 42.324353 ], [ -71.071638, 42.324647 ], [ -71.071946, 42.325073 ], [ -71.072043, 42.325215 ], [ -71.072265, 42.325517 ], [ -71.072561, 42.325921 ], [ -71.07266, 42.326023 ], [ -71.072152, 42.326347 ], [ -71.071697, 42.326584 ], [ -71.071479, 42.326687 ], [ -71.07086, 42.326272 ], [ -71.07002, 42.325718 ], [ -71.069618, 42.325432 ], [ -71.069368, 42.325231 ], [ -71.069136, 42.325051 ], [ -71.068708, 42.324609 ], [ -71.068497, 42.324371 ], [ -71.068201, 42.324069 ], [ -71.068027, 42.32387 ], [ -71.067668, 42.323466 ], [ -71.067545, 42.323342 ], [ -71.067507, 42.323297 ], [ -71.067341, 42.323911 ], [ -71.067174, 42.324464 ], [ -71.067077, 42.324775 ], [ -71.066934, 42.325151 ], [ -71.066655, 42.325845 ], [ -71.066431, 42.326256 ], [ -71.066388, 42.326322 ], [ -71.065486, 42.327728 ], [ -71.06432, 42.329573 ], [ -71.063553, 42.330791 ], [ -71.062905, 42.331806 ], [ -71.062798, 42.331973 ], [ -71.063189, 42.332451 ], [ -71.063534, 42.332839 ], [ -71.063891, 42.333242 ], [ -71.064204, 42.333571 ], [ -71.064371, 42.333748 ], [ -71.06444, 42.333821 ], [ -71.064613, 42.334009 ], [ -71.064839, 42.334291 ], [ -71.06507, 42.334622 ], [ -71.06515, 42.334751 ], [ -71.065214, 42.334899 ], [ -71.065276, 42.335012 ], [ -71.065344, 42.335177 ], [ -71.065399, 42.335346 ], [ -71.065414, 42.335441 ], [ -71.065623, 42.335423 ], [ -71.065813, 42.335407 ], [ -71.066252, 42.33536 ], [ -71.066626, 42.335342 ], [ -71.067131, 42.335291 ], [ -71.067614, 42.335243 ], [ -71.067916, 42.335185 ], [ -71.0681, 42.33515 ], [ -71.068385, 42.335068 ], [ -71.068765, 42.334916 ], [ -71.069226, 42.334734 ], [ -71.069425, 42.334635 ], [ -71.070247, 42.334168 ], [ -71.070831, 42.333792 ], [ -71.07127, 42.333445 ], [ -71.072152, 42.332727 ], [ -71.072656, 42.333033 ], [ -71.07337, 42.33361 ], [ -71.073505, 42.33352 ], [ -71.073517, 42.333512 ], [ -71.073908, 42.33322 ], [ -71.074357, 42.332847 ], [ -71.074576, 42.33297 ], [ -71.074713, 42.333088 ], [ -71.074855, 42.33323 ], [ -71.075037, 42.33349 ], [ -71.076119, 42.332813 ], [ -71.077045, 42.333609 ], [ -71.076711, 42.333851 ], [ -71.076054, 42.334293 ], [ -71.075783, 42.334493 ], [ -71.076216, 42.334829 ], [ -71.076384, 42.33496 ], [ -71.07713, 42.335566 ], [ -71.077621, 42.336001 ], [ -71.078042, 42.335696 ], [ -71.078425, 42.335388 ], [ -71.078539, 42.335297 ], [ -71.078742, 42.335133 ], [ -71.078827, 42.335065 ], [ -71.079345, 42.334654 ], [ -71.079516, 42.334508 ], [ -71.079913, 42.334182 ], [ -71.080297, 42.333796 ], [ -71.080433, 42.33363 ], [ -71.080625, 42.333367 ], [ -71.080943, 42.332931 ], [ -71.081113, 42.333009 ], [ -71.08164, 42.333286 ], [ -71.082524, 42.333795 ], [ -71.083372, 42.334266 ], [ -71.083946, 42.33455 ], [ -71.084318, 42.334713 ], [ -71.084546, 42.334801 ], [ -71.084606, 42.334822 ], [ -71.085149, 42.335014 ], [ -71.085345, 42.335071 ], [ -71.085361, 42.334958 ], [ -71.08569, 42.334801 ], [ -71.085763, 42.334782 ], [ -71.085823, 42.334729 ], [ -71.086174, 42.334289 ], [ -71.086883, 42.33459 ], [ -71.086963, 42.334603 ], [ -71.086991, 42.334603 ], [ -71.087031, 42.334591 ], [ -71.087462, 42.334126 ], [ -71.087043, 42.333846 ], [ -71.086715, 42.33367 ], [ -71.085887, 42.333175 ], [ -71.085562, 42.332992 ], [ -71.085037, 42.332715 ], [ -71.085349, 42.332333 ], [ -71.085377, 42.332299 ], [ -71.085676, 42.33191 ], [ -71.085794, 42.331707 ], [ -71.086155, 42.331295 ], [ -71.086257, 42.33114 ], [ -71.086252, 42.331078 ], [ -71.086181, 42.33102 ], [ -71.085752, 42.330837 ], [ -71.085349, 42.330657 ], [ -71.085223, 42.3306 ], [ -71.085025, 42.330834 ], [ -71.084627, 42.330655 ], [ -71.084157, 42.330405 ], [ -71.084051, 42.330314 ], [ -71.08372, 42.330469 ], [ -71.083343, 42.3306 ], [ -71.0832, 42.330679 ], [ -71.082986, 42.330831 ], [ -71.083064, 42.330657 ], [ -71.083111, 42.330506 ], [ -71.08316, 42.33031 ], [ -71.083197, 42.330103 ], [ -71.083358, 42.329412 ], [ -71.083461, 42.328788 ], [ -71.083469, 42.328708 ], [ -71.083448, 42.32865 ], [ -71.083933, 42.328704 ], [ -71.084403, 42.328763 ], [ -71.084898, 42.328845 ], [ -71.084994, 42.328871 ], [ -71.0851, 42.328899 ], [ -71.085184, 42.328854 ], [ -71.085725, 42.328639 ], [ -71.08616, 42.328461 ], [ -71.086373, 42.328372 ], [ -71.086583, 42.328268 ], [ -71.086741, 42.328148 ], [ -71.08679, 42.328098 ], [ -71.086853, 42.328035 ], [ -71.086939, 42.327891 ], [ -71.086959, 42.327857 ], [ -71.086996, 42.327782 ], [ -71.087262, 42.327159 ], [ -71.087392, 42.326875 ], [ -71.087695, 42.326184 ], [ -71.08789, 42.32571 ], [ -71.087964, 42.325553 ], [ -71.088134, 42.325194 ], [ -71.088214, 42.324993 ], [ -71.088301, 42.324819 ], [ -71.08843, 42.324619 ], [ -71.088537, 42.324482 ], [ -71.088691, 42.32432 ], [ -71.088788, 42.324218 ], [ -71.089394, 42.324439 ], [ -71.090054, 42.324688 ], [ -71.090842, 42.324973 ], [ -71.090956, 42.325022 ], [ -71.091153, 42.325148 ], [ -71.091259, 42.325235 ], [ -71.09134, 42.325311 ], [ -71.091798, 42.325981 ], [ -71.0919, 42.32613 ], [ -71.092131, 42.326524 ], [ -71.092256, 42.326659 ], [ -71.092338, 42.32671 ], [ -71.092409, 42.326737 ], [ -71.092905, 42.326878 ], [ -71.093048, 42.326548 ], [ -71.0931, 42.326396 ], [ -71.093121, 42.326306 ], [ -71.0932, 42.325777 ], [ -71.093233, 42.325422 ], [ -71.093255, 42.325113 ], [ -71.093265, 42.324798 ], [ -71.093275, 42.32447 ], [ -71.093272, 42.324104 ], [ -71.093261, 42.323862 ], [ -71.093254, 42.323711 ], [ -71.09328, 42.32356 ], [ -71.09338, 42.323408 ], [ -71.093472, 42.323288 ], [ -71.093533, 42.323243 ], [ -71.093625, 42.32319 ], [ -71.093833, 42.323142 ], [ -71.094219, 42.323091 ], [ -71.094392, 42.32308 ], [ -71.094549, 42.323084 ], [ -71.094722, 42.323115 ], [ -71.094787, 42.323134 ], [ -71.095076, 42.323203 ], [ -71.095398, 42.32325 ], [ -71.095363, 42.323133 ], [ -71.095335, 42.323001 ], [ -71.09531, 42.322472 ], [ -71.095298, 42.322234 ], [ -71.095334, 42.322112 ], [ -71.095398, 42.322054 ], [ -71.095108, 42.321923 ], [ -71.094299, 42.321471 ], [ -71.09391, 42.321246 ], [ -71.093318, 42.320919 ], [ -71.093146, 42.3208 ], [ -71.09359, 42.320456 ], [ -71.09404, 42.320071 ], [ -71.094355, 42.319756 ], [ -71.094478, 42.319637 ], [ -71.095041, 42.319094 ], [ -71.095305, 42.318825 ], [ -71.096421, 42.317687 ], [ -71.096799, 42.317326 ], [ -71.09695, 42.317165 ], [ -71.097086, 42.317028 ], [ -71.096947, 42.316968 ], [ -71.095648, 42.316307 ], [ -71.095469, 42.316216 ], [ -71.095169, 42.316067 ], [ -71.094803, 42.315868 ], [ -71.094579, 42.315757 ], [ -71.09442, 42.315685 ], [ -71.094274, 42.315634 ], [ -71.094126, 42.315599 ], [ -71.093912, 42.315565 ], [ -71.093559, 42.315515 ], [ -71.093618, 42.31524 ], [ -71.093681, 42.315016 ], [ -71.093756, 42.314785 ], [ -71.093821, 42.314541 ], [ -71.093859, 42.314457 ], [ -71.093938, 42.31432 ], [ -71.094088, 42.314142 ], [ -71.094174, 42.314061 ], [ -71.094395, 42.313876 ], [ -71.09479, 42.313574 ], [ -71.095038, 42.313382 ], [ -71.095145, 42.313282 ], [ -71.094821, 42.313076 ], [ -71.094659, 42.312993 ], [ -71.094617, 42.312972 ], [ -71.094269, 42.312843 ], [ -71.094109, 42.312768 ], [ -71.093977, 42.312694 ], [ -71.093861, 42.312586 ], [ -71.093752, 42.31245 ], [ -71.093642, 42.31226 ], [ -71.093603, 42.31215 ], [ -71.093572, 42.312061 ], [ -71.093545, 42.31186 ], [ -71.093535, 42.311789 ], [ -71.093443, 42.31137 ], [ -71.093296, 42.310988 ], [ -71.093132, 42.31072 ], [ -71.092982, 42.310555 ], [ -71.092951, 42.310521 ], [ -71.092692, 42.310269 ], [ -71.092172, 42.309859 ], [ -71.091896, 42.309665 ], [ -71.091092, 42.309053 ], [ -71.090714, 42.30878 ], [ -71.08991, 42.308171 ], [ -71.089238, 42.30764 ], [ -71.089079, 42.30753 ], [ -71.088593, 42.307233 ], [ -71.088457, 42.30716 ], [ -71.088225, 42.307043 ], [ -71.087916, 42.306902 ], [ -71.087483, 42.306673 ], [ -71.08726, 42.306541 ], [ -71.086566, 42.306111 ], [ -71.08616, 42.30587 ], [ -71.085559, 42.305534 ], [ -71.085302, 42.305409 ], [ -71.085093, 42.305243 ], [ -71.085011, 42.305169 ], [ -71.084956, 42.305082 ], [ -71.084929, 42.304991 ], [ -71.084913, 42.304905 ], [ -71.084923, 42.304428 ], [ -71.085, 42.304178 ], [ -71.085246, 42.303446 ], [ -71.085362, 42.303093 ], [ -71.085558, 42.302495 ], [ -71.085727, 42.301953 ], [ -71.085903, 42.301381 ], [ -71.085728, 42.301248 ] ] ] } },
{ "type": "Feature", "properties": { "district_id": "554", "eigen": 0.0022128950432773, "rank": 116 }, "geometry": { "type": "Polygon", "coordinates": [ [ [ -71.073385, 42.299053 ], [ -71.073245, 42.298834 ], [ -71.073105, 42.298639 ], [ -71.073072, 42.298586 ], [ -71.073012, 42.298462 ], [ -71.072702, 42.297808 ], [ -71.072594, 42.29762 ], [ -71.072473, 42.297344 ], [ -71.072382, 42.297117 ], [ -71.072377, 42.2971 ], [ -71.072318, 42.296898 ], [ -71.072269, 42.296675 ], [ -71.07225, 42.296517 ], [ -71.072159, 42.295889 ], [ -71.072119, 42.295608 ], [ -71.072117, 42.295513 ], [ -71.071327, 42.29568 ], [ -71.071149, 42.295728 ], [ -71.070249, 42.295996 ], [ -71.069851, 42.296088 ], [ -71.069327, 42.296223 ], [ -71.068624, 42.296427 ], [ -71.067642, 42.296699 ], [ -71.066976, 42.296875 ], [ -71.066413, 42.297022 ], [ -71.066112, 42.297584 ], [ -71.065854, 42.29796 ], [ -71.065538, 42.298313 ], [ -71.065232, 42.29859 ], [ -71.06486, 42.298862 ], [ -71.06432, 42.299205 ], [ -71.063757, 42.299457 ], [ -71.063426, 42.299588 ], [ -71.063058, 42.299692 ], [ -71.062541, 42.299818 ], [ -71.061857, 42.299995 ], [ -71.061278, 42.300148 ], [ -71.060915, 42.300242 ], [ -71.060553, 42.300292 ], [ -71.060377, 42.3003 ], [ -71.06031, 42.300303 ], [ -71.060163, 42.300302 ], [ -71.060126, 42.300456 ], [ -71.060015, 42.300759 ], [ -71.059869, 42.301313 ], [ -71.059796, 42.301538 ], [ -71.059909, 42.301736 ], [ -71.060149, 42.30215 ], [ -71.060321, 42.302506 ], [ -71.060576, 42.303145 ], [ -71.060856, 42.303862 ], [ -71.061157, 42.304559 ], [ -71.061367, 42.30506 ], [ -71.061504, 42.30537 ], [ -71.062303, 42.305164 ], [ -71.062366, 42.305179 ], [ -71.062404, 42.305185 ], [ -71.063123, 42.305002 ], [ -71.063424, 42.305701 ], [ -71.064301, 42.305459 ], [ -71.064554, 42.305394 ], [ -71.064128, 42.304708 ], [ -71.064031, 42.304533 ], [ -71.063952, 42.304369 ], [ -71.063863, 42.304216 ], [ -71.064578, 42.304017 ], [ -71.064682, 42.304203 ], [ -71.064979, 42.304682 ], [ -71.065257, 42.305098 ], [ -71.065387, 42.305315 ], [ -71.065987, 42.306252 ], [ -71.066042, 42.306364 ], [ -71.066079, 42.30642 ], [ -71.066131, 42.306476 ], [ -71.066224, 42.306543 ], [ -71.066494, 42.306709 ], [ -71.065836, 42.307314 ], [ -71.065512, 42.307622 ], [ -71.06503, 42.30808 ], [ -71.064583, 42.308116 ], [ -71.064299, 42.308172 ], [ -71.06403, 42.308247 ], [ -71.063907, 42.308347 ], [ -71.063814, 42.308434 ], [ -71.06373, 42.308463 ], [ -71.063248, 42.308527 ], [ -71.062573, 42.308601 ], [ -71.061974, 42.308678 ], [ -71.061387, 42.308742 ], [ -71.06127, 42.309071 ], [ -71.061034, 42.309611 ], [ -71.061001, 42.309683 ], [ -71.060829, 42.310058 ], [ -71.060746, 42.310205 ], [ -71.060454, 42.310097 ], [ -71.060224, 42.310072 ], [ -71.060061, 42.31008 ], [ -71.059993, 42.3101 ], [ -71.059891, 42.310147 ], [ -71.05981, 42.31019 ], [ -71.059772, 42.310237 ], [ -71.059574, 42.310551 ], [ -71.059509, 42.310681 ], [ -71.059434, 42.310882 ], [ -71.059379, 42.311039 ], [ -71.059255, 42.311409 ], [ -71.058927, 42.312474 ], [ -71.058881, 42.312651 ], [ -71.058881, 42.312771 ], [ -71.058959, 42.31277 ], [ -71.059145, 42.312795 ], [ -71.059549, 42.312886 ], [ -71.06014, 42.313034 ], [ -71.060396, 42.313104 ], [ -71.060405, 42.313006 ], [ -71.060386, 42.312946 ], [ -71.060313, 42.312803 ], [ -71.060267, 42.312674 ], [ -71.06023, 42.312513 ], [ -71.060403, 42.312552 ], [ -71.06074, 42.312675 ], [ -71.061469, 42.312959 ], [ -71.062372, 42.313332 ], [ -71.063012, 42.313593 ], [ -71.063259, 42.313688 ], [ -71.06377, 42.31388 ], [ -71.063999, 42.313975 ], [ -71.064111, 42.314031 ], [ -71.064213, 42.314105 ], [ -71.064302, 42.314178 ], [ -71.064423, 42.314322 ], [ -71.064515, 42.314483 ], [ -71.064566, 42.31463 ], [ -71.064602, 42.314769 ], [ -71.06517, 42.314817 ], [ -71.06564, 42.314849 ], [ -71.065858, 42.314833 ], [ -71.06606, 42.314803 ], [ -71.066393, 42.314736 ], [ -71.066745, 42.314678 ], [ -71.066871, 42.314657 ], [ -71.067218, 42.314614 ], [ -71.067429, 42.314603 ], [ -71.067146, 42.314992 ], [ -71.066771, 42.315449 ], [ -71.066597, 42.315648 ], [ -71.066402, 42.315882 ], [ -71.066124, 42.316195 ], [ -71.065578, 42.316818 ], [ -71.065466, 42.31691 ], [ -71.0652, 42.317071 ], [ -71.064864, 42.317242 ], [ -71.064643, 42.31737 ], [ -71.064313, 42.317637 ], [ -71.064157, 42.317791 ], [ -71.063978, 42.318041 ], [ -71.063719, 42.318409 ], [ -71.063572, 42.318618 ], [ -71.063159, 42.319194 ], [ -71.062852, 42.319563 ], [ -71.062684, 42.31974 ], [ -71.062523, 42.319893 ], [ -71.06211, 42.320189 ], [ -71.061757, 42.3204 ], [ -71.061481, 42.3205 ], [ -71.06172, 42.320468 ], [ -71.061865, 42.320477 ], [ -71.062131, 42.320557 ], [ -71.062934, 42.320911 ], [ -71.063154, 42.320978 ], [ -71.063332, 42.321014 ], [ -71.063594, 42.321033 ], [ -71.064429, 42.321112 ], [ -71.065383, 42.321234 ], [ -71.065495, 42.321263 ], [ -71.065596, 42.321294 ], [ -71.065756, 42.321374 ], [ -71.06594, 42.321499 ], [ -71.066088, 42.321646 ], [ -71.066476, 42.322093 ], [ -71.066905, 42.322586 ], [ -71.067507, 42.323297 ], [ -71.067545, 42.323342 ], [ -71.067668, 42.323466 ], [ -71.068027, 42.32387 ], [ -71.068201, 42.324069 ], [ -71.068497, 42.324371 ], [ -71.068708, 42.324609 ], [ -71.069136, 42.325051 ], [ -71.069368, 42.325231 ], [ -71.069618, 42.325432 ], [ -71.07002, 42.325718 ], [ -71.07086, 42.326272 ], [ -71.071479, 42.326687 ], [ -71.071697, 42.326584 ], [ -71.072152, 42.326347 ], [ -71.07266, 42.326023 ], [ -71.072561, 42.325921 ], [ -71.072265, 42.325517 ], [ -71.072043, 42.325215 ], [ -71.071946, 42.325073 ], [ -71.071638, 42.324647 ], [ -71.072415, 42.324353 ], [ -71.073922, 42.323759 ], [ -71.074278, 42.323549 ], [ -71.074457, 42.323412 ], [ -71.074641, 42.323238 ], [ -71.074945, 42.323475 ], [ -71.075152, 42.323668 ], [ -71.075453, 42.323878 ], [ -71.07563, 42.323989 ], [ -71.075752, 42.324083 ], [ -71.075811, 42.324146 ], [ -71.075936, 42.323968 ], [ -71.076155, 42.323625 ], [ -71.07644, 42.323203 ], [ -71.076664, 42.322889 ], [ -71.076927, 42.322526 ], [ -71.077097, 42.322281 ], [ -71.077146, 42.322196 ], [ -71.077185, 42.322096 ], [ -71.077223, 42.321975 ], [ -71.077282, 42.321811 ], [ -71.077489, 42.321268 ], [ -71.077627, 42.320907 ], [ -71.077654, 42.320839 ], [ -71.077709, 42.32063 ], [ -71.077746, 42.320431 ], [ -71.077754, 42.320396 ], [ -71.077761, 42.32021 ], [ -71.077758, 42.319871 ], [ -71.077764, 42.319741 ], [ -71.077749, 42.319284 ], [ -71.077751, 42.319059 ], [ -71.077748, 42.318841 ], [ -71.077749, 42.318744 ], [ -71.077761, 42.318606 ], [ -71.077814, 42.318296 ], [ -71.077897, 42.317798 ], [ -71.077972, 42.317386 ], [ -71.078014, 42.317198 ], [ -71.078054, 42.316895 ], [ -71.078151, 42.316225 ], [ -71.078215, 42.315871 ], [ -71.078274, 42.315679 ], [ -71.078331, 42.315547 ], [ -71.078483, 42.315232 ], [ -71.078823, 42.314608 ], [ -71.078492, 42.314433 ], [ -71.077921, 42.314151 ], [ -71.077728, 42.314062 ], [ -71.077005, 42.313713 ], [ -71.076788, 42.313629 ], [ -71.076185, 42.313423 ], [ -71.075668, 42.313226 ], [ -71.075577, 42.313196 ], [ -71.075358, 42.313125 ], [ -71.074973, 42.312984 ], [ -71.074649, 42.312841 ], [ -71.074087, 42.312607 ], [ -71.073617, 42.312398 ], [ -71.073171, 42.312222 ], [ -71.072786, 42.312153 ], [ -71.072198, 42.312033 ], [ -71.071932, 42.311985 ], [ -71.071623, 42.311881 ], [ -71.071512, 42.311844 ], [ -71.071297, 42.311756 ], [ -71.070932, 42.31161 ], [ -71.07039, 42.311404 ], [ -71.070217, 42.311334 ], [ -71.070796, 42.311035 ], [ -71.070821, 42.311022 ], [ -71.071574, 42.310665 ], [ -71.071898, 42.310479 ], [ -71.072334, 42.310213 ], [ -71.072564, 42.310067 ], [ -71.072686, 42.309785 ], [ -71.072822, 42.309471 ], [ -71.073346, 42.30847 ], [ -71.073501, 42.308215 ], [ -71.073648, 42.308016 ], [ -71.073778, 42.307842 ], [ -71.073912, 42.307681 ], [ -71.074256, 42.307348 ], [ -71.074913, 42.30676 ], [ -71.07496, 42.30672 ], [ -71.076399, 42.305516 ], [ -71.076782, 42.305189 ], [ -71.076495, 42.305108 ], [ -71.076348, 42.305075 ], [ -71.076185, 42.305046 ], [ -71.075978, 42.305037 ], [ -71.074955, 42.304972 ], [ -71.074781, 42.304968 ], [ -71.074297, 42.304931 ], [ -71.074161, 42.30491 ], [ -71.07359, 42.304787 ], [ -71.073117, 42.304672 ], [ -71.072871, 42.304585 ], [ -71.072692, 42.3045 ], [ -71.07248, 42.304365 ], [ -71.072023, 42.303982 ], [ -71.07168, 42.303574 ], [ -71.071559, 42.303488 ], [ -71.071426, 42.303407 ], [ -71.071454, 42.303309 ], [ -71.071512, 42.302742 ], [ -71.071569, 42.30243 ], [ -71.071591, 42.302354 ], [ -71.071701, 42.302107 ], [ -71.071859, 42.301839 ], [ -71.071891, 42.301781 ], [ -71.071944, 42.301687 ], [ -71.071994, 42.301565 ], [ -71.072011, 42.301464 ], [ -71.072022, 42.301263 ], [ -71.072016, 42.300679 ], [ -71.072034, 42.300427 ], [ -71.072068, 42.300269 ], [ -71.072129, 42.300135 ], [ -71.072184, 42.300038 ], [ -71.072299, 42.299937 ], [ -71.072435, 42.299824 ], [ -71.072648, 42.299699 ], [ -71.072743, 42.299658 ], [ -71.072927, 42.299579 ], [ -71.073641, 42.299371 ], [ -71.073385, 42.299053 ] ] ] } },
{ "type": "Feature", "properties": { "district_id": "571", "eigen": 0.0081953254594615294, "rank": 63 }, "geometry": { "type": "Polygon", "coordinates": [ [ [ -71.119282, 42.290235 ], [ -71.119259, 42.290486 ], [ -71.119565, 42.290525 ], [ -71.120069, 42.290788 ], [ -71.120192, 42.290873 ], [ -71.120354, 42.291103 ], [ -71.120853, 42.291179 ], [ -71.121115, 42.291252 ], [ -71.12127, 42.291294 ], [ -71.121636, 42.291411 ], [ -71.122252, 42.291608 ], [ -71.122419, 42.291687 ], [ -71.122463, 42.291749 ], [ -71.123072, 42.2912 ], [ -71.123595, 42.290712 ], [ -71.124136, 42.290198 ], [ -71.124649, 42.289713 ], [ -71.1256, 42.288816 ], [ -71.125814, 42.288615 ], [ -71.125965, 42.288482 ], [ -71.126863, 42.289005 ], [ -71.127139, 42.289161 ], [ -71.126707, 42.289547 ], [ -71.126229, 42.290029 ], [ -71.12618, 42.290089 ], [ -71.126303, 42.290183 ], [ -71.127027, 42.290747 ], [ -71.127344, 42.290999 ], [ -71.127847, 42.291 ], [ -71.128005, 42.291095 ], [ -71.127735, 42.2913 ], [ -71.1296, 42.292809 ], [ -71.129668, 42.292733 ], [ -71.130463, 42.293156 ], [ -71.130462, 42.293207 ], [ -71.130475, 42.293427 ], [ -71.130538, 42.293615 ], [ -71.13055, 42.293705 ], [ -71.1306, 42.294098 ], [ -71.130606, 42.294377 ], [ -71.130576, 42.294559 ], [ -71.130442, 42.294873 ], [ -71.130205, 42.295167 ], [ -71.129534, 42.295882 ], [ -71.129429, 42.296032 ], [ -71.129358, 42.296216 ], [ -71.129332, 42.296362 ], [ -71.129326, 42.296497 ], [ -71.12935, 42.296644 ], [ -71.129391, 42.296724 ], [ -71.129449, 42.296835 ], [ -71.129555, 42.297061 ], [ -71.129729, 42.297372 ], [ -71.129819, 42.297564 ], [ -71.129851, 42.297744 ], [ -71.129855, 42.297863 ], [ -71.129874, 42.298022 ], [ -71.129891, 42.298108 ], [ -71.130068, 42.298184 ], [ -71.129889, 42.298312 ], [ -71.129622, 42.298529 ], [ -71.129388, 42.298734 ], [ -71.128948, 42.299156 ], [ -71.128803, 42.299296 ], [ -71.128072, 42.300028 ], [ -71.127925, 42.300157 ], [ -71.12823, 42.300284 ], [ -71.128569, 42.300413 ], [ -71.12876, 42.300487 ], [ -71.130176, 42.301006 ], [ -71.130563, 42.301144 ], [ -71.130904, 42.301275 ], [ -71.131071, 42.301307 ], [ -71.131419, 42.30132 ], [ -71.131912, 42.301346 ], [ -71.132226, 42.301376 ], [ -71.132578, 42.301425 ], [ -71.13326, 42.301543 ], [ -71.133824, 42.301655 ], [ -71.134052, 42.3017 ], [ -71.134357, 42.301737 ], [ -71.134617, 42.30175 ], [ -71.134866, 42.301723 ], [ -71.135436, 42.301579 ], [ -71.135761, 42.301486 ], [ -71.135996, 42.301419 ], [ -71.136586, 42.301264 ], [ -71.136917, 42.301189 ], [ -71.137103, 42.301185 ], [ -71.137444, 42.301251 ], [ -71.137796, 42.301349 ], [ -71.139015, 42.301728 ], [ -71.139117, 42.301756 ], [ -71.139556, 42.301891 ], [ -71.139826, 42.301997 ], [ -71.140135, 42.302147 ], [ -71.141534, 42.301138 ], [ -71.142308, 42.300581 ], [ -71.143472, 42.299738 ], [ -71.144053, 42.29932 ], [ -71.144144, 42.299254 ], [ -71.145967, 42.297939 ], [ -71.146824, 42.297322 ], [ -71.146883, 42.29728 ], [ -71.147036, 42.297201 ], [ -71.147286, 42.297075 ], [ -71.147484, 42.296972 ], [ -71.147497, 42.296963 ], [ -71.14792, 42.296749 ], [ -71.14829, 42.296558 ], [ -71.148603, 42.296399 ], [ -71.148781, 42.296308 ], [ -71.150012, 42.295678 ], [ -71.1503, 42.29553 ], [ -71.150248, 42.295371 ], [ -71.150097, 42.294985 ], [ -71.149893, 42.294415 ], [ -71.149827, 42.294252 ], [ -71.149546, 42.29353 ], [ -71.149376, 42.293096 ], [ -71.149885, 42.29296 ], [ -71.150296, 42.292903 ], [ -71.151127, 42.292865 ], [ -71.151439, 42.292869 ], [ -71.151768, 42.292899 ], [ -71.152318, 42.293047 ], [ -71.152691, 42.293206 ], [ -71.152886, 42.293269 ], [ -71.153093, 42.293291 ], [ -71.153255, 42.293283 ], [ -71.153486, 42.293265 ], [ -71.153766, 42.293201 ], [ -71.154309, 42.292974 ], [ -71.154684, 42.292783 ], [ -71.155031, 42.292577 ], [ -71.155656, 42.292108 ], [ -71.156177, 42.29171 ], [ -71.156293, 42.291643 ], [ -71.156556, 42.291536 ], [ -71.156774, 42.291511 ], [ -71.156981, 42.291524 ], [ -71.15726, 42.29155 ], [ -71.157696, 42.291655 ], [ -71.157952, 42.291723 ], [ -71.158411, 42.291808 ], [ -71.158522, 42.291829 ], [ -71.158683, 42.291845 ], [ -71.159102, 42.291855 ], [ -71.159488, 42.291819 ], [ -71.159673, 42.291794 ], [ -71.159981, 42.291733 ], [ -71.160629, 42.291585 ], [ -71.160158, 42.290896 ], [ -71.160593, 42.290555 ], [ -71.16088, 42.290362 ], [ -71.161045, 42.290312 ], [ -71.16129, 42.290217 ], [ -71.161448, 42.290136 ], [ -71.16176, 42.289951 ], [ -71.162056, 42.289737 ], [ -71.162848, 42.289172 ], [ -71.163675, 42.288553 ], [ -71.163971, 42.288311 ], [ -71.164178, 42.288173 ], [ -71.164632, 42.287889 ], [ -71.165318, 42.287479 ], [ -71.165783, 42.287195 ], [ -71.166411, 42.286751 ], [ -71.166999, 42.286322 ], [ -71.167734, 42.28586 ], [ -71.167624, 42.285773 ], [ -71.166136, 42.284529 ], [ -71.165258, 42.283767 ], [ -71.16605, 42.283241 ], [ -71.165327, 42.282611 ], [ -71.164656, 42.282077 ], [ -71.164207, 42.281684 ], [ -71.163469, 42.281085 ], [ -71.162908, 42.280618 ], [ -71.162478, 42.280237 ], [ -71.16196, 42.279818 ], [ -71.161901, 42.279768 ], [ -71.162127, 42.279637 ], [ -71.162438, 42.279487 ], [ -71.162958, 42.279289 ], [ -71.163369, 42.279176 ], [ -71.163859, 42.279078 ], [ -71.164266, 42.27904 ], [ -71.16463, 42.279026 ], [ -71.164734, 42.279023 ], [ -71.165224, 42.279059 ], [ -71.166051, 42.279156 ], [ -71.166344, 42.279186 ], [ -71.167456, 42.279302 ], [ -71.168479, 42.279419 ], [ -71.16872, 42.279452 ], [ -71.169551, 42.279565 ], [ -71.171077, 42.279765 ], [ -71.171218, 42.279784 ], [ -71.172057, 42.279896 ], [ -71.173058, 42.280023 ], [ -71.175549, 42.280318 ], [ -71.177016, 42.280401 ], [ -71.176525, 42.279968 ], [ -71.176159, 42.279689 ], [ -71.175765, 42.279304 ], [ -71.175537, 42.279052 ], [ -71.175572, 42.27896 ], [ -71.175537, 42.278833 ], [ -71.175429, 42.278587 ], [ -71.175203, 42.278303 ], [ -71.174941, 42.278088 ], [ -71.174469, 42.27779 ], [ -71.174133, 42.27755 ], [ -71.173787, 42.27731 ], [ -71.173441, 42.27712 ], [ -71.173155, 42.277025 ], [ -71.172382, 42.276867 ], [ -71.172517, 42.276499 ], [ -71.172781, 42.276027 ], [ -71.17305, 42.275609 ], [ -71.173223, 42.275352 ], [ -71.173802, 42.275489 ], [ -71.174471, 42.275749 ], [ -71.174565, 42.275576 ], [ -71.17451, 42.275472 ], [ -71.174468, 42.275372 ], [ -71.174438, 42.275299 ], [ -71.174418, 42.275042 ], [ -71.174513, 42.274781 ], [ -71.174611, 42.274579 ], [ -71.174772, 42.27433 ], [ -71.17482, 42.274219 ], [ -71.174825, 42.274201 ], [ -71.174845, 42.274059 ], [ -71.174857, 42.273809 ], [ -71.174847, 42.273729 ], [ -71.174822, 42.27353 ], [ -71.17475, 42.273322 ], [ -71.174613, 42.273012 ], [ -71.174327, 42.272617 ], [ -71.17404, 42.272266 ], [ -71.173859, 42.271987 ], [ -71.173706, 42.271693 ], [ -71.173616, 42.271471 ], [ -71.173598, 42.271449 ], [ -71.173583, 42.271415 ], [ -71.173527, 42.271114 ], [ -71.173412, 42.270913 ], [ -71.173342, 42.270849 ], [ -71.173184, 42.270699 ], [ -71.173154, 42.27067 ], [ -71.172991, 42.270434 ], [ -71.172953, 42.270298 ], [ -71.172964, 42.270133 ], [ -71.173022, 42.270026 ], [ -71.173216, 42.269777 ], [ -71.173424, 42.269569 ], [ -71.173477, 42.269498 ], [ -71.173529, 42.269438 ], [ -71.173559, 42.26941 ], [ -71.173661, 42.269334 ], [ -71.173815, 42.269245 ], [ -71.174162, 42.268994 ], [ -71.174288, 42.268885 ], [ -71.174315, 42.268855 ], [ -71.174501, 42.268651 ], [ -71.174609, 42.268373 ], [ -71.174602, 42.268136 ], [ -71.174605, 42.268073 ], [ -71.174596, 42.267894 ], [ -71.17458, 42.267824 ], [ -71.174526, 42.267608 ], [ -71.174441, 42.267343 ], [ -71.174317, 42.267179 ], [ -71.174154, 42.267021 ], [ -71.173924, 42.266889 ], [ -71.173902, 42.266876 ], [ -71.173689, 42.266756 ], [ -71.17356, 42.266705 ], [ -71.17333, 42.266645 ], [ -71.173182, 42.266626 ], [ -71.173158, 42.266619 ], [ -71.172795, 42.266544 ], [ -71.172465, 42.266516 ], [ -71.172425, 42.266507 ], [ -71.172149, 42.266436 ], [ -71.172104, 42.266424 ], [ -71.172016, 42.266393 ], [ -71.171832, 42.266347 ], [ -71.171796, 42.266333 ], [ -71.171695, 42.266278 ], [ -71.171541, 42.266142 ], [ -71.171437, 42.26599 ], [ -71.171379, 42.265905 ], [ -71.171323, 42.265691 ], [ -71.171322, 42.265346 ], [ -71.171209, 42.265255 ], [ -71.171048, 42.265125 ], [ -71.171028, 42.26511 ], [ -71.170662, 42.264814 ], [ -71.168748, 42.263274 ], [ -71.168604, 42.26316 ], [ -71.168496, 42.263074 ], [ -71.168368, 42.262973 ], [ -71.167393, 42.262197 ], [ -71.167223, 42.262062 ], [ -71.166992, 42.261878 ], [ -71.166864, 42.261777 ], [ -71.166477, 42.261469 ], [ -71.164857, 42.260181 ], [ -71.163393, 42.259023 ], [ -71.163131, 42.258811 ], [ -71.163016, 42.258718 ], [ -71.161666, 42.257629 ], [ -71.161574, 42.257546 ], [ -71.161559, 42.257542 ], [ -71.16099, 42.257082 ], [ -71.160824, 42.256949 ], [ -71.160424, 42.256625 ], [ -71.158584, 42.255155 ], [ -71.158297, 42.255299 ], [ -71.158129, 42.255385 ], [ -71.157394, 42.255757 ], [ -71.156699, 42.256109 ], [ -71.156281, 42.256322 ], [ -71.155958, 42.256485 ], [ -71.155224, 42.256858 ], [ -71.154213, 42.257372 ], [ -71.153158, 42.25791 ], [ -71.152312, 42.258336 ], [ -71.152118, 42.258247 ], [ -71.151582, 42.258004 ], [ -71.150386, 42.25746 ], [ -71.149428, 42.257024 ], [ -71.148734, 42.256707 ], [ -71.147736, 42.256253 ], [ -71.146642, 42.255755 ], [ -71.146615, 42.255606 ], [ -71.146392, 42.254397 ], [ -71.146306, 42.253933 ], [ -71.146127, 42.252964 ], [ -71.146061, 42.25303 ], [ -71.145901, 42.253139 ], [ -71.145665, 42.253257 ], [ -71.145411, 42.253348 ], [ -71.145162, 42.253449 ], [ -71.144908, 42.25358 ], [ -71.144488, 42.25386 ], [ -71.144171, 42.254107 ], [ -71.143804, 42.254436 ], [ -71.14356, 42.254686 ], [ -71.143394, 42.254918 ], [ -71.143156, 42.255368 ], [ -71.143078, 42.255552 ], [ -71.142834, 42.255943 ], [ -71.143287, 42.256227 ], [ -71.143336, 42.256692 ], [ -71.143516, 42.257153 ], [ -71.143704, 42.257835 ], [ -71.144055, 42.258465 ], [ -71.144116, 42.25932 ], [ -71.145529, 42.259229 ], [ -71.145405, 42.25945 ], [ -71.145212, 42.25992 ], [ -71.145177, 42.260042 ], [ -71.145182, 42.260068 ], [ -71.145233, 42.260124 ], [ -71.145383, 42.26018 ], [ -71.146256, 42.260462 ], [ -71.146687, 42.260639 ], [ -71.146836, 42.260764 ], [ -71.146944, 42.260897 ], [ -71.146991, 42.260991 ], [ -71.147035, 42.261219 ], [ -71.146999, 42.26142 ], [ -71.146801, 42.261788 ], [ -71.146673, 42.262015 ], [ -71.146571, 42.262263 ], [ -71.146481, 42.262482 ], [ -71.146404, 42.262791 ], [ -71.146286, 42.263408 ], [ -71.146214, 42.263854 ], [ -71.146219, 42.264072 ], [ -71.146281, 42.264313 ], [ -71.146434, 42.264583 ], [ -71.146692, 42.26485 ], [ -71.146835, 42.264957 ], [ -71.146892, 42.264991 ], [ -71.147019, 42.265065 ], [ -71.147294, 42.265173 ], [ -71.147823, 42.265367 ], [ -71.148139, 42.265531 ], [ -71.148391, 42.265687 ], [ -71.148493, 42.265796 ], [ -71.148726, 42.266011 ], [ -71.14889, 42.26618 ], [ -71.149284, 42.266796 ], [ -71.149413, 42.267026 ], [ -71.149563, 42.267211 ], [ -71.149802, 42.267385 ], [ -71.150086, 42.267577 ], [ -71.149636, 42.267969 ], [ -71.149367, 42.268217 ], [ -71.149226, 42.268361 ], [ -71.148847, 42.268681 ], [ -71.148809, 42.268713 ], [ -71.14853, 42.268969 ], [ -71.148475, 42.269017 ], [ -71.148094, 42.269318 ], [ -71.147289, 42.269994 ], [ -71.146811, 42.27039 ], [ -71.145689, 42.271262 ], [ -71.145004, 42.271806 ], [ -71.144434, 42.272257 ], [ -71.143865, 42.27271 ], [ -71.143664, 42.272847 ], [ -71.143752, 42.272955 ], [ -71.143988, 42.273241 ], [ -71.14428, 42.273581 ], [ -71.144823, 42.274203 ], [ -71.145126, 42.274551 ], [ -71.145306, 42.274744 ], [ -71.145484, 42.274867 ], [ -71.145705, 42.27505 ], [ -71.145652, 42.275212 ], [ -71.145657, 42.275379 ], [ -71.145668, 42.275534 ], [ -71.145649, 42.275727 ], [ -71.145568, 42.275915 ], [ -71.145434, 42.276104 ], [ -71.145318, 42.276244 ], [ -71.145231, 42.276332 ], [ -71.145006, 42.276472 ], [ -71.144649, 42.276647 ], [ -71.144164, 42.276796 ], [ -71.143668, 42.276893 ], [ -71.143236, 42.276964 ], [ -71.143168, 42.276982 ], [ -71.143063, 42.277011 ], [ -71.142884, 42.277089 ], [ -71.142723, 42.277203 ], [ -71.142569, 42.277379 ], [ -71.142485, 42.27757 ], [ -71.14246, 42.277815 ], [ -71.142505, 42.278151 ], [ -71.142606, 42.278447 ], [ -71.142777, 42.278748 ], [ -71.142783, 42.278757 ], [ -71.143241, 42.279315 ], [ -71.144042, 42.280113 ], [ -71.143956, 42.280502 ], [ -71.143914, 42.280461 ], [ -71.14381, 42.28037 ], [ -71.143731, 42.280302 ], [ -71.143573, 42.280132 ], [ -71.143479, 42.280031 ], [ -71.142901, 42.279383 ], [ -71.142592, 42.279043 ], [ -71.142352, 42.278811 ], [ -71.141767, 42.278222 ], [ -71.141378, 42.277728 ], [ -71.14115, 42.277354 ], [ -71.140928, 42.276916 ], [ -71.140747, 42.276291 ], [ -71.140675, 42.275879 ], [ -71.140658, 42.275741 ], [ -71.140652, 42.275317 ], [ -71.140653, 42.275179 ], [ -71.140693, 42.274695 ], [ -71.140753, 42.274344 ], [ -71.140612, 42.274259 ], [ -71.140537, 42.27423 ], [ -71.140387, 42.274213 ], [ -71.140177, 42.274196 ], [ -71.139955, 42.274161 ], [ -71.140039, 42.273574 ], [ -71.139525, 42.273551 ], [ -71.13902, 42.273218 ], [ -71.138505, 42.272616 ], [ -71.137763, 42.272116 ], [ -71.137565, 42.271992 ], [ -71.136592, 42.27151 ], [ -71.136308, 42.271828 ], [ -71.134659, 42.273503 ], [ -71.133781, 42.274396 ], [ -71.13351, 42.274543 ], [ -71.132703, 42.274037 ], [ -71.131121, 42.273047 ], [ -71.130859, 42.272867 ], [ -71.130562, 42.273022 ], [ -71.130166, 42.273202 ], [ -71.129665, 42.273402 ], [ -71.129434, 42.27346 ], [ -71.12913, 42.273627 ], [ -71.12867, 42.273895 ], [ -71.128399, 42.274106 ], [ -71.128245, 42.274245 ], [ -71.127691, 42.274061 ], [ -71.12685, 42.273816 ], [ -71.12635, 42.273665 ], [ -71.126001, 42.273549 ], [ -71.125794, 42.273468 ], [ -71.12566, 42.273401 ], [ -71.125466, 42.273227 ], [ -71.124914, 42.272699 ], [ -71.12445, 42.273001 ], [ -71.123566, 42.27354 ], [ -71.123666, 42.27382 ], [ -71.122435, 42.273795 ], [ -71.121456, 42.273776 ], [ -71.121333, 42.273797 ], [ -71.12129, 42.273823 ], [ -71.121253, 42.273952 ], [ -71.121237, 42.274097 ], [ -71.121244, 42.27422 ], [ -71.121321, 42.274378 ], [ -71.121435, 42.274639 ], [ -71.12099, 42.275646 ], [ -71.120866, 42.275871 ], [ -71.120807, 42.276064 ], [ -71.120636, 42.276895 ], [ -71.120348, 42.27819 ], [ -71.120303, 42.27842 ], [ -71.120295, 42.278554 ], [ -71.120302, 42.278651 ], [ -71.120378, 42.278776 ], [ -71.120017, 42.278821 ], [ -71.119993, 42.278819 ], [ -71.119941, 42.278815 ], [ -71.119686, 42.278773 ], [ -71.119326, 42.278663 ], [ -71.119176, 42.278637 ], [ -71.119405, 42.277431 ], [ -71.119534, 42.276868 ], [ -71.118956, 42.27662 ], [ -71.118522, 42.27642 ], [ -71.117783, 42.276092 ], [ -71.117207, 42.275871 ], [ -71.117321, 42.276634 ], [ -71.116264, 42.27706 ], [ -71.115975, 42.277164 ], [ -71.115853, 42.277197 ], [ -71.115734, 42.277295 ], [ -71.115775, 42.277475 ], [ -71.115848, 42.277642 ], [ -71.115974, 42.277854 ], [ -71.116173, 42.278096 ], [ -71.116381, 42.27834 ], [ -71.116503, 42.278508 ], [ -71.116594, 42.278735 ], [ -71.116632, 42.279001 ], [ -71.116377, 42.278859 ], [ -71.115342, 42.278039 ], [ -71.115235, 42.278093 ], [ -71.1147, 42.27839 ], [ -71.114602, 42.278473 ], [ -71.114498, 42.278592 ], [ -71.113804, 42.279311 ], [ -71.113662, 42.279453 ], [ -71.113553, 42.279589 ], [ -71.113563, 42.279644 ], [ -71.113594, 42.280041 ], [ -71.113431, 42.279941 ], [ -71.112339, 42.280281 ], [ -71.112232, 42.280214 ], [ -71.112142, 42.280189 ], [ -71.111395, 42.280305 ], [ -71.110894, 42.28035 ], [ -71.110851, 42.280597 ], [ -71.111238, 42.280735 ], [ -71.111348, 42.280845 ], [ -71.11138, 42.280966 ], [ -71.111375, 42.281051 ], [ -71.111425, 42.281175 ], [ -71.111535, 42.28134 ], [ -71.111792, 42.281602 ], [ -71.112183, 42.281936 ], [ -71.111842, 42.282314 ], [ -71.110911, 42.283092 ], [ -71.11104, 42.283365 ], [ -71.110878, 42.283406 ], [ -71.110697, 42.283463 ], [ -71.110558, 42.283521 ], [ -71.110378, 42.283612 ], [ -71.110205, 42.283759 ], [ -71.109747, 42.284267 ], [ -71.10956, 42.2845 ], [ -71.109428, 42.284652 ], [ -71.109373, 42.284686 ], [ -71.109312, 42.284726 ], [ -71.108965, 42.284845 ], [ -71.108764, 42.284897 ], [ -71.108691, 42.284922 ], [ -71.108603, 42.284951 ], [ -71.107972, 42.285193 ], [ -71.107413, 42.285425 ], [ -71.106844, 42.285708 ], [ -71.106412, 42.285951 ], [ -71.105871, 42.286321 ], [ -71.105401, 42.286718 ], [ -71.105678, 42.286941 ], [ -71.10635, 42.28744 ], [ -71.106652, 42.287663 ], [ -71.106755, 42.287741 ], [ -71.107054, 42.287956 ], [ -71.107367, 42.28818 ], [ -71.107947, 42.288616 ], [ -71.109408, 42.289729 ], [ -71.110333, 42.290437 ], [ -71.111138, 42.291054 ], [ -71.111987, 42.291702 ], [ -71.112456, 42.292045 ], [ -71.112628, 42.292191 ], [ -71.112952, 42.292559 ], [ -71.1134, 42.293118 ], [ -71.113501, 42.293 ], [ -71.113632, 42.292824 ], [ -71.1139, 42.292482 ], [ -71.11422, 42.292022 ], [ -71.114329, 42.291834 ], [ -71.114432, 42.291572 ], [ -71.114476, 42.291346 ], [ -71.114484, 42.291188 ], [ -71.114443, 42.290818 ], [ -71.114402, 42.290649 ], [ -71.114596, 42.290641 ], [ -71.114668, 42.290629 ], [ -71.114724, 42.290606 ], [ -71.114828, 42.290553 ], [ -71.115774, 42.290101 ], [ -71.116258, 42.289887 ], [ -71.116533, 42.28976 ], [ -71.116469, 42.289647 ], [ -71.116369, 42.2894 ], [ -71.116319, 42.289271 ], [ -71.11627, 42.289126 ], [ -71.116486, 42.289105 ], [ -71.116587, 42.289111 ], [ -71.116796, 42.289154 ], [ -71.116961, 42.289208 ], [ -71.117112, 42.289316 ], [ -71.117226, 42.289467 ], [ -71.117275, 42.289634 ], [ -71.11726, 42.289864 ], [ -71.117411, 42.289821 ], [ -71.117533, 42.289827 ], [ -71.118172, 42.289883 ], [ -71.118143, 42.290157 ], [ -71.119084, 42.290208 ], [ -71.119282, 42.290235 ] ] ] } },
{ "type": "Feature", "properties": { "district_id": "575", "eigen": 0.0079678040964381094, "rank": 68 }, "geometry": { "type": "Polygon", "coordinates": [ [ [ -71.040887, 42.401749 ], [ -71.041423, 42.401376 ], [ -71.041806, 42.401104 ], [ -71.042454, 42.400646 ], [ -71.043223, 42.400114 ], [ -71.044179, 42.399434 ], [ -71.044821, 42.398979 ], [ -71.045707, 42.398355 ], [ -71.046148, 42.398044 ], [ -71.046161, 42.398035 ], [ -71.046294, 42.397939 ], [ -71.046379, 42.397882 ], [ -71.04679, 42.397592 ], [ -71.046964, 42.397469 ], [ -71.047061, 42.397401 ], [ -71.047205, 42.397299 ], [ -71.047328, 42.397212 ], [ -71.047749, 42.396914 ], [ -71.048145, 42.396634 ], [ -71.048242, 42.396671 ], [ -71.048346, 42.396703 ], [ -71.048414, 42.396724 ], [ -71.048471, 42.396742 ], [ -71.048501, 42.396758 ], [ -71.048628, 42.396827 ], [ -71.048747, 42.396892 ], [ -71.049838, 42.397486 ], [ -71.050018, 42.39757 ], [ -71.050212, 42.397635 ], [ -71.050313, 42.397659 ], [ -71.050634, 42.397713 ], [ -71.050807, 42.397741 ], [ -71.051076, 42.397781 ], [ -71.05128, 42.397788 ], [ -71.051482, 42.39777 ], [ -71.051677, 42.397727 ], [ -71.051945, 42.397619 ], [ -71.052141, 42.397495 ], [ -71.052621, 42.397163 ], [ -71.052858, 42.396945 ], [ -71.053026, 42.39674 ], [ -71.053161, 42.396523 ], [ -71.053216, 42.39641 ], [ -71.053297, 42.396178 ], [ -71.05334, 42.395954 ], [ -71.053349, 42.395841 ], [ -71.053349, 42.395728 ], [ -71.053342, 42.395616 ], [ -71.053326, 42.395503 ], [ -71.053301, 42.395392 ], [ -71.053173, 42.395258 ], [ -71.053095, 42.39519 ], [ -71.053014, 42.395132 ], [ -71.052959, 42.395091 ], [ -71.052857, 42.395028 ], [ -71.052752, 42.394972 ], [ -71.052521, 42.394875 ], [ -71.052276, 42.394803 ], [ -71.05202, 42.394757 ], [ -71.051808, 42.39474 ], [ -71.051687, 42.394736 ], [ -71.051547, 42.39473 ], [ -71.051212, 42.394716 ], [ -71.051135, 42.39471 ], [ -71.051043, 42.394697 ], [ -71.050949, 42.394676 ], [ -71.050859, 42.394649 ], [ -71.050772, 42.394615 ], [ -71.05069, 42.394576 ], [ -71.050583, 42.394512 ], [ -71.050555, 42.394491 ], [ -71.050473, 42.39441 ], [ -71.050383, 42.394309 ], [ -71.050324, 42.394236 ], [ -71.050297, 42.394203 ], [ -71.050221, 42.394106 ], [ -71.050193, 42.39407 ], [ -71.050146, 42.394001 ], [ -71.050131, 42.39398 ], [ -71.050161, 42.393938 ], [ -71.050202, 42.393834 ], [ -71.050229, 42.393776 ], [ -71.05005, 42.393535 ], [ -71.050002, 42.393471 ], [ -71.050155, 42.393146 ], [ -71.050612, 42.392173 ], [ -71.050695, 42.391996 ], [ -71.050806, 42.391878 ], [ -71.050942, 42.391732 ], [ -71.051146, 42.391515 ], [ -71.051351, 42.391297 ], [ -71.051487, 42.391152 ], [ -71.05207, 42.390531 ], [ -71.052944, 42.3896 ], [ -71.053819, 42.388668 ], [ -71.054402, 42.388048 ], [ -71.054581, 42.387857 ], [ -71.054848, 42.387572 ], [ -71.055117, 42.387286 ], [ -71.055295, 42.387097 ], [ -71.048186, 42.385686 ], [ -71.047325, 42.385302 ], [ -71.047284, 42.385284 ], [ -71.047083, 42.385096 ], [ -71.044298, 42.383209 ], [ -71.043264, 42.383594 ], [ -71.039512, 42.386853 ], [ -71.039467, 42.386856 ], [ -71.039427, 42.386859 ], [ -71.039384, 42.386853 ], [ -71.039354, 42.386846 ], [ -71.039316, 42.386847 ], [ -71.039262, 42.386831 ], [ -71.039133, 42.386805 ], [ -71.039082, 42.386801 ], [ -71.038973, 42.386808 ], [ -71.038921, 42.386812 ], [ -71.038874, 42.386811 ], [ -71.038813, 42.386811 ], [ -71.038357, 42.386529 ], [ -71.036071, 42.386087 ], [ -71.034975, 42.385876 ], [ -71.033234, 42.38491 ], [ -71.031995, 42.384597 ], [ -71.031838, 42.385222 ], [ -71.0315, 42.386174 ], [ -71.031295, 42.386234 ], [ -71.032553, 42.386424 ], [ -71.034563, 42.386723 ], [ -71.034425, 42.387104 ], [ -71.034339, 42.387343 ], [ -71.03414, 42.387929 ], [ -71.033927, 42.388653 ], [ -71.03373, 42.389273 ], [ -71.033538, 42.389885 ], [ -71.033357, 42.390225 ], [ -71.033154, 42.390645 ], [ -71.032884, 42.391114 ], [ -71.032634, 42.391592 ], [ -71.032301, 42.392216 ], [ -71.033255, 42.392465 ], [ -71.03295, 42.393099 ], [ -71.032723, 42.393547 ], [ -71.032394, 42.393742 ], [ -71.032154, 42.393878 ], [ -71.031678, 42.394144 ], [ -71.031052, 42.394504 ], [ -71.030379, 42.394883 ], [ -71.030021, 42.394801 ], [ -71.02942, 42.394576 ], [ -71.028921, 42.394365 ], [ -71.028523, 42.394163 ], [ -71.028137, 42.393933 ], [ -71.027928, 42.393812 ], [ -71.027435, 42.393488 ], [ -71.026993, 42.393151 ], [ -71.026185, 42.392384 ], [ -71.025489, 42.391336 ], [ -71.025002, 42.390527 ], [ -71.024522, 42.390436 ], [ -71.023949, 42.390318 ], [ -71.02288, 42.390144 ], [ -71.023086, 42.389468 ], [ -71.023433, 42.388328 ], [ -71.023485, 42.388172 ], [ -71.023633, 42.387722 ], [ -71.023037, 42.38683 ], [ -71.022966, 42.386719 ], [ -71.022693, 42.386298 ], [ -71.022672, 42.386265 ], [ -71.022428, 42.386373 ], [ -71.020512, 42.387641 ], [ -71.019328, 42.388926 ], [ -71.019278, 42.388982 ], [ -71.018791, 42.389544 ], [ -71.017794, 42.390697 ], [ -71.017236, 42.392461 ], [ -71.017232, 42.392472 ], [ -71.016594, 42.394497 ], [ -71.016094, 42.395897 ], [ -71.013395, 42.397398 ], [ -71.012434, 42.398105 ], [ -71.011996, 42.398426 ], [ -71.011558, 42.398749 ], [ -71.010238, 42.399718 ], [ -71.009629, 42.400167 ], [ -71.009445, 42.400475 ], [ -71.009377, 42.40085 ], [ -71.009396, 42.401183 ], [ -71.01063, 42.401609 ], [ -71.010861, 42.401689 ], [ -71.010892, 42.401795 ], [ -71.011052, 42.401822 ], [ -71.011119, 42.401833 ], [ -71.012869, 42.402769 ], [ -71.013007, 42.402864 ], [ -71.013772, 42.402964 ], [ -71.01415, 42.402917 ], [ -71.014716, 42.402849 ], [ -71.015201, 42.40279 ], [ -71.015298, 42.402744 ], [ -71.015377, 42.402729 ], [ -71.01563, 42.402704 ], [ -71.015718, 42.402703 ], [ -71.015876, 42.402693 ], [ -71.016018, 42.402692 ], [ -71.016213, 42.402698 ], [ -71.016293, 42.402691 ], [ -71.016457, 42.402704 ], [ -71.016515, 42.402702 ], [ -71.016686, 42.402692 ], [ -71.01694, 42.402718 ], [ -71.017035, 42.402715 ], [ -71.017826, 42.402883 ], [ -71.01798, 42.403241 ], [ -71.01804, 42.4033 ], [ -71.018088, 42.403357 ], [ -71.018126, 42.403378 ], [ -71.018445, 42.40358 ], [ -71.018553, 42.403648 ], [ -71.018715, 42.403709 ], [ -71.018923, 42.403734 ], [ -71.019253, 42.403737 ], [ -71.019621, 42.403728 ], [ -71.019813, 42.403732 ], [ -71.019981, 42.403723 ], [ -71.020154, 42.403694 ], [ -71.02031, 42.403645 ], [ -71.020353, 42.403627 ], [ -71.020385, 42.403608 ], [ -71.020468, 42.403571 ], [ -71.020515, 42.40356 ], [ -71.020617, 42.403524 ], [ -71.0207, 42.403498 ], [ -71.020755, 42.403503 ], [ -71.020801, 42.403507 ], [ -71.020828, 42.403513 ], [ -71.020856, 42.403531 ], [ -71.020895, 42.403556 ], [ -71.020927, 42.403576 ], [ -71.021086, 42.40379 ], [ -71.021169, 42.403924 ], [ -71.021193, 42.404034 ], [ -71.021196, 42.404153 ], [ -71.021193, 42.4042 ], [ -71.021191, 42.404233 ], [ -71.021162, 42.404298 ], [ -71.02111, 42.404363 ], [ -71.021058, 42.404399 ], [ -71.020953, 42.404443 ], [ -71.020692, 42.404522 ], [ -71.020624, 42.404566 ], [ -71.020459, 42.404687 ], [ -71.020305, 42.404829 ], [ -71.020277, 42.40488 ], [ -71.02028, 42.404936 ], [ -71.02036, 42.405052 ], [ -71.020431, 42.405109 ], [ -71.020442, 42.405114 ], [ -71.020619, 42.405192 ], [ -71.02082, 42.405205 ], [ -71.020839, 42.405191 ], [ -71.020885, 42.405195 ], [ -71.021032, 42.405168 ], [ -71.021252, 42.405145 ], [ -71.02148, 42.405164 ], [ -71.021634, 42.405194 ], [ -71.021712, 42.405209 ], [ -71.021888, 42.405272 ], [ -71.021992, 42.405326 ], [ -71.022156, 42.405419 ], [ -71.022251, 42.405453 ], [ -71.022442, 42.405474 ], [ -71.02252, 42.405464 ], [ -71.022568, 42.405445 ], [ -71.022615, 42.40539 ], [ -71.022621, 42.405363 ], [ -71.022633, 42.405287 ], [ -71.022661, 42.405224 ], [ -71.022706, 42.405178 ], [ -71.022775, 42.405145 ], [ -71.022855, 42.405125 ], [ -71.022915, 42.405137 ], [ -71.02295, 42.405177 ], [ -71.022982, 42.405214 ], [ -71.022996, 42.405311 ], [ -71.023033, 42.405371 ], [ -71.023088, 42.405415 ], [ -71.023164, 42.405494 ], [ -71.023278, 42.405544 ], [ -71.023367, 42.405552 ], [ -71.023468, 42.405519 ], [ -71.023527, 42.405463 ], [ -71.023602, 42.405389 ], [ -71.023682, 42.405333 ], [ -71.023753, 42.405319 ], [ -71.023847, 42.405324 ], [ -71.023928, 42.405361 ], [ -71.023994, 42.405417 ], [ -71.024018, 42.405476 ], [ -71.024068, 42.405522 ], [ -71.024109, 42.40556 ], [ -71.024176, 42.405604 ], [ -71.024273, 42.405641 ], [ -71.024423, 42.405682 ], [ -71.024598, 42.405762 ], [ -71.024706, 42.405811 ], [ -71.024901, 42.4059 ], [ -71.025098, 42.405923 ], [ -71.025178, 42.405919 ], [ -71.025587, 42.405798 ], [ -71.025753, 42.405757 ], [ -71.025855, 42.405764 ], [ -71.026004, 42.405793 ], [ -71.026215, 42.405913 ], [ -71.026237, 42.405925 ], [ -71.026327, 42.406002 ], [ -71.026468, 42.406124 ], [ -71.02669, 42.406316 ], [ -71.026801, 42.406411 ], [ -71.026826, 42.406433 ], [ -71.02685, 42.406478 ], [ -71.026888, 42.40655 ], [ -71.026891, 42.406909 ], [ -71.026884, 42.407086 ], [ -71.026898, 42.407332 ], [ -71.026971, 42.407459 ], [ -71.027039, 42.407628 ], [ -71.027115, 42.407782 ], [ -71.027201, 42.407868 ], [ -71.02797, 42.408727 ], [ -71.028455, 42.409467 ], [ -71.029013, 42.410319 ], [ -71.029036, 42.410354 ], [ -71.029199, 42.410505 ], [ -71.029254, 42.410557 ], [ -71.030474, 42.411692 ], [ -71.031055, 42.412232 ], [ -71.031355, 42.412512 ], [ -71.032772, 42.413828 ], [ -71.033181, 42.414206 ], [ -71.033229, 42.414056 ], [ -71.033281, 42.413891 ], [ -71.033309, 42.413802 ], [ -71.033357, 42.413661 ], [ -71.033442, 42.41338 ], [ -71.033823, 42.412731 ], [ -71.034146, 42.412173 ], [ -71.034519, 42.411547 ], [ -71.034617, 42.411371 ], [ -71.034832, 42.411004 ], [ -71.03491, 42.410876 ], [ -71.035184, 42.410397 ], [ -71.035295, 42.410214 ], [ -71.035629, 42.409641 ], [ -71.035787, 42.409373 ], [ -71.035863, 42.409285 ], [ -71.03593, 42.409208 ], [ -71.035992, 42.409161 ], [ -71.036027, 42.409103 ], [ -71.036252, 42.408731 ], [ -71.036327, 42.408608 ], [ -71.036736, 42.40799 ], [ -71.036677, 42.407967 ], [ -71.037097, 42.407315 ], [ -71.037743, 42.406318 ], [ -71.037866, 42.406129 ], [ -71.038039, 42.405861 ], [ -71.038255, 42.405528 ], [ -71.03838, 42.405334 ], [ -71.03849, 42.405165 ], [ -71.03855, 42.405072 ], [ -71.03864, 42.404939 ], [ -71.039075, 42.404263 ], [ -71.039487, 42.403626 ], [ -71.03982, 42.403114 ], [ -71.040056, 42.402749 ], [ -71.040403, 42.402229 ], [ -71.040568, 42.401982 ], [ -71.040887, 42.401749 ] ] ] } },
{ "type": "Feature", "properties": { "district_id": "577", "eigen": 0.0081270901103864795, "rank": 66 }, "geometry": { "type": "Polygon", "coordinates": [ [ [ -71.000172, 42.409624 ], [ -70.999891, 42.410044 ], [ -70.999328, 42.410834 ], [ -70.998836, 42.411564 ], [ -70.998029, 42.412645 ], [ -70.997265, 42.413661 ], [ -70.996684, 42.414415 ], [ -70.99613, 42.415156 ], [ -70.995651, 42.415816 ], [ -70.995258, 42.416387 ], [ -70.994677, 42.417163 ], [ -70.994419, 42.417493 ], [ -70.993942, 42.418069 ], [ -70.993495, 42.418615 ], [ -70.992779, 42.419618 ], [ -70.992336, 42.420216 ], [ -70.991557, 42.421208 ], [ -70.990699, 42.422302 ], [ -70.99034, 42.422838 ], [ -70.989545, 42.423935 ], [ -70.988864, 42.424819 ], [ -70.987938, 42.426036 ], [ -70.987395, 42.42583 ], [ -70.987474, 42.425673 ], [ -70.987123, 42.42551 ], [ -70.986841, 42.425247 ], [ -70.986415, 42.42485 ], [ -70.986276, 42.425027 ], [ -70.986178, 42.425167 ], [ -70.986058, 42.425321 ], [ -70.98601, 42.425365 ], [ -70.985939, 42.425275 ], [ -70.985517, 42.424822 ], [ -70.985009, 42.424324 ], [ -70.984828, 42.424143 ], [ -70.984593, 42.423907 ], [ -70.984204, 42.423509 ], [ -70.983996, 42.42313 ], [ -70.983741, 42.422933 ], [ -70.982906, 42.422021 ], [ -70.981951, 42.421092 ], [ -70.981379, 42.42056 ], [ -70.976912, 42.426132 ], [ -70.974485, 42.428666 ], [ -70.973433, 42.429766 ], [ -70.96888, 42.433044 ], [ -70.967039, 42.434603 ], [ -70.965415, 42.435891 ], [ -70.96284, 42.43784 ], [ -70.960088, 42.438994 ], [ -70.958393, 42.440391 ], [ -70.958597, 42.44075 ], [ -70.958975, 42.441365 ], [ -70.959617, 42.442127 ], [ -70.960803, 42.442539 ], [ -70.962045, 42.442611 ], [ -70.962809, 42.442407 ], [ -70.964263, 42.442517 ], [ -70.964742, 42.442585 ], [ -70.965359, 42.442732 ], [ -70.965807, 42.442851 ], [ -70.966293, 42.443049 ], [ -70.966345, 42.443044 ], [ -70.96617, 42.443504 ], [ -70.966243, 42.4435 ], [ -70.966293, 42.443497 ], [ -70.968594, 42.444396 ], [ -70.971594, 42.442696 ], [ -70.975194, 42.436896 ], [ -70.978409, 42.433818 ], [ -70.979028, 42.433224 ], [ -70.979454, 42.432815 ], [ -70.979648, 42.432631 ], [ -70.979894, 42.432396 ], [ -70.980843, 42.43193 ], [ -70.982294, 42.431296 ], [ -70.983708, 42.431663 ], [ -70.985754, 42.432557 ], [ -70.987805, 42.433998 ], [ -70.98953, 42.434653 ], [ -70.99012, 42.434877 ], [ -70.990184, 42.434852 ], [ -70.990257, 42.434823 ], [ -70.992023, 42.434135 ], [ -70.992634, 42.433509 ], [ -70.993152, 42.432979 ], [ -70.993669, 42.432449 ], [ -70.994186, 42.43192 ], [ -70.994702, 42.431391 ], [ -70.994779, 42.431196 ], [ -70.994849, 42.43115 ], [ -70.995126, 42.431145 ], [ -70.995343, 42.431051 ], [ -70.995427, 42.430978 ], [ -70.995714, 42.430855 ], [ -70.996074, 42.430902 ], [ -70.996434, 42.430948 ], [ -70.996522, 42.43096 ], [ -70.996609, 42.430971 ], [ -70.996913, 42.43101 ], [ -70.997213, 42.431056 ], [ -70.997234, 42.431051 ], [ -70.997404, 42.43081 ], [ -70.99834, 42.429543 ], [ -70.99913, 42.428492 ], [ -70.99924, 42.428347 ], [ -70.999263, 42.428315 ], [ -70.99951, 42.427987 ], [ -71.001026, 42.42596 ], [ -71.001653, 42.425131 ], [ -71.002335, 42.424196 ], [ -71.003725, 42.422308 ], [ -71.003822, 42.422355 ], [ -71.004085, 42.422509 ], [ -71.004172, 42.422538 ], [ -71.004985, 42.42287 ], [ -71.005527, 42.423077 ], [ -71.005587, 42.423107 ], [ -71.005678, 42.423152 ], [ -71.006239, 42.423659 ], [ -71.006483, 42.42388 ], [ -71.00695, 42.424264 ], [ -71.007078, 42.424391 ], [ -71.007774, 42.425022 ], [ -71.007835, 42.42507 ], [ -71.008367, 42.425484 ], [ -71.008548, 42.425625 ], [ -71.00862, 42.425686 ], [ -71.008935, 42.425912 ], [ -71.009773, 42.425283 ], [ -71.010665, 42.424643 ], [ -71.010687, 42.424629 ], [ -71.010715, 42.424602 ], [ -71.010812, 42.42451 ], [ -71.011218, 42.424234 ], [ -71.011309, 42.42418 ], [ -71.011921, 42.423749 ], [ -71.012354, 42.423424 ], [ -71.013399, 42.422746 ], [ -71.013505, 42.42267 ], [ -71.013867, 42.422384 ], [ -71.013324, 42.42224 ], [ -71.013124, 42.422182 ], [ -71.012487, 42.422011 ], [ -71.012343, 42.421973 ], [ -71.011665, 42.42178 ], [ -71.011513, 42.42174 ], [ -71.010838, 42.421517 ], [ -71.010549, 42.42142 ], [ -71.009969, 42.421168 ], [ -71.00919, 42.420854 ], [ -71.008519, 42.420587 ], [ -71.007821, 42.420289 ], [ -71.007659, 42.420219 ], [ -71.006912, 42.419915 ], [ -71.006826, 42.419882 ], [ -71.005873, 42.419516 ], [ -71.006256, 42.418993 ], [ -71.006457, 42.418731 ], [ -71.006691, 42.418414 ], [ -71.006835, 42.418218 ], [ -71.007015, 42.417961 ], [ -71.007216, 42.417699 ], [ -71.007484, 42.417325 ], [ -71.00762, 42.41715 ], [ -71.00791, 42.416755 ], [ -71.008379, 42.416113 ], [ -71.008517, 42.416202 ], [ -71.008637, 42.416365 ], [ -71.008701, 42.416437 ], [ -71.008899, 42.41674 ], [ -71.008968, 42.416813 ], [ -71.00905, 42.416898 ], [ -71.00911, 42.416948 ], [ -71.009343, 42.41722 ], [ -71.009651, 42.417407 ], [ -71.009837, 42.417521 ], [ -71.010516, 42.417903 ], [ -71.011194, 42.418385 ], [ -71.01142, 42.418086 ], [ -71.011541, 42.417936 ], [ -71.01174, 42.417693 ], [ -71.011908, 42.417479 ], [ -71.012105, 42.417231 ], [ -71.01224, 42.417288 ], [ -71.012326, 42.417305 ], [ -71.014463, 42.417905 ], [ -71.014669, 42.417963 ], [ -71.015428, 42.41818 ], [ -71.01622, 42.418406 ], [ -71.017018, 42.418635 ], [ -71.01779, 42.418856 ], [ -71.018658, 42.419093 ], [ -71.018827, 42.418885 ], [ -71.018975, 42.418606 ], [ -71.019547, 42.418878 ], [ -71.020134, 42.419109 ], [ -71.020631, 42.419286 ], [ -71.021205, 42.419474 ], [ -71.021641, 42.419614 ], [ -71.022154, 42.419762 ], [ -71.02228, 42.419796 ], [ -71.022895, 42.41998 ], [ -71.023115, 42.420047 ], [ -71.023747, 42.420242 ], [ -71.023955, 42.420302 ], [ -71.024655, 42.420501 ], [ -71.024735, 42.420538 ], [ -71.025246, 42.420679 ], [ -71.025341, 42.420702 ], [ -71.026048, 42.420886 ], [ -71.02628, 42.420943 ], [ -71.026428, 42.420988 ], [ -71.027392, 42.42128 ], [ -71.027894, 42.421437 ], [ -71.028081, 42.421495 ], [ -71.028488, 42.421622 ], [ -71.02856, 42.421644 ], [ -71.028732, 42.421697 ], [ -71.029319, 42.421877 ], [ -71.02962, 42.421299 ], [ -71.03, 42.420697 ], [ -71.030464, 42.4199 ], [ -71.030523, 42.419801 ], [ -71.030699, 42.419508 ], [ -71.030715, 42.419482 ], [ -71.030758, 42.41941 ], [ -71.030824, 42.419282 ], [ -71.030993, 42.418955 ], [ -71.031019, 42.418906 ], [ -71.031086, 42.418782 ], [ -71.031109, 42.41874 ], [ -71.031149, 42.418665 ], [ -71.031275, 42.418433 ], [ -71.031328, 42.418313 ], [ -71.031382, 42.418192 ], [ -71.031447, 42.41803 ], [ -71.031492, 42.417919 ], [ -71.031592, 42.417695 ], [ -71.031654, 42.417559 ], [ -71.031729, 42.417392 ], [ -71.031129, 42.417228 ], [ -71.030941, 42.417177 ], [ -71.030588, 42.417079 ], [ -71.029641, 42.416812 ], [ -71.028629, 42.416551 ], [ -71.027544, 42.416257 ], [ -71.027195, 42.416155 ], [ -71.026728, 42.416025 ], [ -71.026329, 42.415916 ], [ -71.025832, 42.415786 ], [ -71.025052, 42.415574 ], [ -71.024648, 42.415456 ], [ -71.024233, 42.415353 ], [ -71.023842, 42.415242 ], [ -71.02339, 42.415123 ], [ -71.022741, 42.414945 ], [ -71.022545, 42.414887 ], [ -71.022085, 42.414752 ], [ -71.021719, 42.414653 ], [ -71.020968, 42.41445 ], [ -71.020213, 42.414232 ], [ -71.019368, 42.414001 ], [ -71.018915, 42.413868 ], [ -71.018486, 42.413762 ], [ -71.018278, 42.413709 ], [ -71.017656, 42.413537 ], [ -71.017446, 42.413476 ], [ -71.017197, 42.413403 ], [ -71.01681, 42.413296 ], [ -71.016375, 42.413178 ], [ -71.015966, 42.41306 ], [ -71.015423, 42.412899 ], [ -71.01481, 42.41274 ], [ -71.014408, 42.412631 ], [ -71.012974, 42.412236 ], [ -71.012282, 42.412051 ], [ -71.011749, 42.411902 ], [ -71.011234, 42.411781 ], [ -71.011635, 42.411161 ], [ -71.011829, 42.410858 ], [ -71.012109, 42.410406 ], [ -71.012414, 42.409955 ], [ -71.012517, 42.409783 ], [ -71.012713, 42.409456 ], [ -71.013136, 42.408804 ], [ -71.013295, 42.408556 ], [ -71.013505, 42.408231 ], [ -71.013549, 42.408154 ], [ -71.013674, 42.407936 ], [ -71.013819, 42.407672 ], [ -71.014192, 42.407046 ], [ -71.014545, 42.406491 ], [ -71.015092, 42.406011 ], [ -71.015648, 42.405523 ], [ -71.016144, 42.405089 ], [ -71.01647, 42.404802 ], [ -71.016726, 42.404583 ], [ -71.016821, 42.404501 ], [ -71.016913, 42.404422 ], [ -71.017094, 42.404266 ], [ -71.017359, 42.404038 ], [ -71.017463, 42.403949 ], [ -71.017554, 42.40387 ], [ -71.017704, 42.40374 ], [ -71.017893, 42.40358 ], [ -71.018126, 42.403378 ], [ -71.018088, 42.403357 ], [ -71.01804, 42.4033 ], [ -71.01798, 42.403241 ], [ -71.017826, 42.402883 ], [ -71.017035, 42.402715 ], [ -71.01694, 42.402718 ], [ -71.016686, 42.402692 ], [ -71.016515, 42.402702 ], [ -71.016457, 42.402704 ], [ -71.016293, 42.402691 ], [ -71.016213, 42.402698 ], [ -71.016018, 42.402692 ], [ -71.015876, 42.402693 ], [ -71.015718, 42.402703 ], [ -71.01563, 42.402704 ], [ -71.015377, 42.402729 ], [ -71.015298, 42.402744 ], [ -71.015201, 42.40279 ], [ -71.014716, 42.402849 ], [ -71.01415, 42.402917 ], [ -71.013772, 42.402964 ], [ -71.013007, 42.402864 ], [ -71.012869, 42.402769 ], [ -71.011119, 42.401833 ], [ -71.011052, 42.401822 ], [ -71.010892, 42.401795 ], [ -71.010861, 42.401689 ], [ -71.01063, 42.401609 ], [ -71.009396, 42.401183 ], [ -71.009377, 42.40085 ], [ -71.009445, 42.400475 ], [ -71.009629, 42.400167 ], [ -71.010238, 42.399718 ], [ -71.011558, 42.398749 ], [ -71.011996, 42.398426 ], [ -71.012434, 42.398105 ], [ -71.013395, 42.397398 ], [ -71.0124, 42.397019 ], [ -71.011377, 42.396629 ], [ -71.011272, 42.396589 ], [ -71.011028, 42.396476 ], [ -71.010333, 42.397389 ], [ -71.010195, 42.397544 ], [ -71.009703, 42.398103 ], [ -71.009036, 42.398907 ], [ -71.007088, 42.401261 ], [ -71.005768, 42.402853 ], [ -71.005247, 42.403557 ], [ -71.004761, 42.404224 ], [ -71.004575, 42.404569 ], [ -71.004466, 42.404731 ], [ -71.004376, 42.404826 ], [ -71.004279, 42.404928 ], [ -71.003644, 42.40471 ], [ -71.003021, 42.404519 ], [ -71.002825, 42.404449 ], [ -71.002727, 42.404412 ], [ -71.002852, 42.404266 ], [ -71.002892, 42.404203 ], [ -71.003467, 42.403442 ], [ -71.003798, 42.40301 ], [ -71.004311, 42.402367 ], [ -71.004825, 42.401726 ], [ -71.002321, 42.400943 ], [ -71.00188, 42.400814 ], [ -71.001366, 42.401368 ], [ -71.001289, 42.401482 ], [ -71.001115, 42.401498 ], [ -71.000797, 42.401463 ], [ -71.000374, 42.40134 ], [ -70.99968, 42.401073 ], [ -70.999642, 42.401047 ], [ -70.999617, 42.401018 ], [ -70.999576, 42.401001 ], [ -70.999399, 42.400879 ], [ -70.99919, 42.400787 ], [ -70.999058, 42.400742 ], [ -70.998931, 42.400688 ], [ -70.998713, 42.400609 ], [ -70.998671, 42.40059 ], [ -70.998637, 42.400568 ], [ -70.998649, 42.400532 ], [ -70.998663, 42.40039 ], [ -70.998644, 42.400212 ], [ -70.998608, 42.40011 ], [ -70.99854, 42.399979 ], [ -70.998472, 42.399809 ], [ -70.998435, 42.399744 ], [ -70.998431, 42.399708 ], [ -70.998403, 42.399645 ], [ -70.998444, 42.3996 ], [ -70.998223, 42.39923 ], [ -70.997945, 42.399469 ], [ -70.99774, 42.399653 ], [ -70.99744, 42.399922 ], [ -70.996811, 42.400464 ], [ -70.996078, 42.400008 ], [ -70.995873, 42.399889 ], [ -70.995484, 42.399664 ], [ -70.995351, 42.399537 ], [ -70.995006, 42.399305 ], [ -70.994598, 42.399075 ], [ -70.994563, 42.399048 ], [ -70.993374, 42.398336 ], [ -70.992736, 42.397931 ], [ -70.99304, 42.397451 ], [ -70.993891, 42.396153 ], [ -70.99419, 42.39475 ], [ -70.994294, 42.394593 ], [ -70.994587, 42.394166 ], [ -70.995047, 42.393566 ], [ -70.995022, 42.393547 ], [ -70.994942, 42.393504 ], [ -70.994806, 42.393446 ], [ -70.994774, 42.393422 ], [ -70.99458, 42.393329 ], [ -70.994454, 42.393316 ], [ -70.994434, 42.393314 ], [ -70.994364, 42.393307 ], [ -70.994286, 42.393299 ], [ -70.994295, 42.393265 ], [ -70.994302, 42.393235 ], [ -70.994307, 42.393214 ], [ -70.994309, 42.393195 ], [ -70.994298, 42.393181 ], [ -70.994287, 42.39316 ], [ -70.994284, 42.39315 ], [ -70.994228, 42.393113 ], [ -70.994174, 42.393088 ], [ -70.994085, 42.393086 ], [ -70.99403, 42.393111 ], [ -70.993975, 42.39311 ], [ -70.993903, 42.393073 ], [ -70.993892, 42.393047 ], [ -70.993888, 42.393023 ], [ -70.993851, 42.392952 ], [ -70.993818, 42.392924 ], [ -70.992975, 42.392957 ], [ -70.992926, 42.392954 ], [ -70.99289, 42.392945 ], [ -70.992691, 42.392943 ], [ -70.992648, 42.392937 ], [ -70.992506, 42.392944 ], [ -70.992485, 42.392948 ], [ -70.992454, 42.392951 ], [ -70.992401, 42.392952 ], [ -70.992277, 42.392975 ], [ -70.992247, 42.392985 ], [ -70.991426, 42.393018 ], [ -70.990333, 42.393096 ], [ -70.990089, 42.393169 ], [ -70.990017, 42.393232 ], [ -70.989771, 42.39324 ], [ -70.98957, 42.393203 ], [ -70.989414, 42.393181 ], [ -70.989169, 42.393148 ], [ -70.988818, 42.393052 ], [ -70.988582, 42.393031 ], [ -70.988511, 42.393012 ], [ -70.988459, 42.393009 ], [ -70.988328, 42.392961 ], [ -70.988268, 42.392901 ], [ -70.9882, 42.392893 ], [ -70.988075, 42.392857 ], [ -70.987974, 42.392817 ], [ -70.987442, 42.392742 ], [ -70.987314, 42.392354 ], [ -70.987243, 42.392282 ], [ -70.987185, 42.392192 ], [ -70.987133, 42.392123 ], [ -70.987115, 42.39206 ], [ -70.987113, 42.391985 ], [ -70.987122, 42.39192 ], [ -70.987138, 42.391885 ], [ -70.98722, 42.391563 ], [ -70.98721, 42.391536 ], [ -70.987199, 42.391463 ], [ -70.987323, 42.391186 ], [ -70.987328, 42.39117 ], [ -70.98734, 42.391125 ], [ -70.987364, 42.391082 ], [ -70.987411, 42.391039 ], [ -70.987454, 42.391033 ], [ -70.987571, 42.390582 ], [ -70.987583, 42.390308 ], [ -70.98761, 42.389907 ], [ -70.987616, 42.389792 ], [ -70.987617, 42.389731 ], [ -70.987589, 42.389523 ], [ -70.987511, 42.389229 ], [ -70.987423, 42.388999 ], [ -70.987289, 42.388734 ], [ -70.986993, 42.388521 ], [ -70.986053, 42.388116 ], [ -70.985148, 42.388534 ], [ -70.984873, 42.388662 ], [ -70.984839, 42.388668 ], [ -70.984785, 42.388671 ], [ -70.984686, 42.388695 ], [ -70.984615, 42.388732 ], [ -70.98457, 42.388766 ], [ -70.98446, 42.388827 ], [ -70.984409, 42.388852 ], [ -70.984363, 42.388887 ], [ -70.984337, 42.38891 ], [ -70.983748, 42.389183 ], [ -70.983697, 42.389177 ], [ -70.983612, 42.389206 ], [ -70.983514, 42.389254 ], [ -70.983455, 42.389299 ], [ -70.983415, 42.389336 ], [ -70.983305, 42.389388 ], [ -70.982925, 42.390224 ], [ -70.982925, 42.390405 ], [ -70.982949, 42.390422 ], [ -70.982956, 42.390449 ], [ -70.98298, 42.390462 ], [ -70.983003, 42.390552 ], [ -70.982988, 42.390692 ], [ -70.982918, 42.390743 ], [ -70.98288, 42.39077 ], [ -70.982841, 42.390774 ], [ -70.982758, 42.390766 ], [ -70.982688, 42.390747 ], [ -70.982638, 42.390707 ], [ -70.982621, 42.390697 ], [ -70.982602, 42.390671 ], [ -70.982474, 42.390668 ], [ -70.982398, 42.390679 ], [ -70.982318, 42.390666 ], [ -70.982283, 42.39066 ], [ -70.982169, 42.390621 ], [ -70.982078, 42.390621 ], [ -70.982001, 42.390642 ], [ -70.981937, 42.390687 ], [ -70.981899, 42.390687 ], [ -70.981863, 42.39072 ], [ -70.981819, 42.390736 ], [ -70.981778, 42.390771 ], [ -70.98172, 42.390805 ], [ -70.981687, 42.390816 ], [ -70.981637, 42.39083 ], [ -70.9816, 42.390822 ], [ -70.98158, 42.390833 ], [ -70.981557, 42.390838 ], [ -70.981541, 42.39084 ], [ -70.98151, 42.390838 ], [ -70.981479, 42.390839 ], [ -70.981454, 42.390844 ], [ -70.98143, 42.390864 ], [ -70.981424, 42.390883 ], [ -70.981427, 42.390943 ], [ -70.981433, 42.390995 ], [ -70.981418, 42.39107 ], [ -70.981394, 42.391095 ], [ -70.981359, 42.391111 ], [ -70.981328, 42.391125 ], [ -70.981229, 42.391191 ], [ -70.981094, 42.391282 ], [ -70.981017, 42.391334 ], [ -70.980928, 42.391395 ], [ -70.980708, 42.391547 ], [ -70.980428, 42.391739 ], [ -70.979326, 42.392552 ], [ -70.977946, 42.393591 ], [ -70.978504, 42.394249 ], [ -70.978726, 42.395424 ], [ -70.980131, 42.396839 ], [ -70.980539, 42.397746 ], [ -70.98089, 42.401206 ], [ -70.98102, 42.402664 ], [ -70.981575, 42.404276 ], [ -70.984239, 42.404085 ], [ -70.986551, 42.404023 ], [ -70.987162, 42.404604 ], [ -70.987236, 42.405943 ], [ -70.986903, 42.407148 ], [ -70.991008, 42.407223 ], [ -70.991344, 42.407251 ], [ -70.992017, 42.407289 ], [ -70.992408, 42.407238 ], [ -70.992686, 42.407202 ], [ -70.992857, 42.407393 ], [ -70.993052, 42.407462 ], [ -70.993783, 42.407553 ], [ -70.993647, 42.408146 ], [ -70.993536, 42.40858 ], [ -70.993476, 42.40884 ], [ -70.993333, 42.409306 ], [ -70.993241, 42.409628 ], [ -70.993154, 42.410045 ], [ -70.993122, 42.410422 ], [ -70.993123, 42.410805 ], [ -70.993139, 42.411152 ], [ -70.993137, 42.411175 ], [ -70.993079, 42.411485 ], [ -70.993078, 42.411751 ], [ -70.993077, 42.411837 ], [ -70.993054, 42.411931 ], [ -70.993017, 42.412082 ], [ -70.992961, 42.412214 ], [ -70.992948, 42.412297 ], [ -70.99296, 42.412376 ], [ -70.993003, 42.41249 ], [ -70.993061, 42.412559 ], [ -70.993124, 42.412607 ], [ -70.993198, 42.412652 ], [ -70.993298, 42.412678 ], [ -70.993419, 42.412699 ], [ -70.993608, 42.412704 ], [ -70.993725, 42.412666 ], [ -70.993811, 42.41263 ], [ -70.993883, 42.412582 ], [ -70.993974, 42.412505 ], [ -70.994086, 42.412407 ], [ -70.994353, 42.412239 ], [ -70.994623, 42.412145 ], [ -70.995609, 42.411802 ], [ -70.996488, 42.411505 ], [ -70.997852, 42.411045 ], [ -70.998246, 42.410902 ], [ -70.998466, 42.410794 ], [ -70.998547, 42.410755 ], [ -70.998675, 42.410681 ], [ -70.998801, 42.41061 ], [ -70.999237, 42.410236 ], [ -70.999345, 42.410089 ], [ -70.999571, 42.409907 ], [ -70.999906, 42.409726 ], [ -71.000172, 42.409624 ] ] ] } }
]
}
