metro,age_25_35,age_35_65,age_65plus,educ_NoCollege,educ_WithCollege,industry_  ,industry_ 1,industry_ 2,industry_ 3,industry_ 4,industry_ 5,industry_ 6,industry_ 7,industry_ 8,industry_ 9,industry_11,industry_21,industry_22,industry_23,industry_31,industry_32,industry_33,industry_3M,industry_42,industry_44,industry_45,industry_48,industry_49,industry_4M,industry_51,industry_52,industry_53,industry_54,industry_55,industry_56,industry_61,industry_62,industry_71,industry_72,industry_81,industry_92,industry_99,race_Black,race_Hispanic,race_White,total_flowHH,total_flowPER,metro_name
35620,0.02193279837928141,0.01348394632369153,0.01232029360872176,0.0124032334964343,0.02098123167446192,0.01667494046507754,0.00841286920486979,0.0088538053038733,0.00951655511505031,0.01767328282386014,0.02763369525821584,0.0187996293207843,0.01149332918495687,0.01189233433074401,0.01026433618969761,0.00590869945427249,0.0021904083697351,0.01554767605477356,0.0100406967208735,0.00767586006835824,0.01392097535506745,0.00720688502592835,0.021473693979796,0.01486903128845974,0.0145131059268956,0.01083468776056131,0.01575312467262713,0.01275178214363974,0.01306613719359838,0.03843920463570367,0.03038506228231344,0.01439978702484286,0.03030387459060955,0.01116729873457996,0.01378398852562702,0.02162702499250578,0.01703168544941491,0.02007502810616419,0.01515358310442291,0.01617122717967579,0.01027207862558142,0.01480380943261327,0.01774517137342686,0.02005329005048059,0.01489986808998694,0.01770791297744116,0.0172550575630821,"New York-Newark-Jersey City, NY-NJ"
14460,0.02126235086829928,0.01931796725935054,0.01972499461158767,0.01670602635892392,0.02206396357804739,0.02034582950847927,0.00433981202530628,0.0087971026926034809,0.01401063639187311,0.00765017965296408,0.01218911290570888,0.01203387823498846,0.0088658188054264,0.00822416105774556,0.00608284383610699,0.00578368800321354,0.00148106464981734,0.01941871229802991,0.01741039851743567,0.01137372130724779,0.02133541190395618,0.01914159543792883,0.00707746813927509,0.01530461795811963,0.01945783929162514,0.01321662910477467,0.02098677171073031,0.00981373800342508,0.01264242022613979,0.01558901272502553,0.02628609799022801,0.01307721324098177,0.03003496514409955,0.00993495787135508,0.0179202339267593,0.03071749832420513,0.02362306257369573,0.02217000613963005,0.01603293339155201,0.0172264916474225,0.01088941317079234,0.01065885406398902,0.01300582677540978,0.01718105298498362,0.0204161480636457,0.02026509593455298,0.01983181437833676,"Boston-Cambridge-Newton, MA-NH"
19100,0.01921597100315145,0.0161758724814434,0.01288341011441285,0.01277176301110044,0.01876114827426041,0.01196379027050335,0.00481069836459899,0.01564578513260666,0.01668220269204671,0.02273479147891807,0.02292687803509111,0.01802948315383145,0.01376845375761385,0.01036666582280826,0.0086542405439370609,0.00621829885128036,0.02182825981642242,0.0113917484188557,0.01346769886663,0.01135984605715205,0.0125294049282234,0.01975481839105078,0.01911518665907749,0.02324871121979675,0.0166008060392699,0.0143754090176777,0.02208728146933995,0.02318680207135958,0.01198572146050783,0.01214315986706062,0.03236099591659402,0.02477941132089967,0.02369652928058987,0.01939114960969669,0.0176069082884015,0.01391003427758023,0.01586772971772302,0.01588924147792844,0.0126637036507824,0.01578574159725219,0.00849484616569315,0.0107584965870128,0.02282749466968049,0.02160635344735228,0.01346145069965661,0.01586829094058248,0.01614312279165193,"Dallas-Fort Worth-Arlington, TX"
19740,0.01780538699705167,0.01341412922093264,0.00901480002984426,0.01047787025844773,0.01537428315010987,0.00826930947771819,0.00401062361031079,0.00855694564367803,0.00707470811563895,0.0078142005673357,0.01306124582554625,0.00873647643470427,0.00639753893103433,0.00770856188811764,0.0057601953230976,0.00836962932611861,0.01582616502874229,0.01358220018841925,0.02126770732006785,0.00926238963965046,0.0082625094174913,0.012895079167172,0.00700658475642053,0.01573954688294259,0.01239194515677664,0.01486168694223774,0.01460841968989411,0.01139024578139524,0.01347788890698192,0.02604979420584416,0.01774942496838826,0.02665348498220356,0.02023728630014273,0.01078593191134647,0.01390143430643163,0.0120676194545235,0.01294631489894051,0.01229369446092685,0.01069168040530382,0.01369680195681568,0.01124420329531415,0.00499269571901268,0.00978264088814265,0.01940965794970758,0.0134682685673653,0.01315096055611924,0.0133013234107272,"Denver-Aurora-Centennial, CO"
31080,0.01741414188409744,0.01176705626921414,0.00986499998636886,0.00985038974747325,0.0175919348132331,0.01279094969576862,0.00513860617736104,0.00918847237809836,0.01181805455423665,0.01111951871404889,0.01855666920801763,0.01386723249819285,0.01550302127888805,0.01391152603546352,0.00937623812535549,0.00672986120552896,0.00494113647219174,0.00797037994773843,0.00974712534673861,0.01069776109021019,0.01369676242562909,0.01455145985736869,0.01052961346361898,0.0146340102882416,0.01230558599024832,0.01289721315661416,0.01119974159750269,0.010767353679293089,0.01064926803665159,0.04917582949202402,0.01533619118961566,0.01582648966150036,0.02190719391937202,0.00919487765523796,0.01123692836692813,0.01786218517356208,0.01191605229428532,0.0236788816560946,0.01336071896841424,0.01506393120874219,0.0074514648470155,0.01961421378224331,0.01275488234913823,0.01731938703816452,0.01027916844629719,0.01415374059743262,0.01426811003747517,"Los Angeles-Long Beach-Anaheim, CA"
16980,0.01705008055206808,0.0108250838051196,0.01036010790802734,0.00999339933430037,0.01576521651209428,0.01090933705135871,0.00327143480573088,0.0077749095748287,0.01170316383122918,0.01437069957591509,0.01660010280694927,0.01163809842315048,0.00970583151860656,0.01421911008232534,0.01283954992611738,0.00388479500569799,0.00284653545238777,0.00762165583057429,0.00991708411675764,0.01377208702857767,0.01569097046929059,0.01183002695660035,0.01259883381726062,0.0175801521352444,0.01281169394887193,0.00831652105035983,0.01838654433074391,0.01110504165329713,0.01007741669587282,0.01176963096463847,0.01914026734852549,0.01251986215819239,0.0222476449750796,0.00943998008388905,0.01224161295773192,0.01474567627357724,0.01237561821112226,0.01076958720215135,0.01020645071848974,0.01293577569859246,0.01169754975503141,0.01254409207982518,0.01568289631904222,0.0166749231644346,0.01162590538415531,0.01340390582317461,0.01324436416971281,"Chicago-Naperville-Elgin, IL-IN"
26420,0.01631703162383658,0.01481305563489014,0.01158529505967728,0.01182837257520634,0.01518929665877368,0.01162882366823564,0.00512404637640132,0.01694158289062948,0.01229480289158802,0.01861198454124304,0.01660742512685308,0.01528337004783478,0.00993539498564253,0.01416870539918706,0.0124712791435976,0.00359191477501406,0.06777616476641297,0.01625973275273923,0.01287386586177905,0.00627138130030716,0.01841004913176953,0.01113179514290295,0.00979832498596197,0.01473332398903729,0.01244978533891887,0.01172719808957989,0.01942773734182403,0.01307093374885153,0.01191269785511269,0.01041856409266422,0.01309358425135599,0.01520640553471175,0.0183396560562522,0.01152332404805948,0.01495255145060454,0.01367601001291038,0.01546294303839125,0.00929331782833755,0.01115688042841866,0.01584936337130835,0.00789231422805629,0.00937214028741312,0.02382499715658606,0.02060539980101501,0.00920123220694583,0.0138773318802496,0.01382561530926085,"Houston-Pasadena-The Woodlands, TX"
42660,0.01488801257158174,0.00851401126249995,0.00755356459955953,0.00818546389198053,0.01312198216635054,0.00765088707955847,0.00358101338305955,0.00895616889321551,0.0138759262691124,0.01037535640301371,0.01622414973829791,0.01192101854781759,0.00986740236284339,0.01168321893321836,0.01154250614089854,0.00570491192024313,0.00303051654044117,0.00428419126254675,0.01069709183399128,0.00534675013379356,0.00738366662345277,0.01206432418374423,0.00380661026996332,0.0098852698328811,0.01002884807015198,0.01894439841185914,0.00720420765917897,0.01439515379222265,0.00413102258312554,0.0197059751549711,0.00749571054846972,0.01037945459739133,0.02117000223182554,0.02020525590922325,0.01024961046950476,0.00985549832157258,0.00984669234033553,0.00813173922173173,0.00914417876519134,0.0102664959516027,0.013320401648328411,0.00869045742560942,0.01054284478589248,0.00850200738460227,0.00967541102818862,0.01116977516674558,0.01096058249788139,"Seattle-Tacoma-Bellevue, WA"
38060,0.01473539534687838,0.01518337745036741,0.01978857738300422,0.01377856474255531,0.01614585605351962,0.0156549470860214,0.00830077342745997,0.01196437126174394,0.01825793214737024,0.01773136515856428,0.01613982416802709,0.01562745715333503,0.01151904702592698,0.01325620852833021,0.00750773992702178,0.00489214344074049,0.00533359671609177,0.0140839817836376,0.01377531396432812,0.00737158293458718,0.01042882856132915,0.01590470700911635,0.00954731210698406,0.0145674766233172,0.01557733472484077,0.01449535893877966,0.01798498390076443,0.01473336627677585,0.01815177969346114,0.01902097125540693,0.02251475813960843,0.01928807664008728,0.01506562543838612,0.02117764939457995,0.0162402258572628,0.01482776857362143,0.01444408247195645,0.01358585245900484,0.01324154100223563,0.01359253662882022,0.00967922032932312,0.01103430386737191,0.01206209915974586,0.02122158757812603,0.01445660656981825,0.01507673364469531,0.01509288550080771,"Phoenix-Mesa-Chandler, AZ"
12060,0.0147227395674077,0.01337655020547491,0.01079384216625658,0.0098295805502316,0.01478279913164403,0.00973781339397123,0.00332333943079129,0.00875158240533991,0.01292969218593718,0.01640210124405815,0.01784000590433905,0.01292021895885479,0.00936641901855223,0.01286270636049227,0.00975681158866373,0.00574401698810554,0.00235977457649225,0.00960963626841917,0.01235909285473776,0.01157717424643096,0.01050750782295701,0.01340743139183746,0.01032036675648974,0.01260393130125987,0.01053795674517098,0.00994462523035578,0.02090554040136956,0.01674413978004725,0.01142367748125781,0.024117099803073,0.01459132731884737,0.01418918187967658,0.01888903410961167,0.00749623319417057,0.01580328333268756,0.01251541583991961,0.0114727369347319,0.01186630708864273,0.00985334610876765,0.00973643487967472,0.00845251931491974,0.00663014418175774,0.03237083036315377,0.00826148930434059,0.00892963751537006,0.01233246334826398,0.01254563260658621,"Atlanta-Sandy Springs-Roswell, GA"
47900,0.01415219262544905,0.01095504864303503,0.00853444287807908,0.00751426063937894,0.01573667002179565,0.00837486755558853,0.00188328146397579,0.00884197043469248,0.00468499680121353,0.00816768542533902,0.01683861918422947,0.01104334153099504,0.00939500213486595,0.01457078480631814,0.03814943578126394,0.00431451838409054,0.00288574641755556,0.00369176289358627,0.00900763421981823,0.00384765863643449,0.00461101086254769,0.00512593209664775,0.00266223182657578,0.00641747582367071,0.00935853301270658,0.00826301420648349,0.01009261276155409,0.00693059201898554,0.01204474925922739,0.01538467996398325,0.00884370563903954,0.01173268318817398,0.02935111121836453,0.00756698487555253,0.00950807342282646,0.01320244552316639,0.00983729492739951,0.01040993100943996,0.00952724793191286,0.0147509178372934,0.03674392179652178,0.01079747128182791,0.01852028187880619,0.01065820482581307,0.0101731100977152,0.01206615672635359,0.01220537615391629,"Washington-Arlington-Alexandria, DC-VA-MD-WV"
37980,0.01287103714538558,0.00992058415265055,0.00815963521686737,0.00930032321374103,0.01181827654090187,0.00981173838387645,0.00288993082513371,0.0091096704532817,0.01030831621119571,0.01141400965745516,0.01035186110992469,0.01196586443932381,0.01088348568616674,0.00986505446686532,0.00612800022998733,0.00718172193873451,0.00682772969622018,0.00977304503340402,0.00626960577168058,0.00929068899784757,0.01275691028327396,0.00947414992897081,0.00760181661239812,0.00844993715364303,0.0110773799557981,0.00785668379291226,0.00950485177369246,0.00901674806562556,0.0126293244373658,0.00959226657274885,0.01411020336655099,0.01201676267900493,0.01268752096925978,0.00769240963859027,0.00913715915521683,0.014425784842862,0.01366042591075358,0.00669967239954314,0.00995078530085685,0.01293146447141383,0.00784091780974144,0.00822516035840436,0.01530629816956992,0.00843841061050528,0.01025557023441125,0.01091902915929222,0.01080121165044588,"Philadelphia-Camden-Wilmington, PA-NJ-DE-MD"
16740,0.01254568013854015,0.01238371104288153,0.01009629684103216,0.01023886262253095,0.01180908610318854,0.00867685381130382,0.00192582958866887,0.0070262584648647,0.0059900946940788,0.00655986250325289,0.01458308426951848,0.00780466471478725,0.00653840477051621,0.0055275660376688,0.00365245960981783,0.01752408454372281,0.00924488453057002,0.01684580962472855,0.01768642465378242,0.01581228853478639,0.021279319077116,0.0100974309628779,0.02165446848660616,0.0148506202078375,0.01232098249358029,0.012545353542576,0.01290816179924793,0.015516946242755989,0.00262788166782542,0.01597255654478496,0.02480760472752414,0.01527422712273723,0.00937301445447337,0.02896503312716574,0.01427921684565132,0.01085693295329154,0.01125032574918935,0.01190079568055631,0.01188687559809502,0.01109055389522392,0.00517538934816279,0.0052155934697526,0.01657660927839407,0.00614017507416779,0.01045827645469122,0.01080090721564327,0.0110889498457587,"Charlotte-Concord-Gastonia, NC-SC"
41860,0.01090047204967949,0.00669439021657004,0.00631475849684384,0.00499037374919778,0.01051946116082376,0.00672488080195915,0.00601114507178846,0.00523323528396517,0.00762360403828407,0.00738912881278364,0.01303392733304967,0.00820114720466217,0.00770612227304908,0.01028173796182185,0.00544314249892433,0.00451494658418686,9.80681521411e-4,0.00715718817912218,0.00601507454673218,0.00597026534673798,0.00696345859597171,0.00937235629969283,0.00466009608183855,0.00540808212391179,0.00597285371809676,0.00590883353609235,0.00614771442846533,0.00474767245487666,0.00794887410268318,0.02001533260396112,0.00835177231791379,0.00935899546063928,0.01967736423644184,0.01466547578898785,0.00933913006692213,0.008847019470245,0.00759426847805393,0.00816808397925313,0.00592597461725226,0.00757563631913862,0.00536203239827536,0.00675452828127457,0.00742390631229631,0.00600351226647201,0.00597203765205766,0.00795938439849117,0.00812552327297672,"San Francisco-Oakland-Fremont, CA"
12420,0.01042364529945387,0.00800878437747874,0.00591325760684666,0.00650518051775957,0.01055922369296493,0.00615084350320659,0.00210462853723735,0.00777912400663667,0.00694379111438219,0.00940375628658304,0.0117794951506935,0.00918110653198884,0.0075797370163828,0.00612892298642646,0.0077238674082574,0.0020396492949205,0.00904138400036082,0.00648193547361956,0.00759800360217092,0.00366469357351003,0.00746535916044353,0.01024637210868322,0.00648706422866627,0.00718676931071176,0.0090888338304628,0.00957386366982067,0.00770987607874143,0.00650063889167925,0.01066353562176371,0.01582416679622073,0.00918542679476032,0.00864146028983959,0.01763534790924061,0.00564272018428038,0.00709390505729011,0.00870062805414022,0.0080287856868739,0.00769819544902795,0.00846349321945693,0.01004400726964042,0.00778374707755319,0.00413117218825131,0.00647686352225313,0.01308912994669923,0.00760366612232818,0.00880782266884689,0.00874187888947275,"Austin-Round Rock-San Marcos, TX"
45300,0.0095241933070737,0.01249315840532222,0.01276089959867196,0.00910099074047913,0.01126167038671926,0.01063935082965473,0.00358596107929997,0.0073747666890452,0.0069024924542076,0.00951749504553844,0.01321582927883995,0.00798081656564721,0.00921541789652227,0.01064422809287881,0.00525274576213554,0.00498587129159906,0.00150372880866762,0.01210279999213994,0.01195056599251386,0.00537323506787099,0.00611038088239357,0.00688266570639139,0.00964390057821333,0.01033176645115614,0.01116499044384864,0.01131180566499534,0.01059578666900147,0.00670992671531487,0.01366361244020934,0.00934022963676513,0.01775957899541078,0.01474570091600941,0.0123916024860862,0.00406047557016062,0.01199894041791912,0.00968535304898519,0.01091903085694746,0.00808540220034424,0.00928294518404125,0.00916300487410059,0.00754535187348573,0.00764011673529983,0.00727244423814003,0.01293658879725148,0.01082510353404421,0.00975874613069851,0.01025691751112718,"Tampa-St. Petersburg-Clearwater, FL"
33100,0.00921161925758984,0.01074479218543843,0.01247732610763717,0.00792976057578969,0.01006724501231869,0.01015308692747613,0.00151626417023194,0.01122153592117067,0.00580638652969738,0.00917011688466383,0.01234488549790299,0.00837613061080864,0.00954439015583909,0.01139464732272632,0.0045720874464385,0.00663791830451663,0.00192659637661035,0.01199046454712004,0.01176893752072087,0.00885361486820844,0.0050590936390035,0.00469739621288394,0.00425662852334233,0.01331447189622006,0.00919862978678067,0.00781588069740037,0.0121505399151944,0.00420060275052047,0.01313360880537962,0.00921294608340176,0.01167845655675123,0.01409574081210148,0.01227352804785654,0.00734624731028674,0.0080177190537314,0.0074823477359037,0.00822340283086481,0.01067463314380828,0.0067893603525023,0.01178081882453921,0.00486464276683071,0.00879275237996848,0.01083820493337936,0.02060587820080505,0.00630027045012039,0.00878791583179059,0.00918520972811154,"Miami-Fort Lauderdale-West Palm Beach, FL"
41740,0.00901129998867237,0.00579531581277551,0.00552054036182086,0.00584662568137303,0.00845172164268785,0.00582689768012449,0.00743028281458635,0.00423111179615649,0.00750362028807598,0.00608303018076585,0.00741656214997083,0.00694749696355594,0.00835733478822243,0.0051238441320699,0.01998021458872695,0.00298509027205396,0.00210281344382515,0.00445898004557506,0.0047642983295923,0.0053280460112074,0.00481090435153832,0.00753557148652635,0.00611842482751119,0.00540081134292985,0.00574615365800638,0.00650403196292905,0.0042087870832743304,0.0049203958808803,0.00395965389603978,0.01012018207562142,0.00500781239035559,0.0087367715730973,0.01113715759597618,0.0137444095067674,0.00667396380901569,0.00673479369173208,0.00660687754824292,0.00682650626442339,0.00550316187304636,0.00609549880680739,0.02153157282303766,0.00560769160422134,0.00532021303082117,0.01122943898379037,0.00677364831363806,0.00721510304360471,0.00733394647091455,"San Diego-Chula Vista-Carlsbad, CA"
38900,0.00888511183080574,0.00663852608153875,0.00721056776838446,0.00586684965805173,0.00852784554420617,0.00608182065926584,0.00474557146859945,0.00359755801039322,0.01215540569186864,0.00704715419919162,0.00780150743635997,0.00822231677352921,0.005927135893451,0.00603996575621743,0.0048453453471758,0.00656766045135504,0.00195238904891976,0.00458501006852299,0.0063861867532567,0.00758037124546096,0.00598767845517998,0.01081141965272321,0.00636554709580933,0.00671886806251118,0.00674256128358101,0.00857764691436673,0.00734723782335653,0.00719168511127267,0.0065318655937913,0.00722925096859166,0.00685653784329152,0.00620528240317349,0.00903009065998281,0.00601331728671059,0.00660035372281555,0.00749006542678235,0.00837770403981556,0.00759163164065775,0.00752663235440934,0.00738822809897305,0.0051931925936845,0.00535599745178564,0.00652948493183673,0.0055563385885466,0.00794938354115379,0.00742238288631871,0.00737498594484126,"Portland-Vancouver-Hillsboro, OR-WA"
33460,0.00887025365320548,0.00567211561176023,0.00573084345871942,0.00520660272410611,0.00789883213183937,0.0051215647479299,0.00334778749313392,0.00562627176056804,0.01033282247202525,0.00645036320442105,0.00662710684189939,0.00652310905302111,0.00583158495912622,0.00832436052551821,0.00285155056875124,0.00405740481724362,0.00297805649762883,0.00540896283840777,0.00698466242889676,0.00646155207550602,0.00734737374166617,0.01057824800289017,0.00442475265962146,0.00615631288005876,0.00514833301411771,0.00787825711409017,0.00717101551122839,0.0082703058238252,0.00263784810180589,0.00575474472677275,0.00714640665827819,0.004373211507196,0.00805929438192806,0.00995799582155848,0.00519498700867563,0.00795949818344395,0.00806112661792222,0.00496985390186838,0.00483063920917297,0.00817445835690441,0.00406896235121382,0.00400570736229019,0.00815468804229277,0.00503269967616607,0.00704966053608927,0.00676561577387893,0.00678769962657524,"Minneapolis-St. Paul-Bloomington, MN-WI"
28140,0.00822940639224276,0.00707300028954737,0.00663039498975668,0.00606460032591478,0.00758020706714323,0.00550866348994233,0.00378271767544362,0.00623913102331735,0.00580655312996489,0.00729984096409166,0.00778487489701006,0.00641632416859935,0.00507465781480235,0.00466978183336787,0.00389221966525323,0.00241105301062277,0.00190550600581549,0.00558752810506944,0.00670781308559423,0.00527508549407578,0.0060297615014578004,0.0090757669287489,0.00340365988560996,0.00895632944705673,0.00726520507857275,0.00502905541811071,0.01001332290122002,0.00699487427051991,0.00290943724407211,0.00893233131486733,0.01212764126091339,0.00656831765383838,0.0089822622663125,0.0076837111020205,0.00547920686735415,0.0058560442785971,0.00887131067131496,0.00735728941274143,0.00571107261290396,0.00774150655396815,0.00887569178470731,0.00339281544357174,0.0084731330495858,0.00621552940658221,0.00735401572906215,0.0069920199381164,0.00691015684688691,"Kansas City, MO-KS"
34980,0.00822748991896938,0.00788367213238618,0.00585496642049628,0.00655458613999067,0.00848214656579823,0.00589625889535693,0.0013366214396714,0.0064712719611315,0.00905267831312276,0.00903148418953916,0.00867321469795968,0.00731903686373599,0.00516214033345355,0.00771598974339052,0.00486462420385496,0.00522395125455114,0.00153436638052124,0.00280106993380451,0.00962369778071727,0.00734165602463569,0.00515415223897508,0.00818352585097954,0.0114742946510985,0.00863026824284321,0.00806327537971965,0.00623823837482037,0.00676512446609318,0.01086354405282593,0.00753425440381349,0.01261966602705192,0.00640584116032927,0.01217991691924625,0.00952868647290717,0.00955072945740197,0.00667420866181486,0.00807690849405464,0.00793561788014591,0.00625065529753819,0.00731023055637664,0.00830259312342004,0.00661638183136462,0.00361905049284024,0.00914024852490065,0.00583071820884339,0.00831658735445653,0.00797484086631309,0.00766243274125128,"Nashville-Davidson--Murfreesboro--Franklin, TN"
41700,0.00815201645420875,0.00731279800432228,0.00591831917453348,0.00757844676559376,0.00746554107391564,0.0063723046239767,0.00250832575074872,0.00676465529102289,0.00763373722285731,0.00788588391132662,0.00831330289820997,0.01038679454491125,0.0065693740877612,0.00635184508454746,0.02109331996858558,0.00227989966511113,0.01370116051755229,0.0050378726617288,0.00674576311500832,0.00560510597815755,0.00446857348186821,0.00568435701192154,0.00220155527998288,0.00508691722523432,0.00708338503857718,0.01081924120051541,0.00576509370285072,0.00683967418931591,0.00677051867608164,0.00633241622858234,0.00724959639807299,0.00483285497180308,0.00634054113922541,0.01458817657478463,0.00963218630656414,0.00749961138284488,0.00729194165375896,0.00647862371086936,0.00729360681756169,0.0063002719282363,0.01288219273150349,0.00721338372214639,0.00516501307031621,0.02108371892698458,0.00488175722322969,0.00725210648559649,0.00754987647400356,"San Antonio-New Braunfels, TX"
36740,0.00808357265445828,0.00822411122914812,0.00648392259531432,0.00684500303048859,0.00839440816928419,0.00784582879084036,0.00781675064730908,0.00951709786588095,0.00602295365577794,0.00924139658959377,0.0095264674446584,0.00714566264403631,0.017163497839286,0.00739283251161534,0.00473597618884262,0.00381251659939109,0.00210482853036945,0.00642534778775517,0.00847031084526586,0.00383620312516833,0.00239669019785767,0.00539015524973975,0.00302010361099728,0.00817519945272356,0.00757378868126158,0.0057740784496553,0.00947729865391142,0.00677188988558816,0.00649033649279453,0.00925518257662468,0.00604072860939717,0.00774210859461961,0.00774839691560857,0.00241277091302861,0.00684320687312736,0.00689471596564111,0.00654296409574726,0.01520391290312499,0.00832353716550569,0.00749708452541081,0.0044973003964444,0.0060921141083679,0.00735511823679791,0.01156347123346465,0.00642751229827582,0.0074382037303937,0.00768406620364761,"Orlando-Kissimmee-Sanford, FL"
19820,0.0080433302105745,0.00712286422585708,0.00800404165006704,0.00664831690718253,0.00691875701039409,0.00683980099080812,0.00278749782568869,0.00781345398917889,0.01261550739327106,0.00589205039216965,0.00772764116207656,0.00794684434911002,0.0060230599752746,0.00861479412527626,0.00369088918337893,0.00185535017749803,0.00224761290738485,0.01273737340002286,0.00542004366539,0.00579445972798834,0.0054932682230134,0.01363214547145415,0.00669722420828942,0.00597658040160069,0.00611884346418064,0.00606426423756237,0.0084664406837973,0.00689069703024358,0.00988470121993622,0.0052307074951605,0.00627839421829134,0.00709870177323541,0.00619916320430172,0.00795208650055362,0.00582724096397825,0.00387354652345776,0.0077706920393079,0.00578318777417061,0.00530729637352301,0.00813989615990636,0.00379657685125454,0.00358460284924616,0.01292297444553088,0.00387737275134127,0.00637983275791735,0.00671399259997644,0.00680042721813709,"Detroit-Warren-Dearborn, MI"
40140,0.00702555422144363,0.00726990590704047,0.00770837370467276,0.00747531731412962,0.00634150199569534,0.00885360746785299,0.00956872409219146,0.00654658394407195,0.00438014118375559,0.00749732050395603,0.00609035831341939,0.00535608730350332,0.00479553137463436,0.00559563126304181,0.00865135415869861,0.00449550760768002,0.0033837980581692,0.00604562286038553,0.00583007675618909,0.00624437181894483,0.00606867837499143,0.00623462296770363,0.00609631758309308,0.00748826609722108,0.00633435070124457,0.0066019822269642,0.00678951609333374,0.00959354802817501,0.0051524163032399,0.0067911249092908596,0.00530380385217343,0.0055719086508687,0.00504311411385027,0.0103383209411714,0.00676155579369985,0.00599727918756348,0.00622599238761646,0.00647043867922479,0.00581197842272009,0.00584244045008817,0.01145032857241268,0.00800915164923845,0.00725767457635182,0.01182567182475068,0.00458953877162643,0.00682529581179185,0.00697809278822411,"Riverside-San Bernardino-Ontario, CA"
39300,0.00695506855744865,0.00811193924123676,0.00869677025012444,0.0088757910295087,0.00624542916002794,0.00671831321802274,0.00136415250225058,0.00355254264246207,0.00307907577232883,0.00473229884468303,0.00306032502890632,0.00490292038214212,0.00439480772343103,0.00638700192216297,0.0058250769392909,0.00408952912508758,0.00519464207100418,0.00774930318757137,0.0083513179526732,0.0071624406078103,0.00985884348062621,0.007103631925419,0.01822597727333064,0.01385599396304617,0.00718585285019043,0.00708763789048513,0.01494673187297479,0.00762990893851731,0.00755236952856152,0.00381955518316613,0.00927058593819644,0.00342621819760123,0.00531343843374117,0.02087257989882464,0.00759021848590486,0.0091592195976824,0.00734401206596973,0.00628107003131726,0.00759214565956646,0.00732343813137482,0.00525178393380159,0.00975666919144741,0.00555273797765073,0.00569166252740511,0.00798802914634898,0.00739440104661504,0.00724651376534447,"Providence-Warwick, RI-MA"
29820,0.00692108532923435,0.00845412540849162,0.00727486942310088,0.00721831841031053,0.00685885411178896,0.00697446550633867,0.00447808510575334,0.006598203786784,0.00357847914172734,0.00819865421428768,0.00789651929186023,0.00520664517410807,0.01003162266873822,0.00547304855595561,0.00780472871471289,0.00233546472748501,0.00240515927491416,0.00745781792875565,0.00619918831721319,0.00326509007214816,0.00553431325040815,0.0029808491688101,0.00223528178636303,0.00507588407079841,0.00636721244630242,0.00931785887862152,0.01132040503253691,0.00992656991780439,0.0081777559814628,0.00639970397718999,0.00755415997626156,0.00794006034653986,0.00616199448227443,0.0111860815328163,0.00828602210158016,0.00495057974304165,0.00617514418492138,0.01548421596994818,0.00840287334361661,0.00561969177597413,0.00595029301563487,0.00689446321365095,0.00977928285302955,0.00797114307105143,0.00526988419456752,0.00685402341566616,0.0070772088100924,"Las Vegas-Henderson-North Las Vegas, NV"
41180,0.00691994222080045,0.00590537630208633,0.00563787725179494,0.00565934415912166,0.00614730009908885,0.00555548996796203,0.00385984388620702,0.01001058134117277,0.00656784318367443,0.00389730739059399,0.00519709239187464,0.00518976359398986,0.0034999386194401,0.00571411189016811,0.00438746630122798,0.0030061246606633402,0.00172860523879383,0.00457191093205143,0.00578063273018494,0.00823161442033355,0.00518842995696043,0.0077137602671102,0.00609304723987338,0.00600691880611175,0.00620597256922807,0.00589361600894619,0.00509340260132561,0.00683771956778671,0.00423411516344017,0.00502201471555277,0.00719710799657786,0.00491196612577776,0.00570550006484545,0.01023485662002565,0.00667557533771451,0.00624683203196613,0.00586106480007845,0.00677782929376536,0.00486863875828757,0.00623928738196722,0.00446226565082918,0.00425893992656454,0.00786686508171454,0.0036006927307039,0.00639774608687647,0.00602875444403156,0.00592461233106097,"St. Louis, MO-IL"
40900,0.00652447345216329,0.00547355695677071,0.00539812143002524,0.00526275513458633,0.00691761753523582,0.00612555492386463,0.00756612459641346,0.00562297017429327,0.0029039058004113,0.00537305043029556,0.00921984465169793,0.00787110790690206,0.00676920115485141,0.00481046863653727,0.00719669489274767,0.0045671701516585,0.00130665886375374,0.00872646938935159,0.00558362025169007,0.00519857103268665,0.0031599842410984,0.00575547191225235,0.00623707036464095,0.00588446845137028,0.00675395852930575,0.00753956333175618,0.00571229539513235,0.00529160329407944,0.00707182772699152,0.00587857125786504,0.00551626239042186,0.00541011225356729,0.00701060046997043,0.0093163984077416,0.00589966490463739,0.00661027603509717,0.00601642709288289,0.00737423596744693,0.00576854540131926,0.0065269446944562,0.00694335075021224,0.00746496209835993,0.00630504221562328,0.00597150386994332,0.00538066967996538,0.00607405259775173,0.00617516651789659,"Sacramento-Roseville-Folsom, CA"
18140,0.00652365235887786,0.00562968173151717,0.00506715599057828,0.00616260758207855,0.00613120323711993,0.00498490686433343,0.00438422436875171,0.00455799233165034,0.00786569847990824,0.00729506267537504,0.006894195949265,0.00579448854286233,0.00807311284522321,0.00795050482215225,0.00461520326263001,0.00287743288654092,0.0012182478535795599,0.00288943826988195,0.00615681389502199,0.00432954877295225,0.00715267553679344,0.00589157622031983,0.00574744336901672,0.00629324531543907,0.00612252971431252,0.00552153044772338,0.00615591669003811,0.01156960517493034,0.0052680298911972,0.00425959011009051,0.00899831646015874,0.0048246167792984,0.00527981341312427,0.00809045934395257,0.00678127114551836,0.00732612232404908,0.00673436122659948,0.00719010700552782,0.00638275630802516,0.00512125766353697,0.00288194230705907,0.00239874688831081,0.00859380935706651,0.00439976307363854,0.00608141037854364,0.0062076086221425,0.00612053905269235,"Columbus, OH"
26900,0.00603389533903883,0.00617146768902141,0.00460067214942945,0.00594246137464526,0.00575144450171434,0.00490380976349764,0.00895401553587093,0.00645771869831046,0.01007185400110407,0.00791244331822942,0.00630035746022364,0.00596258512372382,0.00595292676016055,0.00777417466595216,0.00412933407355037,0.00157959818905556,0.00130897611529731,0.0058834197611118,0.00619094523518219,0.00450942424355813,0.00587731356237893,0.00575974344850193,0.00632937855634042,0.00601587995844659,0.00662205660499405,0.0079910982182882,0.00486379695708179,0.00751140319820143,0.00737133408431877,0.0030225403304381,0.00641697238606868,0.00684857832313693,0.00502719037154269,0.00430541021288707,0.0087726904967759,0.00572894484436625,0.00686989309411037,0.00485514178899992,0.00508462148861751,0.00606092746256649,0.00385536023586156,0.0027123809863744,0.00774694861729659,0.00427316269493632,0.00596603710237776,0.00587261461915763,0.00586773576857317,"Indianapolis-Carmel-Greenwood, IN"
12580,0.00582307518928402,0.00503245692303566,0.00538258781968041,0.00417344424373299,0.00609109457517468,0.00479245576312308,0.0010920760359606,0.00263332369809242,0.00293865682572554,0.00455097961430551,0.00514906132323265,0.00494977942301009,0.00447148306073423,0.0039293035792336,0.0134453955400771,0.00213271338262794,0.00187141383300992,0.00358262894145461,0.00382173147298794,0.00557001186612135,0.00364340230586481,0.00242756736164114,0.00316632950817845,0.00397483368315305,0.00492802938731003,0.00455887473558619,0.00371081371406494,0.00468990065142877,0.0057926709189852,0.00462745859224695,0.00539457601540225,0.00491133188291005,0.00694759739116605,0.0044295614954653,0.00353299762211543,0.00664681141944476,0.00542035612246476,0.00481764894024976,0.00364192940610397,0.00587483448514597,0.01231349964137967,0.00341334838858014,0.00972395664184061,0.00362003735862162,0.00455505455235758,0.00532354606220662,0.0052629744007543,"Baltimore-Columbia-Towson, MD"
41940,0.00577937044182976,0.00299289094815722,0.00290260772232229,0.00263014831764689,0.00529596164774337,0.00325755591601743,0.00181679129721401,0.00445921073118135,0.00771268592771511,0.00327947415591877,0.00630437102901036,0.00404918462548622,0.00296996231314191,0.00256108187299012,0.00269437521591231,0.00153478281176368,0.00901711844452845,0.00276056451037046,0.00313366777403281,0.00178931999750398,0.00379846042325701,0.01371703136036805,0.00306229990403936,0.00176189059546182,0.00293661394658302,0.00414765575743597,0.0019511578791751,0.00207850802501319,0.00408116236636684,0.01437432422519015,0.00284743515492346,0.00406140199635236,0.00870755055676379,0.00799734982236888,0.00427351652117947,0.00386015013834039,0.00365822225767177,0.00327246543588843,0.00348590224569923,0.00297425689371356,0.0022592751343049,0.00348985048467529,0.00239430471962807,0.00340123507259051,0.00259600440990959,0.00407891756025829,0.00412627078784663,"San Jose-Sunnyvale-Santa Clara, CA"
17140,0.00567974577113052,0.00485007767311984,0.00544929032810394,0.0054944128482136,0.00566593976789854,0.00507362784757454,0.00160765790611916,0.0041195075019898,0.00635538456814218,0.0056878286388172,0.00523926756689849,0.00614133467136268,0.00584912984094192,0.00352211221586572,0.00251456025098374,0.0026413532307283,0.00372419356661452,0.00235075545411138,0.0048653974788063,0.00730288990986557,0.00691870056521149,0.00713788196597417,0.01352757530844341,0.0043907810369513,0.00616034168514895,0.00530352544719309,0.00729359191891531,0.00988390156946533,0.00834735672595727,0.00353856635882516,0.00620222797979973,0.00487996338138296,0.00508909080802161,0.00410828930277115,0.00481391214558709,0.00494474753580917,0.00575883399861992,0.00503865349721567,0.00695458275552809,0.00431496830152255,0.00333029850043858,0.00279315488130229,0.00596435411296992,0.00430206394932477,0.00639626355424548,0.00569685455766379,0.0055718117445788,"Cincinnati, OH-KY-IN"
47260,0.00567445928769019,0.00515275769716584,0.0047883826041652,0.00607739655182782,0.00570979016879202,0.0045223026351358,0.00168269984771869,0.00345079876078898,0.00440823399979679,0.0052153922128998,0.00597069379212939,0.00476112721505854,0.00505260540433922,0.00321758385230586,0.02207724777144027,0.00183164403695114,0.00162321789863359,0.00367411591031971,0.00395841386468069,0.00270171297071444,0.00339552120392505,0.00546241811304965,0.00147306288712247,0.00536181523847641,0.00391503790877642,0.00470202891423718,0.00322788194634346,0.00461284737313752,0.00227192024807927,0.00349591386458269,0.00343093573268184,0.00492200597017392,0.00522349702635912,0.00740677789078412,0.00533545879663189,0.00493361161404888,0.00498058416933976,0.00458437116382773,0.00446617956470627,0.00531174774792641,0.02808217017469122,0.00473996598740336,0.01179995768908045,0.0044419998683418,0.00520258126052847,0.00584448510078292,0.00584305637261366,"Virginia Beach-Chesapeake-Norfolk, VA-NC"
39580,0.00564906845965641,0.00552053003392161,0.00465368048020524,0.00425785792005376,0.00621901317748513,0.00463773685555464,0.00207582082537236,0.00527730854393374,0.00628783930105239,0.00588200105326628,0.00724942974390443,0.00489820347066584,0.00388716017863251,0.00493587918174292,0.00545679612274145,0.00224464206127409,0.00736644446551176,0.00389181180869631,0.00460108332230794,0.00296017564620416,0.00491034771537528,0.00510707777730051,0.00236757610156108,0.00571469148980078,0.00500694667841171,0.00447881921535131,0.00651304058629183,0.00439148466308318,0.00404348185206643,0.00466286869371611,0.00618772934594599,0.00608013331680348,0.00995057817916829,0.00183042009798025,0.00614224203092314,0.00526997141777875,0.00483006571137382,0.00355841996637245,0.0046200982718333904,0.00537312598010077,0.00298128233836254,0.00305624611680915,0.00697348049748216,0.00433675609691371,0.00513427222279684,0.00521694946902113,0.00535800663191788,"Raleigh-Cary, NC"
17460,0.00560771941766998,0.00480620485114008,0.00517970009617368,0.00439435578429145,0.00505853206455459,0.0046769933379077,8.0970100511223e-4,0.00535010136351748,0.00623645301323377,0.00436066281598323,0.00464655538846943,0.00605414095655024,0.0035393937115694,0.00468149206367734,0.00378774147538293,0.00182441390613504,0.00272721903137707,0.00237624637028137,0.00471221308509096,0.00373066046816342,0.00683806940849554,0.00558484205543756,0.00610336402847818,0.00599200912574681,0.00420990241834499,0.00626787632516383,0.00402374765215755,0.00451345908702069,0.00496301739233724,0.00317178403150341,0.00577781761093759,0.00657648626304509,0.00434782691712197,0.01574253357266915,0.0049702963269366,0.00403345311186317,0.00623851408936944,0.00414631925379783,0.00477074712723259,0.0035240818897393,0.003017477859927,0.00810763431350525,0.00638724436494386,0.00479345361433097,0.00474577056333766,0.00481862738678408,0.00480760628358694,NA
24860,0.00540264274445424,0.00681517283898251,0.00646004508428643,0.00648797233956079,0.00582726877883783,0.00556968439754342,0.00157648401374277,0.00317117639367327,0.0048541392453866,0.00253084509800491,0.00319970397450141,0.00268416950272178,0.00324913319806709,0.00400632101844098,0.00181616417791369,0.00512821180820054,0.00524608524112477,0.00359157562310091,0.00794531586714828,0.00761638595479836,0.0080698079397874,0.00853462604812148,0.00702957815132465,0.00609372267671973,0.00648467829465199,0.00567055674946113,0.00342729225126396,0.00366320243970783,0.00291583422983168,0.00428237342529761,0.00471588350200873,0.00836394811371667,0.00404012127565699,0.00337815575710212,0.00430043081702103,0.00606807636403635,0.00616832744411905,0.00463485164395158,0.00612463827909477,0.00505538651707672,0.00356582427087838,0.00287261326963312,0.00531199174410327,0.00506788654707696,0.00698452259742338,0.00616204313609396,0.00607218406345565,"Greenville-Anderson-Greer, SC"
38300,0.00539268503179258,0.00439649181177994,0.00484790733056465,0.00480419278873604,0.00520010591577269,0.00422755319712439,0.00272658660655188,0.00445594586039619,0.00483284074045301,0.00588300901814039,0.0043461304773778,0.00512339824163793,0.00604841967672152,0.00642648090849749,0.00177648400208513,0.00171050323059298,0.00706218296369637,0.00343196267701093,0.00392084165914356,0.00253652721981618,0.00465200140605442,0.00568084197814495,0.00337753951508426,0.00327137989314075,0.00493796121698894,0.00569774422400084,0.00594968731537251,0.00370462813108033,0.0024452097306693,0.00379759939039451,0.00582072209183198,0.00622215495487043,0.00507749644518872,0.00223669275804848,0.00597445109472472,0.00623553708908263,0.00634565089478327,0.00475167689481944,0.00570684992383092,0.00513658549314356,0.00351336624431591,0.00711800924097872,0.00523394220047283,0.00278145439203154,0.00589518050812219,0.00519143289807136,0.00503474564201423,"Pittsburgh, PA"
49340,0.00535629853387173,0.00585029866691275,0.0048881521507275,0.00587393695592821,0.00469304447104607,0.00674447560200166,0.01513005446840814,0.00261721613562926,0.00393381672456304,0.00336372672050433,0.00337712229261161,0.00322027689784993,0.00337091171830095,0.00270032364352677,0.00271659263874997,0.00292980674016805,8.3806439411174e-4,0.00447011615606953,0.00427165070599297,0.00286884554049426,0.00507347353071664,0.00483321111878976,0.0066337916828661,0.00268252481775169,0.00574740098000029,0.00347995552175712,0.00360288227020744,0.00439035149628527,0.00162708225060284,0.00261467861808345,0.00395983709116107,0.0024836019928891,0.00408433784204936,0.00308428432499679,0.00425035481329538,0.00464051468385991,0.00670768683271336,0.00528123969007694,0.0048160312007836,0.00500826468885602,0.00368054399801721,0.01816807823222735,0.00396155915396682,0.0079775065414465,0.00508558220233773,0.00525939444656042,0.0051385698368021,"Worcester, MA"
27260,0.00505894408890223,0.00636799851011373,0.00544643165779608,0.00465202299490519,0.00587615621389189,0.00524946981986534,0.00234383074008745,0.00826876694131551,0.00348921354701426,0.00588307716854292,0.00917132647747668,0.00557705326107544,0.00425909101631012,0.0047833089259416,0.00927639437702988,0.00118630159472447,0.00146437056189663,0.00644156079584103,0.00430240203819535,0.0024170293540642,0.00248766158449515,0.00318767825379858,0.00203760033016525,0.00455153326316148,0.00466223687439139,0.00531463450860474,0.00806650835076179,0.00796807326570772,0.00269582388034343,0.00355729597179645,0.00887065145570198,0.00433408448926747,0.00506650612664499,0.00351133915655554,0.00521596338466172,0.00417493064758196,0.00488931264793649,0.00372896490350325,0.00451448575160781,0.00534519626828862,0.00818988646761919,0.0028090406818057,0.00686228646305618,0.00426357726022423,0.00518764483155923,0.00528598672288283,0.00526679311357392,"Jacksonville, FL"
46060,0.00505355430986524,0.00574201928777727,0.00780147660800174,0.00670776290767973,0.00567886313262442,0.00755029279689171,0.00204040578768522,0.00322495224114272,0.00319287198490384,0.003468737866807,0.0032801347741649098,0.00378964714863988,0.00443984786751612,0.00328738215545608,0.00415075610787448,0.00325104106211574,0.00689793958738421,0.00442722435407097,0.00540201659189953,0.00163261492169014,0.00224145117281921,0.00582920862011286,0.00563875195708396,0.0052837034502341,0.00498800144599802,0.00573737810880837,0.00529321242001872,0.00592760348460388,0.0069294268789877,0.00489779282304422,0.00550932235939999,0.00551133694125616,0.00394365631679707,0.01066969401623002,0.00636059550467102,0.00590936825101077,0.00550478346126362,0.00462345519425584,0.0069192066355833,0.00519296321175039,0.00539583090174561,0.01076275935262438,0.00356282328990116,0.0085600863471799,0.00547474789940704,0.00625368201987424,0.00611222110859947,"Tucson, AZ"
41620,0.00489658123270831,0.00388101524259811,0.00338523187823198,0.00414501191654202,0.00462123527662115,0.00343889528806988,0.00413532890748038,0.0061490403481962,0.00482083516486343,0.00494621714611923,0.00361938369150061,0.00483528567627539,0.00537492829420451,0.00351980935154099,0.00376766748900998,0.00195092340407722,0.01013591999042495,0.001938603428518,0.00486974277885314,0.00585513243069738,0.00653212453175005,0.00481625980901161,0.00331928953473228,0.00412051119285456,0.00376339070897967,0.00447768912557308,0.00475717470137937,0.005312010730376,0.0017315366359191,0.0042189701625537,0.00537394883081344,0.00455025398188941,0.00422417396261003,0.00169895491355033,0.00480261916496674,0.00504114352463943,0.0050066573794434,0.0026784326208247,0.00391744810741367,0.00458447150694126,0.0027217544743773,0.00235505041116313,0.00261732020064695,0.00399692727257163,0.00450061792785761,0.00442142904665975,0.00441436572153817,"Salt Lake City-Murray, UT"
13820,0.00483437888040318,0.0047122154788463,0.00501274984139248,0.00484031513302666,0.00475408781673455,0.00577312199406982,0.00271176927150829,0.00339337601447582,0.00255309448695908,0.00433495153992005,0.00352033859375862,0.00446648593946256,0.00412421384411856,0.00607784252021445,0.00305184435677214,0.00318978374633689,0.00289116631110413,0.00648775052581757,0.00473141657635382,0.00665748056261162,0.00417775782462914,0.0068459223837261,0.00731066262502773,0.00414142747601946,0.00459077093065762,0.00481619567653117,0.00513821202860459,0.00512754664886078,0.00125040572565858,0.00314673826837348,0.00433987925309127,0.00420594708990097,0.00487607779024424,0.01546906852430514,0.00426945353066833,0.00347007635282763,0.00634771747256497,0.00356075486589306,0.00400735738170963,0.00559760735170348,0.00271467487376538,0.00761244665807195,0.00769293085940287,0.00132435047627254,0.0045649325106353,0.00479241659436599,0.00480026929407861,"Birmingham, AL"
36420,0.00473267391841305,0.00539448135142546,0.00505323565046632,0.0059285624171463,0.00483539988815562,0.00473152722749365,0.00230103104371362,0.0040319348427684,0.00353428328916642,0.00588034985897985,0.00435267942144716,0.00562589821245747,0.0061517841651755004,0.00333824460681134,0.00816097689657694,0.00475637743118035,0.01262122048475604,0.00310354659278377,0.00483766397543741,0.00784783330325519,0.00314076170620111,0.0040165243352175,0.00246694061706892,0.00573691050404496,0.00587608134940851,0.0082304520862217009,0.00453373482750801,0.00313154781859689,0.004982115340892,0.00258925054378006,0.0059330747710637,0.00387107479051714,0.00528533618696201,0.00480175756983193,0.00496767258732036,0.00414954675439118,0.00458065561227287,0.00484827218243111,0.00715367872402855,0.00593758958428019,0.00794247110889569,0.00583748694823533,0.00514207030426716,0.00647957217471109,0.00545016961609039,0.00534546107640762,0.00536990676433703,"Oklahoma City, OK"
40060,0.00458413727706874,0.00412632305291449,0.00374351036892326,0.00402840439412964,0.00449254511527979,0.00400319653552944,0.00184841538638285,0.00437165816598846,0.00327154185065179,0.0052077676420068,0.00483049260383446,0.00395331792745301,0.00344458304435145,0.00313469481990877,0.01071439347984457,0.00204380724457026,0.00375257179721751,0.00252514223887652,0.00419074067017167,0.00367118656158954,0.00293857040478259,0.00306529760295236,0.00394149348613816,0.00461667965449805,0.00469855743797072,0.00273387393351793,0.00217934599774186,0.0039072604547451,0.00438209360074055,0.00252137380759756,0.00581727165209211,0.00346068763166287,0.00363782915696049,0.00588591473004778,0.00421966682398774,0.00473781782302931,0.0043333108293477,0.00428149904610365,0.00292419016232588,0.0048911148888789,0.00762199338461035,0.00327424381097835,0.00711590871297049,0.00244351423330657,0.0039760751117683,0.00416595456529319,0.00430471461811594,"Richmond, VA"
33340,0.00445716929045449,0.00424222663504717,0.00420957031168255,0.00393807797767269,0.00445342056854872,0.0042816312095409,0.00464327200609688,0.00270702331633513,0.00718588678197254,0.00416962724392684,0.00617388068930898,0.00473145529161495,0.00362313247668982,0.00159226743740738,0.00248191096569103,0.00275522475890994,0.00227307368959916,0.00207477963427061,0.00324365109162662,0.00560458707047355,0.00562194466883562,0.00643981021098501,0.00573245580730266,0.0028875684696071,0.00344991745715384,0.00305897846127643,0.00485389341084108,0.00395094921070526,0.002870168381447,0.00180954534116738,0.00352284982284813,0.00283529017207732,0.00340574141355934,0.00227761707102343,0.00544085102926943,0.00426125144260631,0.00558618368330221,0.00283357358783581,0.00403797139744268,0.00326725856336616,0.00268660145104952,0.00311828443066119,0.00665258653189313,0.00406465508259866,0.00417230757898398,0.00423302078210555,0.00425922615926693,"Milwaukee-Waukesha, WI"
17820,0.00439853740365427,0.0033254507862767,0.0027185066739434,0.0033030488768755,0.00404877328085719,0.00256501820610546,0.00213790797019627,0.00187854032178455,0.00374051740065144,0.00299899403499649,0.00495927248497855,0.0041394897202752,0.0030513868417369,0.00743559960320164,0.00909820358012745,0.00293563690375107,0.00560956539446259,0.00246037419067611,0.00462087602379941,0.00170232208229701,0.00271215925846379,0.00206251017828944,0.00192106379335129,0.00302599987750113,0.00262644012609911,0.00368906922951412,0.00339081992806715,0.00485774592803061,0.00197669195745907,0.00441443200750805,0.00307542761916235,0.00459169929889531,0.00490327293466832,0.00205153352214652,0.00508632827466093,0.00375907932925331,0.00389220958838969,0.00303196102552582,0.0033627655732923,0.00389671783453493,0.00965920644034058,0.00184770368572146,0.00263697416829379,0.00531332935118678,0.00391574323407205,0.00378848868171232,0.00372271081744917,"Colorado Springs, CO"
25540,0.00414775864901042,0.00461547085272168,0.00463964408897327,0.00473180764502025,0.00427191776877439,0.00511766263730017,0.00163725629237336,0.00205707252168067,0.00184138283197276,0.00261585242483195,0.00250421968140119,0.00287723726471039,0.00194902413856786,0.00241383540737813,0.00200059535850751,0.00355220855848925,0.00190909523221662,0.00456654594701355,0.00405317004267853,0.00119597105986354,0.00318786158350914,0.00603246382759803,0.00813795874283507,0.00500772289364083,0.0040163085862403,0.00349713584296284,0.00146717120334998,0.0051243948010364,0.00161537534136374,0.00229089247450651,0.00504055273568536,0.0028787058908901,0.00332137970133475,0.00161007054681144,0.00347739883652294,0.00575902879478418,0.00430720288065828,0.00281866007595286,0.00408458199471323,0.00413686369305838,0.00278706636678047,0.00426214104049764,0.00628008777419228,0.00499683592229826,0.00415721454580163,0.00456960973652566,0.00445416220646703,"Hartford-West Hartford-East Hartford, CT"
16700,0.00411615469999311,0.00412970603715365,0.00423002507661387,0.00388222486678493,0.00428620467841932,0.00364948793334163,0.00290112068633935,0.0038250956656785,0.00361797279228372,0.00400613131987524,0.00460022694685876,0.00468522654576604,0.00376959492185024,0.00290865201026156,0.00538953533666276,0.00419804594517407,9.2062714219234e-4,0.00395400529389965,0.00458685056611646,0.0013981265689813,0.00269784468530018,0.00668632857858362,0.00143227017964641,0.00502697818670759,0.00376881178424102,0.003298875411747,0.00336261461021414,0.00258854228957736,0.00438618380719364,0.00388651873165513,0.00352008606425268,0.00446470470143326,0.00478547618623403,0.00457238316902894,0.00313589400144904,0.00438933157416554,0.00484172410001328,0.00304739248004969,0.00354443636415096,0.0031167808356793,0.00647778499801554,0.00153795002299114,0.00380670675267655,0.0024866018059707,0.00464966267438799,0.00400233136979153,0.00409865898736081,"Charleston-North Charleston, SC"
32820,0.004079352984724,0.00351903113237266,0.00314448663727407,0.00342858844382048,0.00341842038396062,0.00331735314985192,9.2072171456788e-4,0.0027622064574054,0.00229021707296051,0.00430804414178238,0.00274239989873347,0.0027855097844705,0.00345082516612618,0.00284485288431174,0.00386567457024466,0.00151446127727422,7.8001503232223e-4,0.00160183484757163,0.00273192801241251,0.0028849298038783,0.00429530085505222,0.00390162097620169,0.00314237069966643,0.00472976241281121,0.00297892151846938,0.00331092793421285,0.00388339374332602,0.00962375963131943,0.0017165564818697,0.00503659692308695,0.00220232159132952,0.00313467607440373,0.00324303015338648,0.0115659865327098,0.00400874607983161,0.00256400575033855,0.0036742995154665,0.0025573548021141,0.00391899080682079,0.00430899844369988,0.00352774170282105,0.00301334666079547,0.0072758002237329,0.00219106744750871,0.00277791999261742,0.00339558710971599,0.00344159375503099,"Memphis, TN-MS-AR"
38860,0.0039140749019228,0.00291812337500877,0.00401814832999617,0.00259021790039625,0.00344818358550312,0.00259984654749809,0.00750244982523284,0.00237448598098978,0.00331002889045753,0.00227909195275828,0.00297244682114985,0.0039035775258976,0.00205308860378664,0.00454857029441849,0.00133068039371582,0.00323791337701248,7.8001503232223e-4,0.00312357639192517,0.00384255949606274,0.0050790054253864,0.00282711565826584,0.00377147267279506,9.304818677683e-4,0.00429586891267113,0.00299948862752958,0.00213750725626094,0.00146999373021637,0.00161388465021524,0.00144810669596752,0.00236976953769006,0.00370575286643362,0.00234982341779188,0.00307126625599176,0.00773507282296786,0.00336764590375128,0.00272630647527875,0.00366358259482309,0.00350283529162168,0.0029170705770264,0.0030012978822432,0.00219669738166,0.00200477912141044,0.00280934706393462,0.00178612897835245,0.00376369656120609,0.003146912383167,0.00309506288664157,"Portland-South Portland, ME"
17900,0.00375517900433313,0.00392177208522733,0.00371326973251743,0.00502348494968646,0.00431775463033585,0.0037985027675271,0.00430950984915669,0.00274970864751382,0.00218370222903399,0.00350504516609038,0.00273772080825729,0.00412766118897919,0.00571621668058002,0.0081508060008208,0.00645829676121432,0.00414050183468592,0.00540041475148653,0.00436777872806886,0.00416944412576801,0.00277100299231958,0.00490435386051257,0.00405448196339602,0.00485548999048651,0.00432042547126686,0.00631667687696652,0.00436954513190485,0.00363944983165571,0.00420655753961202,0.00213600363962653,0.00318020260974428,0.00414631739903796,0.00201921375844284,0.00244171888311294,0.00480264110507412,0.00392216400338227,0.00444832129397309,0.00406179049834173,0.00590552842694372,0.00627997042433999,0.00622393582482326,0.00846605553022586,0.0028549529778801,0.00722529498508334,0.00292791867473554,0.00421979888130225,0.0045165424908486,0.00458438476584629,"Columbia, SC"
31140,0.0037381286188364,0.00357785155287776,0.0030406608967297,0.00326853199699694,0.00343629617297317,0.00340583102838668,0.00375731030296543,0.00295229573882596,0.0051088908820447,0.00389592778654378,0.00286001778866992,0.00267482532291996,0.00295000569470237,0.00294498822203494,0.00271134351923661,0.00252207213015163,0.00112402758560205,0.00264077890541411,0.00348272860518755,0.00338251808669351,0.00290911346861945,0.00471941149977067,0.00284694386592753,0.00367885404856962,0.00270643803971232,0.0033348612687362,0.0032959283451158,0.0058280213278914,0.0024453610951867,0.00374641175925229,0.00321577697026798,0.00316362485498307,0.00298529672583794,0.01020682813389732,0.00354736108788972,0.00284159349017691,0.00388412221377487,0.0023057869221851,0.00278023980628862,0.00385931090539551,0.00222311084605209,0.00494497541522539,0.00353595774154744,0.0015703268123142,0.00373917163370251,0.00338490114372256,0.00336039709229444,"Louisville/Jefferson County, KY-IN"
35380,0.00359104618544254,0.00393328543538131,0.00343288976145811,0.00317181383944043,0.00357029006678627,0.00315913727134786,0.00820079672337532,0.00249016773189942,0.00232492365538743,0.00346213466759017,0.00335915960489523,0.00314633609134789,0.0037505004350715,0.00325887238447613,0.00403721361580694,0.00305091618185092,0.00637871032875906,0.00368260341580259,0.00470427476254612,0.00268488691528613,0.0032539425762094,0.00177005237177267,7.3024682944452e-4,0.00329228806293423,0.00316004805368128,0.00315045634116122,0.00316856739305611,0.00332082837440665,0.00148011338115146,0.00297961039508994,0.00293180643295778,0.00239495481950815,0.00290242270193481,0.00827846482218381,0.00281536652971886,0.00425825207553256,0.00383827609576031,0.00295642612965342,0.00364656050189923,0.00512544411379879,0.00288255466999094,0.00416536063468517,0.00448426431518828,0.00312968502455432,0.00313675442235664,0.00320464776670776,0.00337597037524824,"New Orleans-Metairie, LA"
19380,0.00357826954886445,0.00340949782327705,0.00335466643124226,0.00346719491497748,0.00379472846424667,0.00306340346625409,0.00252297220157199,0.00432057672461182,0.00443700612512483,0.0029703520267335,0.00318975530677792,0.00331577051793867,0.00499790566706538,0.00644922910836433,0.00541122216383382,0.00146203249165569,0.00617341642121564,0.00406908220847528,0.00368002557478053,0.00289067166526137,0.0027436485793864,0.00441946004437427,0.00379981742946898,0.00244984270736801,0.00425662455479855,0.00363113448607016,0.00317310570381823,0.00503778920338756,0.00114985621237413,0.00355417074267618,0.0026148880893429,0.00442015324310123,0.0032901764755911,0.010486091283622,0.00372134789107079,0.00352483065260533,0.00394054025148234,0.00302445998835605,0.00354583309104193,0.00335617174996537,0.00499448889033986,0.00268057488696466,0.00513410911132093,0.00231534494809478,0.00385984983869964,0.00372742109492349,0.00361246210664806,NA
24340,0.00350863279555905,0.00303281094185721,0.00319560573570457,0.00354791199228116,0.00367210664763104,0.00320436044094806,0.0063873804210038,0.00466991840566307,0.00532937031861422,0.00559886568222723,0.00430552656795478,0.00344632920111497,0.00304744556639807,0.00491851194476116,0.00143500531238309,0.0033341922015112,0.00350644645969814,0.00274422006010219,0.00270350235828378,0.00490640266895889,0.00239399324619462,0.00508546009150283,0.00215546941715563,0.00339241111218481,0.0046548565923321,0.00339402257071965,0.00275825465428982,0.00343881542757245,0.00192788915534207,0.00286218522741599,0.00347741900307639,0.00246791279905086,0.00377085691870471,0.00737412604807355,0.00436813531310225,0.00391089630586073,0.00376599085859698,0.00243955481007429,0.00340029002582889,0.0035816317770693,0.0014270832440443,0.00174404795911162,0.00329154190451701,0.00275833502190784,0.00396669725095392,0.00355599532851872,0.00357047719834119,"Grand Rapids-Wyoming-Kentwood, MI"
36540,0.00345987949337584,0.00321639609589681,0.00336782171116349,0.0028852114063159,0.00351565649498915,0.00295793348529866,0.00210830775191569,0.0040325124805909,0.00395567529630472,0.00293303000228137,0.00402972120612359,0.00397312550077409,0.00350931739939672,0.00537394454751202,0.00459734077383042,0.00219318441223115,0.01439458152643041,0.00242369939028858,0.00332958900799813,0.00514901875869133,0.00442131015478322,0.00186002275412996,0.00168523618295193,0.00278624221981963,0.00261232630051735,0.00308107724508608,0.00382024067186516,0.00352924822034921,0.00219055525388397,0.00340147288088332,0.00360778873053164,0.00374582318756581,0.0033328354694767,0.0013019569403104,0.0031173832358896,0.003483767195948,0.00346490784527938,0.00430896223570372,0.00273180202496796,0.00251616236901957,0.00282946405470396,0.00156716090906288,0.00260440799693172,0.00254768332460255,0.00374236078319718,0.00329363025838065,0.00325187315086071,"Omaha, NE-IA"
23420,0.00343948636403765,0.00335295944568282,0.00302543060714453,0.00333288060260013,0.00332342612167598,0.00321489931622411,0.00770783221328673,0.00320269174157004,0.00286614372797896,0.00322638411115042,0.00263904143406777,0.00517590981286425,0.0032180170474766,0.00201220235974096,0.00488850629487812,0.00527622382865533,0.00352193591550969,0.00299203751433305,0.00231869941195284,0.00499577695755872,0.00229272419194075,0.00299818940227742,0.00215914581259044,0.00291101024748083,0.00294811420931968,0.00358218118081559,0.00331603291686849,0.00346515732308794,0.0056173849844294,0.0025028863439667,0.00257792212309372,0.00192737963970711,0.0027648338000057,0.00588591473004778,0.00352331093878921,0.00507818578124332,0.00343811941107886,0.00228776474015141,0.00320828015758067,0.0039873162238129,0.00354224359933309,0.00490183160751834,0.00228264583149639,0.00517447089639592,0.00259451211619236,0.00324687660002383,0.00329151794192191,"Fresno, CA"
14260,0.00339703216590107,0.00375068850158658,0.00514740312591682,0.00364696494280437,0.00360260776825255,0.00360199357824567,0.00631484019729689,0.00564182566598075,0.00295551257103183,0.00366579457069152,0.00334134468845718,0.0038730392722268,0.00458483332964275,0.00587046879302311,0.00204940250581905,0.00476490937391751,0.00363034049423162,0.00523639125977647,0.00383214763904014,0.00381025765361477,0.00403825076020917,0.00407177613038863,0.00118214802187443,0.00365806207956792,0.00350087015399817,0.0032707430768449,0.00334477848084082,0.0038111340588211,0.00144048089153325,0.00719936518943382,0.00327965206598803,0.00319449161309419,0.00416725037363072,8.8331225872585e-4,0.00336966023558851,0.00307374844341291,0.00408316919134761,0.0038284609332271,0.0027325802698768,0.00364954872341351,0.00318732163700051,0.00260885644345121,0.00107054760497879,0.00344008485788049,0.00441163759094704,0.00358669207472166,0.00362155031164781,"Boise City, ID"
35840,0.00337679601120866,0.00529295823336313,0.01029903696021306,0.00391106223565161,0.00463922249938689,0.00543999294450818,0.00516657188534078,0.00808730959533659,0.00188881923734719,0.00433774812939652,0.00470351492823885,0.00392836931480149,0.00350747384614025,0.00491098459827131,0.00211266248445521,0.00180255297063624,7.8001503232223e-4,0.00378740827319303,0.00592156363694648,0.00376502909726561,0.00362197033226681,0.00309271331299497,0.00623047835586702,0.00330723003269761,0.00347882387322259,0.00341150540384308,0.00435345077550332,0.00306700177847453,0.008949329887197,0.00378890050080715,0.00441021307037627,0.00858605280954291,0.00447863660068766,0.00921973803338552,0.00444602115641093,0.00331278018559041,0.00449585345563539,0.00378176130465444,0.00354820139734272,0.00357204334494908,0.00277362186505699,0.00403480772798451,0.00279057212482421,0.00328047628518847,0.00511918899560893,0.00410493519901922,0.00429475797046325,"North Port-Bradenton-Sarasota, FL"
10740,0.00336570394192282,0.00350860879288973,0.00350350432972597,0.00321508055761229,0.00343047962742895,0.0031574652523993,0.00164183226182266,0.00316683962734354,0.00242839614045524,0.00395991909525895,0.00319544543030172,0.00315273876142168,0.00291356198523874,0.00294971285837928,0.00240465414041903,0.00315786465204455,0.00503397854788193,0.00306694906571688,0.0032019042878537,0.00121650513407677,0.0029036422002086,0.00231832616992468,7.4290335261602e-4,0.00404087667506116,0.00242967207635328,0.00310146774189043,0.00116298845006517,0.00462330996843288,0.00617556077582762,0.00358971096185135,0.00327822750742368,0.0018804768896408,0.00401796486524922,0.01340082509776637,0.00378906384584038,0.00430729066745727,0.00354693487313928,0.00395214143880059,0.00398861895404941,0.00428509540439458,0.00381355575956473,0.00135761889280088,0.00174432347759852,0.0063217059405235,0.0026252338707584,0.00325547512987649,0.0033191718292659,"Albuquerque, NM"
24660,0.00322790181711448,0.00383960090130624,0.00393194418361091,0.00426647171298775,0.00348404755909397,0.00447542905850566,0.00174906421630757,0.0018179406963911,0.00542122880623778,0.00367831403252671,0.00208224050597359,0.00303143050166148,0.00541827037254164,0.00222013848688543,0.00447051251671675,0.00627466843310159,7.8001503232223e-4,0.00247620183716147,0.00204308451956472,0.00597827955676565,0.00528742631339221,0.00404356219024189,0.00526615439348309,0.00402480093822126,0.00327851217284872,0.00525417467944906,0.00405749137390278,0.00883495482181768,0.00660411795340182,0.00239101724566525,0.00453021128189027,0.00435579277262453,0.00251109430179775,0.0044655446068493,0.00223120423802182,0.00391780053814593,0.00435879837766594,0.00347473566863351,0.00444369942157333,0.00305761929063542,0.00217019079696753,0.00353837101630123,0.00666045039848884,0.00222482424293733,0.00341832981033415,0.00383193142537617,0.00381176442322062,"Greensboro-High Point, NC"
48620,0.003207995822072,0.00285645043028666,0.0031920052267909,0.00329649117771092,0.00276646960802115,0.00303049398533574,0.011325077307861149,0.00394413155236274,0.00206876859301481,0.00201068585149028,0.00260646298859371,0.0037812740636867,0.00215224591264597,0.0024536026884727,0.00165001641814894,0.00212359910723892,0.00216408588647419,0.00135209618757677,0.00253593143364138,0.00225985753347293,0.00295506908261756,0.00505793098281053,0.00169907889719582,0.00431481805951921,0.00329257903947916,0.0029394452286266,0.003212621094708,0.00308467973520063,0.0028265129089426,0.00146665345013829,0.00189378338356387,0.00291587089896717,0.00209919319194306,0.00793966187510298,0.00365773338309472,0.00282395389687127,0.00347932962911308,0.0033038788321094,0.00340405008353795,0.00344990817875444,0.00270214563671246,0.00124289157642896,0.00267418490737512,0.00337225017947575,0.00311614876786399,0.00298741666182686,0.00297719447216906,"Wichita, KS"
40380,0.00320784859743894,0.00252639569879822,0.00297008576093048,0.00309974932340931,0.00339571466064929,0.00332539360001151,0.00322830733440476,0.00281634217927681,0.00342841855289544,0.00418485564192475,0.00270424864991325,0.00515343819757966,0.00378830796178498,0.0037071723016148,0.00268305998955955,0.00218848731051906,0.00135837612171773,0.00163789540300526,0.00278858398838869,0.00340419072645146,0.00308371535093852,0.00243717829643898,0.00182948164143751,0.00172350938093251,0.00380446242417464,0.00271213022313332,0.00182800006913855,0.00177353651248578,0.00140172576083058,0.00223473107275618,0.00169745169058532,0.00339007216873996,0.00289275910349529,0.00357259974084005,0.00338897372569285,0.00443174763485393,0.00337330246748396,0.00379873973971839,0.00336053942412895,0.00321821215257899,0.0020983870133567,0.00568357361361203,0.00337919212262647,0.00257520599637884,0.00364250931011735,0.0033599589090454,0.00326888539330764,"Rochester, NY"
16860,0.00315660330571594,0.00328688293012072,0.00384309601699283,0.00291346193714077,0.00333465541789758,0.00284127409582586,9.361104003815e-4,0.00331400101666612,0.00259782341754949,0.00494714222250643,0.00304602010886276,0.00354065387019543,0.00279389004572842,0.00374530876514534,0.002308648374672,0.00175112543491053,0.00613105825033741,0.00351946095614924,0.0026218608779894,0.00458845335010694,0.0050674291909881,0.00371465014576593,0.00609810564524112,0.00224905237269496,0.00214776558596707,0.00312239902918597,0.00375510178149449,0.00287644659251193,0.00273504210665635,0.00225057802318468,0.00576592212745914,0.00202616571966136,0.00419494924041264,0.0010886449452275,0.00279626100583536,0.00323214782013706,0.00354203287352594,0.00323242077587154,0.00271599340978456,0.00230991767718216,0.00204535991512839,0.0023146394340745,0.0034061776271825,0.00234641845630278,0.00343746640990194,0.00310423555112231,0.00312783138112082,"Chattanooga, TN-GA"
35300,0.00314229334528405,0.0036584753182325,0.00436656426703051,0.00358971243280826,0.00332661694747616,0.0041105131143616,0.00141499597243828,0.00162354241173411,0.00200421345003258,0.00198180202836241,0.00227899864556113,0.00258488634546189,0.0016358349042877,0.00218240230573587,0.0012140170264375,9.4605385771295e-4,7.8001503232223e-4,0.00126182031293855,0.00346345157595304,0.00324444312528219,0.00277769545882223,0.00390051571953355,0.00312438998161692,0.00236546015718505,0.00369076311825998,0.00424600790359832,0.00203195185369358,0.00196626479450507,0.00101385361141821,0.00402226809195782,0.00258042808634537,0.00283499390478529,0.00260989764962148,0.00158244426808446,0.00340693105061895,0.00391211104868361,0.00367818472524549,0.00244070308363689,0.00341027219945338,0.00339076779504294,0.00188479830042002,0.00335484766189942,0.00439109193411915,0.00424614885675724,0.00313862223565451,0.00346844432103196,0.00345183745280613,"New Haven, CT"
45780,0.00310199558231049,0.00320848258870752,0.00289714663248865,0.00355824854515727,0.00335549659828802,0.0031633417911653,9.6192998476682e-4,0.00189402136084697,0.00219080662884788,0.00196272125376748,0.00180377681353951,0.00177201764512673,0.00166439068312431,0.0011995645876331,0.00135912252669321,0.00538257424319876,0.00386556554016341,0.00164570945068091,0.00235362339080149,0.00237861423872273,0.00463465566020247,0.00470687501320776,0.00170662149723697,0.00306953158571787,0.00357941528691252,0.00460312504181276,0.00324826226993195,0.00500113310224855,0.00320872298693312,0.00283974462932997,0.00180253332731791,0.00462385862669412,0.00217280785413176,0.00173970628081747,0.00426915338379052,0.00313420977194719,0.00339329991152562,0.00305237749745743,0.00445086054044841,0.00338305609763442,0.00153718345233043,0.00649947724021785,0.00427665293155905,0.00315726717883882,0.0035276366495239,0.00343162735994891,0.00340230139769756,"Toledo, OH"
46520,0.00307810338752166,0.00279526068442951,0.00292013172989563,0.00271077985577353,0.00306344506281682,0.00278514455053421,0.0016798211541087,0.00210369756326531,0.00180779179053526,0.00252193446744149,0.00281683242187193,0.00296718629619789,0.00295619901110882,0.0034290345764841,0.01192278889570353,0.00228244510056537,7.8001503232223e-4,0.00361301171568217,0.0021746990532132,0.00113420350028078,7.7681971356235e-4,0.00137831605093131,0.0010081170473035,0.00157238895279938,0.00279980011844838,0.00209212270762986,0.00439050237643667,0.00138213890113377,0.00364127142253602,0.00226345711515833,0.00247845546394504,0.00224733780094114,0.0020169695028488,0.00728527761117649,0.00227060461570754,0.00249063094395611,0.00254538486603022,0.00265918886630927,0.00252288277034793,0.00218014792200244,0.01184531658467143,0.00232651924346127,0.00147638075725783,0.00209534023692147,0.0020368412410332,0.00297497666928965,0.00291000972173124,"Urban Honolulu, HI"
10580,0.0030734324021673,0.00258373526264999,0.00289582860575094,0.0028478746656726,0.00296090015903787,0.00262217042860755,0.00105995676944026,0.00230785814417637,0.00357418765378536,0.00229654560936153,0.0028179247831529,0.00385517701448423,0.00243042434517104,0.00395030732338463,0.00335585578045857,0.00256192814474712,0.00134916695548292,0.00319022247950352,0.00234176086909629,0.00273770073020681,0.00471817714016786,0.00248924735987978,0.00493199379857877,0.00321837439357382,0.00338750208180295,0.00202250297775338,0.00428953276050968,0.00292450243524439,0.00161796059026593,0.00311232785472629,0.00281912233526732,0.00289772194318297,0.00258865816282809,0.00204444083156398,0.00312069154492245,0.00290782291022876,0.00302526148444915,0.00276325690404375,0.00350576140526695,0.0033691955248062,0.00303000318794123,0.00235856278262793,0.00222256201232731,0.00167612514770897,0.00340828541820251,0.0029119286969398,0.00289808509159051,"Albany-Schenectady-Troy, NY"
28940,0.00302456572525145,0.00394355546229716,0.00365902337492793,0.00354094593092484,0.00361728337303893,0.00376676158061081,0.00196926521896817,0.00537574161186112,0.00235997294845108,0.00318824319950266,0.00312891139667804,0.00320944333923044,0.00346737910404717,0.00359640434272403,0.00289673749330752,0.00281847222936315,0.00246951366327396,0.00342742221134943,0.00391537269518356,0.00319142282737136,0.00499252487460732,0.00395174808180138,0.00685726369646774,0.00385300096088153,0.00374266389568916,0.00386061108949386,0.00265576396647377,0.00389026372457665,0.00194102329285401,0.0026300129076057,0.00432607053695345,0.00352151250718296,0.00343229916777673,0.00354028925993126,0.00259973965685888,0.00403191813545872,0.0037332626584132,0.0028502635761786,0.0038659911049255,0.00359754182837789,0.00207858866015287,0.00210347183873255,0.0020139675243987,0.00268939613551398,0.00453624761188674,0.00356238553981211,0.00359553090658115,"Knoxville, TN"
44060,0.00296782074632399,0.00285845384379071,0.00274154715647012,0.00321739182539171,0.00292405131362048,0.00265321127216112,0.00211181768831589,0.00293128438308806,0.00359158691005646,0.00385922683141183,0.00234612092645012,0.00313708816179654,0.00300317417945728,0.00395028255491328,0.00200495398651804,0.00433564909193167,0.00146289997094513,0.00481861899276063,0.00382110820695066,0.00213578704408607,0.00275221343404632,0.00240522535065863,0.00278473306626212,0.00439505716523742,0.00297982501928681,0.00318908955078024,0.00254720497203589,0.00299378580561869,0.00402615896175858,0.00256505823216645,0.00415676178806193,0.00331153145671298,0.0028481448320583,0.00535838430292289,0.00315859108726171,0.00243353773797258,0.00369410417599828,0.00360958160935353,0.00414083639533094,0.00408756845706034,0.00315572967011753,0.00217859189593996,0.00160380204186952,0.00188813763963475,0.00359036901411505,0.00314670402889553,0.00304015551811054,"Spokane-Spokane Valley, WA"
29460,0.00290514105839816,0.00420699757720229,0.00398350173866956,0.00379714768538768,0.00299971554835549,0.00414589231175069,0.00233457713581163,0.00324206055870114,0.00271970420659244,0.00257025620404275,0.00313441569137825,0.00309428576728522,0.00419183726013951,0.00375339180686224,0.00196280313930366,0.00530221044418665,0.00104568374908634,0.00468140112399162,0.00322511274097153,0.0025505607743287,0.00193599544935545,0.00160754502492764,0.00248448135980871,0.00401576909834269,0.00419270658132026,0.00368231743711051,0.0056254227684828,0.00340094036750552,0.00161947530757274,0.00228355489997581,0.00236659853066648,0.0027066912099918,0.00413078915886722,0.00697060200361668,0.00296760101972924,0.00337008469379645,0.00291798101656257,0.0033428200614043,0.00368415247442957,0.00308315827446914,0.00208498183845657,0.00643098347575159,0.00343709775943151,0.00416146414865094,0.00329393733421644,0.0032476004764824,0.00339452342704408,"Lakeland-Winter Haven, FL"
15980,0.00290323927518424,0.00443249926941912,0.00637887084244252,0.00375983358975972,0.00343139018598958,0.00448703845645586,0.00424754693287759,0.00315460777802622,0.00196790808206885,0.00262419777473014,0.00317627121706672,0.00219354078092777,0.00255744453126407,0.00228284956907232,0.00301204850434098,0.00221963025460355,8.9176005376704e-4,0.00276007342090998,0.00594159046406567,0.00195983733562356,0.00158230710680177,0.00151137858199324,0.01274712955503404,0.00282819551631971,0.00463128118342448,0.00271527866791513,0.00252359144270467,0.00322269042657698,0.00681098307137452,0.0040507938635787,0.00380836611450627,0.00609181063313734,0.00425728450882443,0.00133836897116322,0.00556765849047249,0.00317351961894308,0.0037304016736125,0.0031935520866045,0.0035791947334055,0.00421569246751457,0.00264189234938888,0.00183408816754852,0.00251632318595678,0.00474175595032326,0.00385859357884368,0.00323266856058575,0.00356842777294589,"Cape Coral-Fort Myers, FL"
39340,0.00283822366557622,0.00228831522423485,0.00164226249654689,0.00292911361442607,0.00378518025698818,0.00224425035637768,0.00184396079510614,0.00321043645287933,0.00296496027479995,0.00297317475307224,0.00318960764551813,0.00551769552020717,0.00300248067070564,0.00365670170352336,0.00187907483697419,0.00376304820224651,0.00211516382902246,0.00196403916678198,0.00421990112008537,0.00362476966814125,0.003823542721764,0.00245824226316874,0.00136820629002512,0.00261088525077222,0.00425241542655848,0.00465550751511753,0.00259481402076369,0.00289196593682756,0.0130417097762083,0.00433676233372259,0.00329781530916938,0.00362368836239823,0.00295599116438202,0.002509308782903,0.00491788332279351,0.0050329596526318,0.00332675048720068,0.00315340541497702,0.0033711749641672,0.00396512319759596,0.00177914304040889,0.00207097522919754,0.00176450471642218,0.0033316352371981,0.00401265062778833,0.00356755909490212,0.00339520313537876,"Provo-Orem-Lehi, UT"
27140,0.00277890225376517,0.00232244344861053,0.0023444606764325,0.00254329126346423,0.0023423508395093,0.00313067980018003,0.00516657188534078,0.0034530711400419002,0.00276431197270501,0.00195456856301103,0.00197929457571894,0.00271416070618127,0.0023101280456682,0.00306772528695447,0.00188136316271285,0.00117878296628861,0.00787867841925237,0.00340157987413537,0.00232225596373179,0.00321442505989954,0.00210031416717197,0.0040601929130877,0.00180963881703063,0.00143407320600283,0.00237093022991765,0.00189489873767199,0.00194227505723073,0.00203463405532745,0.00129685321477738,0.00197931846821249,0.00198576916380723,0.00148569046944787,0.00157557118070948,0.00112882392611525,0.00212051111371788,0.00204968794469788,0.00296980751469066,0.00141935771319448,0.0023219395717892,0.00176629438308299,0.00237141076146309,0.00187514421185306,0.00430004651420234,0.00220517912720876,0.00210036147401126,0.00245353887348802,0.00244262897745539,"Jackson, MS"
12940,0.00276713474416556,0.00294105942058074,0.00239014047275356,0.00342125066483829,0.00266152576119596,0.00336111381114676,7.7587234296676e-4,0.00285171121889175,0.00252489190956656,0.00248081768071087,0.00282237391074742,0.00352564785316167,0.00365601905543486,0.00331793375625606,0.00251861458616103,0.00115647502257437,0.00471050604441631,0.00337274390243085,0.00341538970511722,0.00154870570300156,0.00428807719964754,0.00223142322568927,0.00248467412666055,0.00304176668741057,0.00214790254611057,0.00406504548392756,0.00281514640210453,0.00215362804936245,0.00471717402397408,0.00366624391897149,0.00217764882945352,0.00471901147657864,0.00272551550689414,8.8331225872585e-4,0.00220217177775118,0.00301590380385645,0.00278339166575091,0.00271194033800293,0.00365227086834497,0.00352659444988185,0.00256781920348074,0.00282856631368134,0.00517230082053192,0.00165117451883568,0.00275273215845754,0.00290689784603536,0.00298243568559755,"Baton Rouge, LA"
43900,0.0027628472807712,0.00260430612273045,0.00185663489760871,0.00260208076434799,0.00226355736779685,0.00203250561880501,7.7587234296676e-4,0.0017020223627968,0.00510866135552449,0.00216028433883912,0.00152995325825229,0.0020488367284211,0.00306974418288596,0.00415474962372458,0.00149571940958048,0.0041314875960569,0.00555006761001915,0.00350625417827603,0.00238946902616162,0.00479601690387778,0.00391431396313596,0.00405767155662174,0.00839490157955722,0.00381815800993492,0.00240000416742376,0.00196639084571586,0.00283289545249493,0.00259211614494616,0.00845992943485255,0.00172556669496591,0.00274789327154908,0.00161775507177556,0.00102673811451756,0.00965513738121382,0.00272800722574716,0.00282568381185101,0.00285755018836134,0.00235337425031889,0.00200016572258081,0.00231101220674022,0.00130404138865535,0.00194419289210507,0.00348115456896058,0.00154563339297723,0.00237473302244345,0.00238661880787964,0.00241682428436426,"Spartanburg, SC"
14860,0.00275788220051981,0.00271648807527058,0.0022371835092994,0.00234819028884099,0.00257722039851289,0.00247113258638897,0.00175435692229085,0.00229247558146072,0.00139513835271228,0.00211246089768423,0.00280782409388475,0.00226971917630075,0.00187018889647616,0.00216578459303334,0.00116540499104462,0.00230092165408879,0.00113972565514275,0.00160582384908618,0.00398884424054523,0.00166269037802797,0.00276659535613141,0.0029744247084813,0.00685931667319365,0.00278039088836275,0.00276927480626299,0.00160484441392404,0.00185534341220649,0.00195541132762294,0.00239153582976369,0.00263600814735848,0.00423096810280168,0.00325198257761338,0.00261050668465104,0.00224218945334463,0.00284325579421111,0.00217985471186865,0.00223292894714628,0.00203347293977927,0.00199330968259108,0.00257379013977868,0.00138575615383614,0.00363881195705093,0.00232907391155505,0.00353710404038871,0.0022909863610368,0.00244211253874414,0.00245219745464288,"Bridgeport-Stamford-Danbury, CT"
15380,0.00274000613994684,0.0024302198621327,0.00294188834459062,0.00272303501600033,0.00269091402645907,0.00271250533771391,0.00226864017203237,0.00261921596759163,0.00427091167067072,0.00282228309325415,0.00207714378732843,0.00344147242782071,0.00324793624870457,0.00388291842783178,0.00263452590495407,0.00173230084181117,0.00840438017873016,0.00559557377907934,0.00209322137763434,0.00288250378800356,0.00246648690621136,0.00199255553771823,0.00648718598144666,0.0017623723782416,0.00348190602489649,0.00283033506000368,0.0026304693676769,0.00246895954090754,7.8722594366251e-4,0.00264515236482783,0.002988670540118,0.00182322558167916,0.00246502468575682,8.8331225872585e-4,0.00371539381938035,0.00277991885164561,0.00291374538974981,0.00332892613796853,0.00288468736956047,0.00230804873456586,0.00178896042308897,0.00153779001235131,0.00298309166827737,0.00183114605035308,0.00306752025790848,0.00281694341444245,0.00270949850622224,"Buffalo-Cheektowaga, NY"
37340,0.00270240614412158,0.00330429363216429,0.00420219322736764,0.002680744944446,0.00279935183572367,0.00313240349851543,0.00190224958445495,0.00334134861599478,0.00346266999759719,0.00332857299114865,0.0023991840756744302,0.00353677902408265,0.0024260390855154,0.00313095987773495,0.00164087877082231,0.00180211583265185,8.4408214750794e-4,0.00571739662574478,0.00389427631230281,8.4132877745735e-4,0.00131392904230776,0.00373187646064463,0.00169163664470452,0.0022482297127022,0.00240148931086098,0.00287642435671549,0.00288351443056933,0.00189171635271277,0.00343042051137895,0.00207931221753757,0.00274556286410643,0.00418114977589767,0.00336405109778496,0.00643672990347835,0.00221348954079247,0.00206532484039092,0.00276337550336022,0.00165646710706658,0.00234257565404428,0.00228517647428833,0.0022469526555918,0.00424332300955621,0.00233658743847784,0.00260900557002952,0.00300689361734449,0.0025468945843055,0.0027346664441926,"Palm Bay-Melbourne-Titusville, FL"
25420,0.00269170687439615,0.00275013807557003,0.0027623479058412,0.00270866280691281,0.00274195340564218,0.00237526843504093,0.00177178912011367,0.00186953474526767,0.0025204835854877,0.00204871609063516,0.00299564694800821,0.00388314251928289,0.00243277430519885,0.00112943310729032,0.00256933501804193,0.00135936877155672,0.00101526668107533,0.00253552051412401,0.00276953990200715,0.00551027982537059,0.00190683767500334,0.00202989542509929,0.00144858576488011,0.00221722097221346,0.00264774935534736,0.00329164688801701,0.00253991248785695,0.00382946807374053,0.0030712983365904,0.00200176073304975,0.00557892428385635,0.00441678829527722,0.00253544157666709,0.00588591473004778,0.00361355105990416,0.00229017517497722,0.00350853344779234,0.00211739960457039,0.00244468982669266,0.00258675033637697,0.00207445862045636,0.00411112528246142,0.00302047412445506,0.00151308814063422,0.00277895764767705,0.00281908830433592,0.00272195175241157,"Harrisburg-Carlisle, PA"
10420,0.00268947806248245,0.0029271240940882,0.00255372334514789,0.00302137131242115,0.00280230604195802,0.00246545197771256,0.00682870920471153,0.00276502224148224,0.00289035761962134,0.00257452193336879,0.00241005257509943,0.00300722509349741,0.00600315096250581,0.0038921986488093,0.00205661479027723,0.00143780854561705,0.00117704028744571,0.00220626365883375,0.0031834618496563,0.00460696279800184,0.00543693248187487,0.00331934410640622,0.00423213194480054,0.00203154554790679,0.00303270404893519,0.00432591103932348,0.00228467862679823,0.00211306508855329,0.00449720834175032,0.00202623177589313,0.0030486452509299,0.00198422840583318,0.00239716600648829,0.00120074399112272,0.00258355744784279,0.00276556424450528,0.00289745677460256,0.00229177867585541,0.00388005463141946,0.00244507686381765,0.00168073583312718,0.01052129209220886,0.00306751977806131,0.00126865227349725,0.00315937472827417,0.00284539635498393,0.00287437557984175,"Akron, OH"
21340,0.0026852699914207,0.00258459662838204,0.00288378679668266,0.00285501539411098,0.00248443158115929,0.00285927829353334,0.00100697355737075,0.00242186507924653,0.00183172838013158,0.00264818842728682,0.00272515613631002,0.00247830740617226,0.00313367410506259,0.0027396137885186,0.00553236632255244,0.00115347178134479,0.00437322858634569,0.00124128995696291,0.00228090962266704,0.00184766602474892,0.00216514908884549,0.00139703030693251,0.00285557926086824,0.00263153620905902,0.00278646798021264,0.00181002476568831,0.00395096757473031,0.00333534197476417,0.0014866428632925,0.00191566562857152,0.00320912540889364,0.00368174677592138,0.00198455935002642,0.00159834533358962,0.00363011001304918,0.00216221068858402,0.00254396482061845,0.00298224135741475,0.00219078153464987,0.00252589702100659,0.00622344986071388,0.00251146860976517,0.00180231192111327,0.00704523987993518,0.00133996914582337,0.00266578223853971,0.00266295524383497,"El Paso, TX"
37860,0.00265148444638049,0.0032812047634398,0.00284725744643519,0.00328345650678754,0.00274004897039527,0.00268317895299181,0.0056981498772729,0.00414522991845184,0.00173328764254892,0.00338312054529532,0.0033047405113195002,0.00240376759224573,0.00355429162847879,0.00293622250223542,0.00767375064367813,0.00118914381306991,0.00185099912926929,0.0048649203360326,0.00508338154323278,0.00147923929062886,0.00236323169579698,0.0012310135844025901,0.00127181219868633,0.00240531388765638,0.00352562590209027,0.00236012551719162,0.00259931590844244,0.00231966168365239,0.00146577820868209,0.00191356262189473,0.00361357309719708,0.0025856222986668,0.00257600870616792,0.00110213544386553,0.00335212439893403,0.00271370722952253,0.00261903497421222,0.00190216025916441,0.00282592729380637,0.00485593714204569,0.00743635101062963,0.00142644733422008,0.00342545168962875,0.00221646208866368,0.00317199512773767,0.00299832374768212,0.00300760356044332,"Pensacola-Ferry Pass-Brent, FL"
36260,0.00264611315670877,0.00217563272421488,0.00192551220928919,0.00234726034102496,0.00224134204479876,0.00192197056138084,0.00287400029656735,0.00416988351595744,0.00372401511136324,0.00208428100505792,0.00237772102993843,0.0023837613302662,0.00190322776042447,0.00211698911050253,0.00298351257271209,0.00153771672001943,0.00541128050663951,0.00294402961529218,0.00214701892790377,0.00297303477027971,0.0026349411949542,0.00320225526330859,0.00780410263086629,0.00325414885897544,0.00237450944307835,0.00217470641031924,0.00400425142187278,0.00243011909837556,0.00132771875105076,0.00163064785547074,0.00321918530726792,0.00230639297894944,0.00216667026962453,0.00108258413417103,0.00197941348183784,0.00229220355650499,0.00225972955957561,0.00225147986008954,0.00171752470630747,0.00191922885115334,0.00314809368718145,0.00922339549283848,0.00128126684551915,0.00223316149897914,0.00258913939033009,0.00224338208732757,0.00228657149712387,"Ogden, UT"
10900,0.00264438101735178,0.00256395848755398,0.00310131997851123,0.00273261245153758,0.00229292262086922,0.00245004606013722,0.00424417426015946,0.00302283982861854,0.00267182036925534,0.00249846088234292,0.00178689940279721,0.00287767184522302,0.00133755559203938,0.00171024981208952,0.00234771463247505,0.00207004319203176,0.00258886499410852,0.00110020833667303,0.00300974021183726,0.00287472127064142,0.00390712971014363,0.0027364431733829,0.00236532482116643,0.00341719786510107,0.00290014690993469,0.00212319134949577,0.00236533343898635,0.00600596504782184,0.00136642369876256,0.00343898824360894,0.00265225447343268,0.00259288438896168,0.00198347686863051,0.00270384583449796,0.00260645916924798,0.00221221396858556,0.00323030410987351,0.00209811134465261,0.0022404307022082,0.0024738131181539,0.0015597274791507,0.0022103477905674,0.00227630982269324,0.00332859072193788,0.00235773914436443,0.00255336828444218,0.00250937904663316,"Allentown-Bethlehem-Easton, PA-NJ"
19780,0.00261950874069071,0.00293921277677833,0.002791560467631,0.00241188772374332,0.0027531231093748,0.00228949162084161,0.00240205464844022,0.00416706607465321,0.00291240074113836,0.00243169168246354,0.00413002027024848,0.00226878559110438,0.00159268702565555,0.00471197540647106,0.00159131824043901,0.00277132071391165,0.00247798647758257,0.0026445812919686,0.00322105389772207,0.00275425047481175,0.00415951241045985,0.00210312941321927,0.00140729622028938,0.00427131975618689,0.00235195319750102,0.00178289319721516,0.0027417650965382,0.0024486078061604602,0.00104841396440971,0.00292482225233004,0.0049409546988908,0.00436062058374256,0.00312614405821128,0.0023560914428042,0.0021873482846602502,0.00264364465108415,0.00255696105764391,0.00207456753898744,0.00229904166380058,0.00272095586924554,0.00211944411408334,0.00135597691206149,0.00186168700462151,0.0029502607349177,0.00298569788302661,0.00267617105548488,0.00263046175246775,"Des Moines-West Des Moines, IA"
39900,0.00255453891901297,0.0024336024742241,0.00215096702850207,0.00242221246314354,0.00239354501002973,0.00207011207643164,8.2445319564148e-4,0.00297026487181489,0.00254096091598187,0.00240343643057648,0.00243042379987487,0.00188445938984339,0.0047195192125978,0.00214324382049786,0.00258910414839209,8.6482455202975e-4,0.00139108174620776,0.00265164947344383,0.002580782110584,0.00147935396954117,0.00191208211339591,0.00478282157485606,0.00307411293861928,0.00302682155411628,0.00235021279285633,0.00270736289410096,0.00231563740054403,0.00371272886165275,0.00388735027837182,0.00297930175677165,0.00352576926481576,0.00213770231852179,0.00227147589911557,0.00588591473004778,0.0028791588389746,0.0020593293542417,0.00221844160554273,0.0028111484900459802,0.00315483738608323,0.00293997995619258,0.00176366116702286,0.00212679145341561,0.00174337819561954,0.0030264567764673,0.0023880918159135,0.00250696699535161,0.00242282008983523,"Reno, NV"
11700,0.00254691005465662,0.00304861534565383,0.00435196679111777,0.00269388761107788,0.00282554286972044,0.00327996872912653,0.00719747217663466,0.00229955355848346,0.00347531443074326,0.00232445845063868,0.00200900761408802,0.00245549631333421,0.00293891876383854,0.00187341202250336,0.0013110487893726,0.00583190645824956,7.8001503232223e-4,0.00126101485752125,0.00379281313455658,0.00257962217235474,0.00202134968648774,0.00178982948797113,0.00759671064673252,0.00273177870623318,0.00262596354674099,0.00202156453932862,0.00208686540112885,0.00822252287503205,8.5131385269532e-4,0.00123011864388037,0.00158226389104208,0.00430590060152165,0.00188869071129838,8.8331225872585e-4,0.00262929582181014,0.00359844249072048,0.00249222696483996,0.00534436099673181,0.00314858518794944,0.00310655972160272,0.00174657952369407,0.00455142523618554,0.00128957739969977,0.00135738985482123,0.00354129263823725,0.00255870775895573,0.00276240604289774,"Asheville, NC"
22660,0.00245479117380242,0.0020423745935346,0.00236953287246095,0.00223977284768274,0.0030211124003264,0.00215929484166896,9.3937754333651e-4,0.00297990323363587,0.00162056604699607,0.00196038658273357,0.00218699284317724,0.00221667644522594,0.00373821819269034,0.00294044398060758,0.00191553815584745,0.00330802571177927,0.00286147860347278,0.00298253992579616,0.00325948462213301,0.00219621625172028,0.00154780083688623,0.00275815717693226,0.00342519631092377,0.00355681189259993,0.00253542484951871,0.00263120460612193,0.00242561898609896,0.00310839607062558,0.00206181068284768,0.00144047353585804,0.001547383278288,0.00278207031236249,0.00242217634264516,8.8331225872585e-4,0.0026409497317674,0.00345093549215242,0.00266419736791901,0.00452424728759724,0.00394115108244076,0.00213335849100586,0.00250265524493655,0.00841039981521144,9.840568475875e-4,0.00301142625901324,0.00319203971880104,0.00277356252375245,0.00268759067121082,"Fort Collins-Loveland, CO"
12540,0.0024264740755651,0.00232253981973096,0.00206632373967281,0.0025831213919669,0.00216074936817272,0.00252660833268292,0.00647311232579439,0.00211811543261283,0.00170783442782906,0.00344667314930177,0.00147895272718317,0.00240708272048902,0.00180613089029578,0.0023042545311779,0.0024948723622473,0.00682624190386901,0.00472000893962093,0.00283120383872533,0.002112012257504,0.00183504099300588,0.00132876070743359,0.00256133959637645,0.00182175127157514,0.00234833397189546,0.00235411155158407,0.00279141150829465,0.00250252360194616,0.00227682185634732,0.00365677688446878,0.00308151071323532,0.00230566738460827,0.00290664481266397,0.00193712404966867,0.00215809913394425,0.00263841425060732,0.00227201403221526,0.00237266854690161,0.00200957865560091,0.00193014737646825,0.00224013837299968,0.00222777788591704,0.00196825587383895,0.00210957306875501,0.00444654671276223,0.00208304901871128,0.00231280731448379,0.0023650982986012,"Bakersfield-Delano, CA"
22220,0.00239300900332476,0.0024728519109015,0.00213607925396892,0.0026110484889494,0.00267848938203264,0.0028202389879366,0.00584247729072151,0.0024379651339899,0.0029998419652935,0.00352771389711773,0.00317666940198581,0.00319592137631808,0.00237031065957717,0.0090082293658739,0.00236688054095542,0.00215099119591794,0.00121883892046852,0.00262213112133362,0.00249683999811688,0.00505339633123682,0.00218761106954378,0.00194840472985726,8.0385124874486e-4,0.00312701574038112,0.00235857407978046,0.00420245359308736,0.00370979998654676,0.00154959778807692,0.00264294265040813,0.0024583635060864,0.00167604381458716,0.00445153950831767,0.0029371284808225,0.00472576838257459,0.00157373184630014,0.00212520734643861,0.00221802381370614,0.00181475459170017,0.00288784876291841,0.00278047832082658,0.00140794947210864,0.00130645173976031,0.00122816526523793,0.00262353015083302,0.00275958571529579,0.00269866716866374,0.00263730466259538,"Fayetteville-Springdale-Rogers, AR"
44700,0.00233585785257922,0.00258794157801692,0.00209241002198445,0.00260442366328176,0.00195042367753073,0.00247300376523627,0.0036272075192331,0.00214172307451414,0.00310256786351605,0.00260504710472975,0.00225661213905243,0.00392775096285451,0.00244145235691637,0.00308481758043003,0.00204202986707178,0.00338310347813007,0.01539067311292446,0.00236077678024083,0.00312816725822516,0.00275755604854266,0.00194704794872397,0.00198865514127375,0.00356990980839625,0.00197387903312694,0.00176945389662996,0.00284063896466054,0.00214906624310054,0.00272308069417215,0.00288332564907627,0.00107675359576332,0.00259536693015921,0.00262375690466697,0.00213970043969861,8.8331225872585e-4,0.00368699119106428,0.00216145025383988,0.00217932080732259,0.00201864121711697,0.00153437849804545,0.00169131154000167,0.00168349108657424,0.0024124946426062,0.00258574117901916,0.00232498964514925,0.00155935329800957,0.00223248911640967,0.00225925951603217,"Stockton-Lodi, CA"
33860,0.00233454497552738,0.00260831835828114,0.00181740632658299,0.00252302269785878,0.00230545708595336,0.00240609064877392,0.00516657188534078,7.6288959779096e-4,0.00292628419991345,0.0023639981863355,0.00256824281779343,0.002200880633192,0.00336738300630937,0.00182338991750804,0.00394037681983645,0.00148690677415456,8.460461813578e-4,0.00268122332985864,0.0023124140621654,0.00312660355507814,0.00251239155641732,0.00315056218780392,0.00336840475872875,0.00249075040261736,0.00233579971826736,0.00294194399196683,0.00262036274723546,0.00223169425102647,0.00656220716538832,0.00167938778096556,0.00131681450652951,0.00151550599609231,0.00182651116009482,8.8331225872585e-4,0.00274058936579222,0.00148398352486914,0.0029242931425728,0.0020159753465446,0.00300531037239723,0.0020378329700031,0.00251379545021953,0.00372769251233048,0.00528784935004398,9.3862668036711e-4,0.00179171661325407,0.00244566489967369,0.00240948023039172,"Montgomery, AL"
33700,0.00233253318151654,0.00178301586384288,0.0019906773617359,0.00206096262056558,0.00174879405066577,0.00184665300566687,0.00284068244914812,0.00188306585794639,0.0029824155707166,0.00252595868836842,0.00248695769805544,0.00200210386572715,0.00134362012260165,0.00131299376006915,0.001549972733099,0.00212034078898909,7.8001503232223e-4,0.00198195081626067,0.0023526224804865,0.00421591085343461,0.00124810402877857,0.00164561461523554,0.01276862334734076,0.00258203748912463,0.0014836743458637,0.00203360057008573,0.00183111238406421,0.00283321848135785,0.00155805857303175,0.00188550939951116,0.00182225909812963,0.00198281900026391,0.00175555045247391,8.8331225872585e-4,0.00186574929862797,0.00177993150846946,0.00193834525497255,0.00171783435208631,0.00192599252630722,0.0017595940618532,0.00144421248213265,0.00167232298630627,0.00124274587479905,0.00270001366763797,0.00171209413767316,0.0018739026755346,0.00189742872521651,"Modesto, CA"
19660,0.00232306679711032,0.00443428755681168,0.005982423982976,0.00361052075930277,0.0028718126119284,0.00476342331306486,0.00516657188534078,0.00342757261216369,0.00230636886533589,0.00340382203042802,0.00282869959042212,0.00432780698427501,0.00244686403873137,0.00259873483177048,0.00178104398836831,0.00329840339534762,0.00703996877535906,0.00163128331373555,0.00230561454002216,0.0036501030577817,0.00236409443628051,0.00300133704052586,0.0017014713954181,0.00178782585613244,0.00361024765909556,0.00291440758268017,0.0031134231914631,0.00302938704816039,0.00132797085245124,0.00471339986129214,0.0042884267374229,0.00351578130598818,0.00267799231052591,0.00140996640286548,0.00310018175242495,0.00252084233211902,0.00278964260904034,0.00285111604105826,0.0028614143274058,0.00274399743209631,0.00173258277695174,0.00338709891685347,0.00286061625707356,0.00252861412349637,0.00356737977064678,0.00309416894045514,0.00320840641327073,"Deltona-Daytona Beach-Ormond Beach, FL"
32580,0.00231929195626091,0.00268152372844102,0.00198550415740386,0.00246105785370948,0.00197470933055459,0.00270850306506691,0.00179712524089382,0.00253527726938504,0.00224899293985269,0.00250275997235514,0.00257889243020828,0.0020019445104518,0.0027430288321831,0.00291366876956538,0.00210676457108799,0.00141489395864301,0.00737027419100704,0.00240850074894949,0.00222566612836405,8.7863241909232e-4,0.00178670084557326,0.00141127721435652,0.00747066036255955,0.00302738466183553,0.00217774631337142,0.00133831359008041,0.00322690436920555,0.00211497175480958,6.450179320818e-4,0.00342288107029129,0.00249100719149595,0.00115567406498801,0.00142484079094627,0.00100651187062684,0.00275714023985969,0.00220264939932097,0.00208348806812843,0.00235527748939057,0.00192938283286599,0.00230552439381786,0.00170313471521015,0.00377000386985459,8.5417312365176e-4,0.00436000939890778,0.00114755870503119,0.00225727879806588,0.00222130758196399,"McAllen-Edinburg-Mission, TX"
29540,0.00231132472932479,0.00239777321937631,0.00287783603105583,0.0023274498827165,0.00239362152649531,0.00217672514529501,0.00240399506264343,0.00265979958445587,0.00301125711523748,0.00335393848713078,0.00445666687348556,0.00414593402003914,0.00455246505256024,0.00145552289757982,9.5885636244443e-4,0.00163117480564684,0.00578054600770886,0.00172583034564311,0.00268274971601521,0.00269225650027845,0.00150359765821715,0.00222235536130047,8.830196028179e-4,0.00327786582445243,0.00273215583826509,0.00298710454615182,0.00195114887071369,0.00213885592255263,7.7039664359538e-4,0.00146769169794118,0.00188947630098958,0.00486441816885729,0.00241301683497767,0.00448979131747408,0.00210656744560573,0.00203404369868028,0.0021923864203462,0.00182729691900184,0.00235767291549216,0.00217535306371923,0.00132045616411378,0.00494316225617143,0.00129398538574169,0.00404672009604158,0.00261735973191689,0.00239468127795096,0.0023653518139865,"Lancaster, PA"
12260,0.00230897270919061,0.0026874686768498,0.00274540477816194,0.00265458242811316,0.00218564836029486,0.00284297982625584,0.00170877393384741,0.00245574316376875,0.00344208629063395,0.00202239969589318,0.00211899365283762,0.00193225593446268,0.00310360845614722,0.0015896834441468,0.00367384665190427,0.00165532827450636,7.8001503232223e-4,0.0016427928077068,0.00203736464739137,0.00343486793357235,0.00194386436704074,0.00152377471976852,0.00263868139132103,0.00148301105391299,0.00238773974076904,0.00287684517053703,0.00313607352421839,0.00328969684069915,0.0025759153525082,0.00236603015672014,0.00186988431622687,0.00182188666415449,0.00143640185138506,0.00130536340711234,0.00340132804737484,0.00188692375904529,0.00306469510036357,0.00159543244362852,0.00233316964201438,0.00202459780658148,0.0045365520413859,0.00264711180543427,0.00422810198700349,0.00182617132664183,0.00213991788295375,0.00221929536742849,0.00239090692683643,"Augusta-Richmond County, GA-SC"
11260,0.00230604686838446,0.00195035146857687,0.00144883488712351,0.00215030429575569,0.00203140178415465,0.00157225178843503,0.00538937369658706,0.00157069808356439,8.773905255893e-4,0.0024517577499508,0.00194253670786966,0.00264011488138759,0.00134300770924444,0.00483380036273435,0.0057107858765837,0.00266131074925283,0.00291223236783365,0.00185303479655116,0.00289603192773835,0.0033285912629718,0.00151344407585771,0.00100983787830198,7.3024682944452e-4,0.00160496291318129,0.00179871535742861,0.00275460578566221,0.00314816260533638,0.00325768553670138,0.00604213315647131,0.00255632402967132,0.0023476855498878,8.3421526381503e-4,0.0015501855942176,0.00737317559813234,0.00215690821804095,0.00161967676367449,0.00241125525541455,0.00131668630273636,0.00192719166112688,0.001872039309354,0.00467288404006128,0.00702562165418737,0.00122695477463082,0.00179076350543394,0.00216601977187016,0.00204336840580929,0.0020894232551134,"Anchorage, AK"
42220,0.0022844867732636,0.00201655387280191,0.00206339975927452,0.00201183353203697,0.00208246163914307,0.00169182651979912,0.00806060797784191,0.00223193380816528,0.00157107847596918,0.0021198335734072,0.00240449504618298,0.00228602506588149,0.00168322591318575,0.0020739973180153,0.0013941722061258,0.00242291370816405,7.8001503232223e-4,0.00159930034186413,0.00246625765915977,0.00346821946321344,0.00163109087741779,0.0019768269617189,0.0097500758096959,0.00141490169497486,0.00235152161342516,0.00185071871596975,0.00137658377202184,0.00170239951515527,0.00167177589672033,0.00135936325398671,0.00141216256609279,0.00160491325395578,0.00222787195373639,0.00118123558363741,0.00258087693403698,0.00195457826675272,0.00249327136419026,0.00166694315465592,0.00217546304390837,0.00249907197633672,0.001944114528763,0.00114510848111202,0.00197781921711001,0.00173857434643227,0.00209289031933671,0.00201705189017215,0.00203251630285276,"Santa Rosa-Petaluma, CA"
46700,0.002275901875992,0.0019126860454237,0.00197468254550065,0.00218902775576242,0.00179083277017039,0.00199012043484836,0.00173142923197427,0.00437166547055497,0.00195641785525841,0.00219741656266333,0.00279721987785538,0.00138363129513493,0.00244848175347869,0.00264156420609747,0.00208966476255078,0.00116261232352397,0.00239387560294317,0.00236452136613697,0.00273576390376752,0.00383158136207028,0.00227646825743884,0.00147600087607901,0.00112656030622057,0.00203262891609172,0.00222703197736577,0.00190115340310377,0.00177435507371813,0.00251874025203441,0.00492782951099261,0.0014226792074833,0.00174232402787196,0.00172957840911109,0.00140036309577749,8.8331225872585e-4,0.00263662375003424,0.00149905336372554,0.00197405070489417,0.001360502081622,0.00173156892978703,0.00165491611984511,0.00254172638370845,0.00100190960066046,0.0034295359780245,0.00251023305390312,0.00154013604801892,0.00197060189816507,0.00196823918609974,"Vallejo, CA"
31180,0.00227471431624108,0.00232389866143144,0.00281200256888244,0.00337550080054809,0.00240826477084074,0.00333537918713015,0.00196327378614367,0.00177312413478151,0.00421544116186222,0.00363534546075319,0.00218238176266139,0.00308209008261418,0.00355667827372742,0.0042754610480429,0.00111503283966215,0.00463768958055788,0.00349888206755512,0.00174884720873209,0.00275541667331476,0.00116866671021656,0.00318863412060814,0.00175519764964073,0.00962169942513967,0.00351919259017746,0.00316910540321994,0.00259845042219961,0.0026060849209962,0.00192189686867244,0.00110127126438611,0.00340985671322295,0.002419340111044,0.0028442724009527,0.00182104300629449,0.00189334375193474,0.00277260982532092,0.00354296983714199,0.00241527712876414,0.00203159586563694,0.003613601070389,0.00278330922832217,0.00216277115697575,0.00189040771829724,0.00299838812882501,0.00516080985154935,0.0026584549911759,0.00293403529816522,0.00281503969515765,"Lubbock, TX"
25860,0.00226002104296314,0.0024330134827392,0.00272275930340063,0.00236708310868577,0.00202791592607171,0.00218772201779898,0.00143639444022238,0.0021322331199778,0.00541622310061646,0.00166567157631929,0.00166658651885985,0.00160464493154725,0.00197295696478475,0.00298549047897154,0.0024569037425431,0.00169739407591574,7.8001503232223e-4,0.00181267819601449,0.00349329931911714,0.00404107857346897,0.00515811843655916,0.00309958402451948,0.0032384291474588,0.00556269921300805,0.00222173709061709,0.00144943767504727,0.00154503873568845,0.00259685189943815,0.00339871637437644,0.00114191543723472,0.00234686096147269,0.00141394146094001,0.0012922316749501,0.0016713489203278,0.00209179865771162,0.00175844070524932,0.00239982256941021,0.00182039389951987,0.00183173084143293,0.00204316051310765,0.00147948415407091,0.00242578610820393,0.00159323621881949,0.00172734886592286,0.00250809843669006,0.00220349451266267,0.00220032381155536,"Hickory-Lenoir-Morganton, NC"
25060,0.0022598294097308,0.00230819145816205,0.00280528312632346,0.00230904146866469,0.00208209325628295,0.00227093619370644,0.00105098805510638,0.00151421410978169,0.00199627522140132,0.0019960385247535,0.00241840823791851,0.00190634228487558,0.00347901830517688,0.00326380475030704,0.00128784118187345,0.00280900939470592,7.8001503232223e-4,0.00239691855917503,0.00247092017882919,0.00273934497980902,0.00228108273952113,0.00209321710946319,0.00114590868824407,0.00177262715160227,0.00465975521104878,0.00339583864401577,0.00364788272311217,0.00130768052468168,0.00287130969832315,0.00200554564272196,0.00145454852646999,0.00104838941995439,0.00148213907505981,8.8331225872585e-4,0.00156125903000378,0.00220283337014523,0.00171454763329337,0.0028973548035758,0.00236079554844888,0.00209469899268354,0.00402293313916422,0.00229545154794297,0.00226289178192492,0.00139231739725602,0.00238665153685777,0.00217932480663573,0.00218698697085768,"Gulfport-Biloxi, MS"
21660,0.00222954448473031,0.00255360015316542,0.00276646489515886,0.00301025850774575,0.00251213556312038,0.00255513529466107,0.00990772630035142,0.00281647884860474,0.00274192882133833,0.00247470708164161,0.00289702005178784,0.00326859785620874,0.00428316492495656,0.00239999415495712,0.00289445362038787,0.00696908516573176,0.00204093394226646,0.00200800319551922,0.00237934789658373,0.00222816563311876,0.00390800374283722,0.00190843371877561,0.00665648928832189,0.00202927731138577,0.00272101429791011,0.00369725442247462,0.00211241977661615,0.00234803830630457,0.00158116280606751,0.00191881681339416,0.00199441565604505,0.00242728385209049,0.00192823167392106,8.8331225872585e-4,0.00216672483720858,0.00288889071204242,0.00311656659569026,0.00406040992902778,0.00370091028563946,0.00170440439519952,0.00177896989169467,0.00342806529110753,0.00111081595482465,0.00191304467821211,0.00315344582007111,0.00272239591539762,0.00270170662452832,"Eugene-Springfield, OR"
18580,0.00222601314564684,0.00274684713223503,0.00253724638517946,0.00278320985996131,0.00205991869586954,0.00299617997465246,0.00695676307654833,0.00254919336003899,0.00139471778132556,0.00310898426716817,0.00187527540937856,0.00244466953917585,0.00319152234016456,0.00347706860457337,0.00125690420280956,0.00125459097225089,0.00814442528449221,0.00379848875645184,0.00332436130197337,0.00229225465926695,0.00318138120213408,0.00241693187272349,7.6589454561152e-4,0.00318334692193222,0.00236665124896951,0.00266181861827856,0.00219827310000428,0.00121020896540253,0.00127529471082544,0.00213309673100284,0.00230415361957249,0.00160547155929836,0.00150601273279498,0.00163414401108722,0.00262216364119315,0.00179424860479752,0.0025535852039243,0.00195963336337127,0.00250035484450746,0.00226528102435338,0.00196546438903304,0.00405153285960243,0.00137369483386566,0.00603888653991811,0.00174282288458474,0.00240311768515484,0.00241173698468769,"Corpus Christi, TX"
49620,0.0021886039773582,0.00226655598069847,0.00225468034035248,0.00232921381417343,0.00183767247904623,0.0020335964223858,8.945444013887e-4,0.005747355807708,0.00213783312108321,0.00164367033951247,0.0020733346032666,0.00143010424162589,0.00264597939063328,0.00258174332348118,0.00251317176921473,0.00116256125587688,0.00146232013901177,0.00383860929442394,0.00213252801193307,0.00208429192704407,0.00311202955699017,0.00239394044456756,0.01187824566818214,0.0015615482684956,0.00206046938050101,0.00202822198041956,0.00204430207633776,0.00451483643916085,0.00103574837862319,0.00143425593299203,0.00262259002081009,0.00336004607533633,0.00156145759920432,0.00266589370332888,0.00302800758096239,0.00161543593362834,0.00219301031405468,0.00225118268407839,0.00174619545094151,0.00170135895406447,0.00206630577946458,0.00151101271183733,0.00239960513473143,0.00188753454049121,0.00209198051725969,0.00212465630035942,0.00206351738724198,"York-Hanover, PA"
30780,0.00218654820235511,0.002523846072038,0.00305280711609827,0.00245380360195724,0.0023830674512993,0.00274088692138913,0.0016125852755198,0.00215850912571545,0.00251979189334575,0.001944661366437,0.00200184886718665,0.00203998081028483,0.00273202170780006,0.00266780487791409,0.00237805285022102,0.00188240315994319,0.00179414631829539,0.00127276770613702,0.00199041237720819,0.00202333455375066,0.00342736922573686,0.00165750732267439,0.0011261305953527,0.00247086228393601,0.00224917854128554,0.00222228703837806,0.00266317671533913,0.00379730067136363,0.00429765112887687,0.00277236373099868,0.00265613234151344,0.00121891917145631,0.00232279825091363,8.8331225872585e-4,0.00364736707413308,0.00208920669972747,0.00284648085574987,0.00185019911749399,0.00187516801714999,0.00188159568190835,0.00326825576247604,0.00191994877062153,0.00315250284887851,0.00144123029173366,0.00252402988565109,0.00241103985328591,0.00241691044513949,"Little Rock-North Little Rock-Conway, AR"
46140,0.00217591063039114,0.00264950691997809,0.00312355301333135,0.00248949777972315,0.00214658278581473,0.00235893024817599,0.00119713547620418,0.00493876811136516,0.00464613913476427,0.00408131542615101,0.0034736346365809,0.00440679102602059,0.00401849127086679,0.005213604413751,0.00384332566465856,0.0011395288722222,0.00417540195982308,0.00282809623253648,0.00213594700349059,0.00135877949219656,0.00232167591170272,0.00314631198201926,0.00486530111347058,0.00219583223154156,0.00232363283613144,0.00284548719025066,0.00262024378914124,0.00268443734621626,0.00276926968136406,0.00136829736066971,0.00243446206960335,0.00177418998967654,0.00199793305942636,0.00588591473004778,0.00222301446103143,0.00151736266124351,0.00195266012301356,0.00169266324440299,0.00200536816183953,0.00184307471075072,0.00127484035166086,9.5347981654605e-4,0.00188325363787214,0.00182779902935288,0.00239415700827628,0.00229746337173484,0.0023016376606825,"Tulsa, OK"
29620,0.00216025283512468,0.00240450668644908,0.00261763501184375,0.00306983093973968,0.00290743537230133,0.00237300686205823,0.00171096884283427,0.0019442511142011,0.00286962211432782,0.00456717632433248,0.00286509685059785,0.00345115803133051,0.00464338901497462,0.00171806341936547,0.0012989035476626,0.002846859505924,8.9982689959622e-4,0.00270691992467498,0.00211629317923832,0.00216231207257927,0.00198884016230278,0.00237523081202388,0.00167988946166608,0.00283568181398433,0.00339708039824846,0.00250005264932267,0.00310810300355213,0.00303523034245502,0.00225198453253797,0.00196494440166992,0.0032532925399648,0.00295231385776565,0.0017559855432005,0.00262540343359673,0.00308794756883269,0.00379732429857436,0.00285604416479805,0.00479476209948015,0.00417207119567497,0.00343562125917645,0.00303033936843875,0.00307310975246312,0.00236056757105751,0.00301138966821527,0.00319657738584087,0.00290305557077175,0.00294056466879281,"Lansing-East Lansing, MI"
33660,0.00215878877677423,0.00241980231184024,0.00248847444895442,0.0023999436462225302,0.00217397178050744,0.00270596867795141,7.7587234296676e-4,0.00218859492595994,0.0014354352361565,0.0032292434913886,0.00210870048773538,0.0035537557114496,0.00179084278942872,0.00304749756472866,0.00142677418447143,0.00268117184408907,0.00110030669631152,0.0019521853327971,0.00233550818382794,0.0017473661263754,0.0037863583969812,0.00227174501615428,7.3024682944452e-4,0.00202369312450605,0.00302121488932374,0.00196809305923319,0.00320256910763164,0.00339911313132911,0.00238425809994299,0.00248242297170273,0.00214486926632579,0.00115063586204997,0.00169466321141925,0.00588591473004778,0.00226752050408709,0.00176317923905305,0.00225452594549292,0.00166961018477761,0.00213413546701992,0.00404702860249902,0.00133936722738943,0.00452389871902959,0.00282502769405905,0.00205256421523261,0.00227090150806198,0.00225272182153514,0.00227557495365379,"Mobile, AL"
34820,0.00215081147307559,0.00364184733886407,0.00426825787222167,0.00279607847216347,0.00275765145677206,0.00266008687369134,7.7587234296676e-4,0.00540798503606696,0.00217636778100689,0.00291063456884941,0.00193731038766026,0.00252510886777933,0.00285456142596071,0.00233075672641416,0.00269969891725949,0.00298083732555857,8.6418660691702e-4,0.00845351125714651,0.00316797358056673,0.00138916354692038,0.0016261222924153,0.00171591795877255,0.00332980216552763,0.00246165575564565,0.003114694501256,0.00219976149197554,0.00209364942566525,0.002590079068661,0.00338311329111902,0.00222661725232371,0.00220890314474686,0.00620359381238493,0.00264713928919815,0.00102277563489088,0.00340874749349305,0.002384814980077,0.00306543101695282,0.00252803194023552,0.00333422103276683,0.00296647123540211,0.00236968037525086,0.00141156990123824,0.00148565296431444,0.00138677993889217,0.00338391648232674,0.00259726915806032,0.00276794220922399,"Myrtle Beach-Conway-North Myrtle Beach, SC"
22180,0.0021503078408329,0.00170940226190858,0.00165680547305197,0.00203796328579787,0.002056942794878,0.00148407575519675,8.1832183461328e-4,0.00116791064623889,0.00363663798993947,0.0021790976789122,0.00157122992591426,0.00186432494466318,0.00203160795764276,0.00295975730725655,0.00695395118394286,8.0607214842182e-4,7.8001503232223e-4,0.0087381239031108,0.00143207358992764,0.00229826613770749,0.00145283210623388,0.0014820731460876,0.00167957494243367,0.00177305506738996,0.00178926002370259,0.00210306754023953,0.00177452743274032,0.00164182399934285,0.00264049866932219,0.00106336047546303,0.00142313792666583,0.00103796866674302,0.00135906469295044,9.374852530589e-4,0.00143571076797422,0.00166145075606938,0.00195581568079364,0.00159928801370457,0.00194733911998815,0.00195048012675535,0.01005527292246619,0.0016209171635182,0.00338066118517476,0.00233736414087674,0.0016701234576612,0.00209023512099832,0.00204540359084887,"Fayetteville, NC"
23060,0.00214559216058427,0.00225453305268403,0.00234196256791142,0.00224340868036868,0.00219886150880132,0.00198996799445254,0.00100565223382354,0.00227779068623029,0.00295997171826531,0.00235791396244703,0.00193980735929895,0.00288181338127368,0.00361444522393259,0.00203963071018858,0.00234496533154737,9.4058222161415e-4,8.2770186515522e-4,0.00137051481920774,0.00229192149072312,0.0021321319948996,0.00212372445940867,0.00295749682422933,0.00410538550431703,0.00289681696980874,0.00191431252510396,0.00333411835049025,0.00220014648648709,0.00282724548810093,0.00429765112887687,0.00202597344488613,0.00214282729235321,0.0026154174141007,0.00177086552299091,0.00588591473004777,0.00181288591455429,0.00210263920468516,0.00269946137131553,0.00173238025446458,0.00161980869356387,0.00232291270436951,0.0019632087651122,0.0021533795277973,0.00240693667026649,0.00203774639677334,0.00221817278242355,0.00220324804634677,0.00220678059066861,"Fort Wayne, IN"
36500,0.0021450676086849,0.00214414005045213,0.00203759337703062,0.00192628005892758,0.00210652871419399,0.00210109831948359,0.00124475245913546,0.00139852232734359,0.00116788910851388,0.00301718751815497,0.00129242585333806,0.00296443467349641,0.00177098445015366,0.00308921180829762,0.00329751518744231,0.00188423567996575,9.2256890338976e-4,0.00204875438441382,0.00183909940176097,0.00127089811184239,0.0016132362047386,0.00169487194242413,0.00511444909779826,0.00170030412264774,0.00229592214051811,0.00223674760466541,0.00144532725200536,0.00225955073047927,7.4883136310022e-4,0.0018373027162571,0.00221136418257211,0.00149017558326622,0.0013927831033654,8.8331225872585e-4,0.00243952748346811,0.00186348838615373,0.00187334114742397,0.00225242694505667,0.00161225358305541,0.0027127707160580802,0.0039590229794436,0.00256866193466888,0.00146108604395988,0.00163213310792767,0.00219858660353773,0.00203669814477007,0.00203235921482156,"Olympia-Lacey-Tumwater, WA"
47300,0.00213241539335252,0.00211682899761582,0.0018781424803597,0.00214439601530511,0.00163410052236424,0.00209349748560791,0.00447283098716951,0.00154579620212367,0.00152416040022151,0.00207264113613645,0.00150195105945074,0.00202359761736665,0.00134354592552351,0.00303329395029662,0.00152162347160856,0.00538450529753986,8.6642777580447e-4,0.00503856583658137,0.00316360465347598,0.00239337095918441,0.00123570491185038,0.00200995261947104,0.01206479327029454,0.00219419537506545,0.00151851761092978,0.00139208751674147,0.00154651668852791,0.001818468743366,0.00107104314267517,0.00207863605533216,0.00174453407610733,0.00291710762478723,0.00121369666214747,0.00163414401108722,0.00190717114549703,0.00146083306013327,0.00223015088304391,0.0012237308800439,0.00168710533315053,0.0020939979456703,0.0016312987863746,0.00203068709256157,0.00131897523079445,0.0027810307165309,0.00155712050867445,0.00193937815654327,0.00189616512487455,"Visalia, CA"
39740,0.00212543967163963,0.00198351709856725,0.00185697552089213,0.0022604334380055,0.00157954000894564,0.00200179197338813,7.7587234296676e-4,0.004414335082607,0.0020915166807861,0.00183603227882442,0.00158888971411273,0.00114115783547202,0.00197442822791219,0.00185384539163423,7.574757315261e-4,0.00404620863973101,7.8001503232223e-4,0.00485608725189152,0.00222534841275546,0.00460477734780621,0.00284253834583877,0.00290502277859316,0.00634400272662792,0.00122157740159143,0.00193586331163175,0.00167600181191641,0.00209509449742574,0.00392524794403337,0.00545153503727381,0.00192631782546053,0.00181566549783223,0.00109450215057292,0.00145009972987589,0.00864774456992258,0.00130113540436202,0.00180611199790105,0.00205452445868738,0.00133586659511929,0.00205951986146961,0.00198526993315531,0.00125573480802397,0.00210088944258312,0.00170614425747979,0.00295308181854513,0.00170898661701962,0.00189789062701954,0.00190732953480736,"Reading, PA"
28020,0.00208161925540145,0.00197961959621764,0.00200970066569016,0.00236688515326987,0.00228491156808021,0.00241217574383115,0.00300886913078424,0.00266082672293316,0.00179095791988868,0.00209987604626954,0.00238652619296915,0.00256294183699049,0.0024441334217616,0.0016161546955525,0.00145665789156658,0.00391089649435173,7.8001503232223e-4,8.956648488804e-4,0.00262522399451383,0.00251917360091784,0.00407357619181895,0.0023717784648787,0.00482893679215982,0.00346161764213944,0.00253258025026775,0.00198378374267782,0.00151520754333971,0.00141054258148461,7.8921992328419e-4,0.00151190277689151,0.0036732800940111,0.00211017210882283,0.0012512594094618,0.00588591473004778,0.00263154745389513,0.00265451778831459,0.002207369220813,0.00200864314475227,0.00296440022326892,0.0025929793311804,0.00120847536685499,0.00498780651948553,0.00206090820939789,0.00214156416929013,0.00259958566270501,0.00235773085594826,0.00230954039094801,"Kalamazoo-Portage, MI"
17300,0.00207098436998921,0.00221957917834975,0.00160922396498433,0.00229715696927022,0.00207017425312721,0.00182619464198087,7.7587234296676e-4,0.00218381089938875,0.00173445977158449,0.00241727401181476,0.00214344631865486,0.00235278593537497,0.00172159285163342,0.00170928081471746,0.00562718260820072,0.00370487424735416,8.546839855805e-4,9.2244263482512e-4,0.00164171577595875,0.00244256927027199,0.00130998246503846,0.00225169231917418,0.00457859572973922,0.00179580913787303,0.0021939664083326,0.00218653180997968,0.00150250238879117,0.0022750442274049,6.7741859998022e-4,9.8787555987052e-4,0.0013632642625847,0.00157754905876912,0.00145509020357613,0.00138721919094973,0.00251020876548705,0.00140425651795259,0.00211778854056605,0.00128283220868967,0.00201824888100005,0.00239171042007951,0.0059273956902604,0.00176650148815919,0.00294333934731747,0.00196948578305004,0.00221106385979765,0.0022130309913259,0.00217929660326102,"Clarksville, TN-KY"
45820,0.00204238780580753,0.00196467781506552,0.00251015729141856,0.0021320167474217,0.00166005274733308,0.00248163038697064,0.00136411519027402,0.00257655628564887,0.00198655464671122,0.00240202387931972,0.00159140959387732,0.00152665190035527,0.00159729604957477,0.00256121907755129,0.00183073447468877,0.0013259311851067,0.00116686866856795,0.00193566640162557,0.00253019103240032,0.00528172112721744,0.00168799433101077,0.00155111865835636,0.00536057533840343,0.00102071816191656,0.00146036043908015,0.00147450855235574,0.00113292309063197,0.00132721547932996,0.0045860731192562,0.00154356835746187,0.00177199649148409,0.00423617770997022,0.00122061729646687,8.8331225872585e-4,0.0021856895641646,0.0013466973571225,0.00178581627652249,0.00168960228011881,0.00170297923987539,0.00198920086483296,0.0032233673844656,0.00330699125560684,0.00148980179859491,0.00181468209020587,0.0020357974045655,0.00185946281963937,0.00186465961215444,"Topeka, KS"
36100,0.00202393702063687,0.00266107045365498,0.00346353540661577,0.00243360673358848,0.00204095118792979,0.00300294970305077,0.00146050356995827,0.00237447705513207,0.00227934487490251,0.00263666394349631,0.0024566747007728,0.00189684001077222,0.0024199287767029,0.00113186117701313,0.00143771021884914,0.00136595510760689,8.7706833201051e-4,0.0011660557057132,0.00213877219897299,0.00166449586688968,0.00148412970361204,0.00149368856255146,0.00486530111347058,0.00170155549274775,0.001818342063169,0.00198434824518157,0.00234879605252292,0.00299014144276494,0.00206447669869023,0.001031221043156,0.00140581532776322,0.00454478983820093,0.00151119372688176,0.00128573817647355,0.00230675892744167,0.00234204238561793,0.00166905819207575,0.00232702236020725,0.00175722376954445,0.00352774562301451,0.00229640692765881,8.7606597522345e-4,0.00196377219576915,0.00221136335737436,0.00233571764431509,0.00220468294679992,0.00222882289005657,"Ocala, FL"
44180,0.00201590691938959,0.00266476924152045,0.00213514068371114,0.00258912778476073,0.00265813808978028,0.00282740021749561,0.00167631508183608,0.00175140658110249,0.00235333114967094,0.00373220816621094,0.00303029968408106,0.00303534221297163,0.00310588866319505,0.00368193338720627,0.00141895788029214,0.00222264710688084,0.00519464207100418,0.00123656440107083,0.00273837597348252,0.00447437506738156,0.00283594012448718,0.0021633498050462,0.00291680714767541,0.00194655371425002,0.00323662005653855,0.00439158563688756,0.00219743808811837,0.00308087942090554,0.00216905856062074,0.00138904398271506,0.00211757822427441,0.00425000010161606,0.00183709122099291,9.7382625930617e-4,0.00305084407912471,0.0023559208661309,0.00225241705141887,0.00213046117178026,0.00245742838487149,0.00209134810514853,0.00147596032996662,0.00121360780540961,0.00159570323407452,0.00155184927549893,0.00305062275889842,0.00273776479452489,0.00261127515673539,"Springfield, MO"
49660,0.00200561255329811,0.00207498921322578,0.0023793779560552,0.00216770908858451,0.00185545049361771,0.00248537836096012,0.00206066479276794,0.00316797792058887,0.00210268189616079,0.00322450087348344,0.00162165789846953,0.00234437844562184,0.00157251602775472,0.00164481528832797,0.00224918134196044,0.00249443618070048,0.0028679528646761,0.00179748117064666,0.00184415498088258,0.00400740532591418,0.00244103148856342,0.00191107479743586,0.0023406944398053,0.00213273279541645,0.00147755927041249,0.00243128033832692,0.00168933573817463,0.00136151545859482,0.00111238368959508,0.0018990268809249,0.00196717981677162,0.00219650725651044,0.00116331614944181,0.00588591473004778,0.00197650701038537,0.0017828481504594,0.00240104106380373,0.00151337620623763,0.00167274181246321,0.00241355543507474,0.00124277311921453,0.00440445830864518,0.00221209708202014,0.00171662373387339,0.00204664704862165,0.00205313149769017,0.00200245882362959,"Youngstown-Warren, OH"
15940,0.00200502518695663,0.00199661000979308,0.00215669644275161,0.0023498978316367,0.00158417419899526,0.00200498525184682,7.7587234296676e-4,0.00128183560985427,0.00242918928509792,0.00143900470583759,0.00173819476627587,0.00187856184065696,0.00126094423396312,0.00278465566597759,0.00273546935414773,0.00432194651306704,0.00430292903698366,0.00261404189645842,0.0016139230467334,0.00500253562523908,0.00132215680182149,0.00190927838172547,8.6878930784496e-4,0.0018649235675735,0.00190407237729618,0.00260206614148549,0.00152355684496429,0.00248674500384385,0.00167092055835404,0.00148773849317463,0.00243304753733321,0.00130480584910127,0.00243837101926709,0.00588591473004778,0.00235823877937298,0.00159260999245246,0.00224317080871876,0.00209057238821009,0.00230612897639944,0.00232123924205781,0.00100474639955014,9.5627448046501e-4,0.00145258598051932,0.0014898743578029,0.0021011211932848,0.00196823639746568,0.0019479847353709,"Canton-Massillon, OH"
29180,0.00200375638591775,0.00213084622797009,0.002333658238179,0.00230071410647081,0.00183765119762312,0.00254022364559986,0.00294527481201578,0.00220802693053776,0.00128583949950251,0.0019474745978887,0.00215888632297131,0.00222812835471096,0.00175668888494341,0.00144263628148324,0.00129269906297117,0.00346843778805349,0.00469759477759059,0.00125650498653058,0.00193352479637119,0.00111337281064458,0.00133193620714342,0.0015486056584036,0.00538019012505761,0.00187040767000707,0.00215064763589014,0.0023114633125252,0.0017320110850273,0.00190374331091149,0.00491752476840013,0.00274197410704539,0.00153940755388287,0.00200691689154164,0.00177882744880112,0.00588591473004778,0.00181297916107295,0.00266351847338981,0.00242612568840318,0.00130543735417074,0.00233946277074119,0.00263705107788805,9.2899230048487e-4,0.00389179212680988,0.00227164200971689,9.3754033430173e-4,0.00234540303859727,0.00207461535938318,0.00207515909110346,"Lafayette, LA"
24540,0.00199013707823595,0.00142443898617288,0.00116684213770963,0.0016540410377506,0.00142671350925153,0.00152431392280765,0.00585796760568245,0.00162112954247694,0.00246801883631922,0.00180276850685141,0.00171285859288236,0.00242024783073493,0.00146745105353395,0.00199273464611209,0.00336279217862491,8.5622230600664e-4,0.00162902628185662,0.00103558513467798,0.00423838277017809,0.00965760868574494,0.00134276803177915,0.00182487378115781,7.3024682944452e-4,0.00241295298896947,0.00238097437915363,0.00151305885013199,0.00117389575471532,0.0012159664796855,0.00429765112887687,0.00280864976192965,0.00282188639545626,7.7121176134955e-4,0.00115518413897916,8.8331225872585e-4,9.4517670930871e-4,0.00171182361191904,0.00145636828258139,0.00124768902594101,0.00117729565939481,0.00119257049830481,0.00134138387127015,9.8536761260896e-4,0.00134723463065393,0.00376370617518954,0.00142174314282834,0.00152754709773314,0.0015388195162928,"Greeley, CO"
37100,0.00198813939073053,0.00196055004593518,0.00223167454068422,0.00189765782814796,0.00198878185871369,0.00212616824737961,0.00252737427688525,0.00228023474531294,0.00213384134076547,0.00195979651486523,0.00185486321489265,0.00241267136127738,0.00174880513927687,0.00107983137231391,0.00235490524783124,0.00275400277278914,0.00107120029100152,0.00162832521595949,0.00201953680019037,0.00134644332547403,0.00178385023159485,0.0015559013730769,0.00243580923945907,0.00277230984217621,0.00159054873722017,0.00189985927098459,0.00199781490519147,0.00293839704597407,0.00181768580772089,0.00182316827763177,0.00183560977472433,0.00163109232231741,0.0021007899375535,0.0044904782481021,0.00183112278070538,0.00209907074086761,0.00169392791815266,0.00176074167365887,0.00152293592216753,0.00213037871010959,0.0028820629252101,0.00326356742585325,0.00123836904819722,0.0032027746266812,0.00177454808909537,0.00189730666650445,0.00193354849188663,"Oxnard-Thousand Oaks-Ventura, CA"
41500,0.00196921667110769,0.00198647315101567,0.0019322195223829,0.00193288389643977,0.0019268177285789,0.00181827247695136,0.01006467868328518,0.0052886183811554,0.0014856443713559,0.00195970074581875,0.00114959554232399,0.00227841004029721,0.00148697247358451,0.00158222939559419,0.0035243812666485,0.00531094676557989,7.8001503232223e-4,0.00361177911706027,0.00190695576243732,0.00225920957192763,0.00127111319275746,0.00141696494115655,7.3024682944452e-4,0.00207162452824971,0.00152668487456728,0.00129468033889074,0.00135972087785178,0.00146938594331962,0.00537367753689702,0.00121689213903571,0.00147726895515769,0.00178235582789715,0.00219436449060981,8.8331225872585e-4,0.00232668796184269,0.00140826818330163,0.0020531680019749,0.00243127154799482,0.00204736400991437,0.00140762872666246,0.00353891757676123,0.00168154476350515,0.00115368075238328,0.00252462620809205,0.0016007014229767,0.0019751562816902,0.00194115145239461,"Salinas, CA"
41540,0.00196606377963402,0.00257227209284552,0.00257267619551108,0.00229546209974922,0.00237656424266383,0.00188898279058674,0.00553057058876154,0.00196046459661055,0.00365497934498551,0.00238029020637281,0.00268044521764208,0.00199478075540469,0.00262284145344096,0.00529490876100499,0.00144317730187597,0.00304840475895707,0.00123271453616105,7.6003103778314e-4,0.00298069522774567,0.00501897518719415,0.00584674302118426,0.00287543831344598,0.00566576572699365,0.00122298411483726,0.00207124761703521,0.00311937989519391,0.0019950270785594002,0.0013000373204931,0.00103825057553207,0.00440395502708596,0.00157633978562547,0.00301049160133514,0.00188452467894658,9.0510266627296e-4,0.00197054651335698,0.00275797086767849,0.00247710237647932,0.00180981381304906,0.00339026660349683,0.00254558777022412,0.00214616820823884,0.00888501420572623,0.00234683335131807,0.00160145944514114,0.00249848457230954,0.00238814403750095,0.00234864510972774,"Salisbury, MD"
29740,0.00195486653352191,0.0016013252544192,0.00132211890948284,0.00194988650700979,0.0017194716549681,0.00180365664765954,7.7587234296676e-4,0.00208652234615357,8.6288043707356e-4,0.00226560365570747,0.00266226229311487,0.00305790812806711,0.00199224276385134,0.00730906699721815,0.00379102201383917,0.00196779057620927,0.00342042396990498,6.6001411976988e-4,0.00176306256483275,0.00128582189533189,6.7469612642398e-4,0.00159969786112039,8.279560234032e-4,0.00165455863090756,0.00162885288676093,0.00165394186534301,0.00286416688533686,0.00263841105618514,0.00510831445376096,0.00144698583353869,0.00146690540847309,0.00121342444471807,0.00121425379890452,8.8331225872585e-4,0.00185129790186677,0.00188133079137042,0.00268216322282721,0.00127938106403841,0.00138055302517118,0.00292544920393521,0.00170016468957211,0.00410546801971464,0.00209148709586889,0.00316890615806796,0.00138232371675775,0.00179559051957238,0.00180705402196059,"Las Cruces, NM"
33260,0.00194602056324301,0.00130227281444265,0.00123099950565239,0.00212980563055142,0.00136553386565452,0.0013159164065479,7.7587234296676e-4,0.0049822788099618,7.7431478442456e-4,0.00357486484297547,0.00211612793688862,0.00192661543999733,0.00271776309062954,8.1380091822135e-4,0.00205253079330231,6.7234040616461e-4,0.0196007787404691,0.00115894953462155,0.00129180258601406,0.00111442149376389,0.00135017756176295,0.00113106022364547,0.001477355318746,0.00247064013565169,0.00195647763457267,0.00147897411644719,0.00133330863677651,0.00730366343079948,0.00632551494054055,9.1348477882948e-4,0.0011483566420246,0.0015066232096536,0.00144122531557824,0.00163414401108722,0.00132516765324289,0.00172358629481522,0.00118793014123877,0.00171572813312014,0.00163247268152535,0.00219057443339507,0.00101811806922507,6.2759573627615e-4,0.00152258931709713,0.00297110340689458,0.00140739782966883,0.00166467866693528,0.00164225478722428,"Midland, TX"
49420,0.00193550329744855,0.00191679783471275,0.00160985793874721,0.00206659836089969,0.00143209457023997,0.00170664625629716,0.00600252408250417,0.00232324327384343,9.4832973766136e-4,0.00195085894592874,0.00201119634472956,0.00109642315419364,0.00242589914109793,0.0014900320745858,0.0011890637311475,0.0055894518394185,7.8001503232223e-4,0.00104829528500914,0.0026897978565173,0.00321315694627825,0.0013744202714102,0.00220384324019369,0.00486530111347058,0.00204427022948309,0.0016517535964487,0.00131753635332757,0.00116778291588366,0.0033468744532525398,0.00212503254914627,8.7841047039219e-4,9.5095916692971e-4,0.00158395427993492,0.0015263197705149,8.8331225872585e-4,0.00139335784788239,0.00177335537638847,0.00176836056098836,0.00179427218959522,0.00209033210008284,0.00142802773346991,0.00137305394878534,0.00128440176979268,9.3960141923718e-4,0.00332697289009841,0.00141950626077242,0.00175369460419092,0.00174113332054688,"Yakima, WA"
42540,0.00190056486282647,0.00195611311248379,0.00184157444147721,0.00195377851854925,0.00171349354308172,0.00181881857745098,0.00125490975265296,0.00161181755853727,0.0014167914615664,0.00224772931175034,0.00224333268109085,0.00173678255433576,0.00247681014585749,0.00206800482363074,0.00158645677744039,0.00157904846336941,9.7511833064873e-4,0.00119211056555617,0.00139145242803565,0.00266234508964616,0.00238746054773653,0.00138594397114153,0.00174052974058839,0.0017852315063371,0.00213079004254669,0.00226144705739321,0.00251785051019586,0.00224405856876733,0.00250159477783188,0.00172624041448289,0.00199155815373307,9.5515785021202e-4,0.00158329999462284,0.00115373637746061,0.0016001362558922,0.00140244199898119,0.00235299419758857,0.00181260529903539,0.00195607520989716,0.00182877234495195,0.00106298448143229,0.00392279077682212,0.00158181302598419,0.00226768499071907,0.00184603989687568,0.0018486540989949,0.00183831602995904,"Scranton--Wilkes-Barre, PA"
38940,0.00189415688375215,0.00230342792985309,0.00403145615187722,0.00222856232135338,0.00199269383669902,0.00283111794822549,0.00128373496173303,0.00349021647737724,0.0023646657259577,0.00164965521148143,0.00198613642046275,0.00158194395938088,0.00162319637831704,0.00150749512427011,0.00214970497425097,0.00208060114839558,8.017835429933e-4,0.00433902452306639,0.00238926103496005,0.00256299710370739,0.0018146746866751,0.00213499331101221,8.224904315697e-4,0.00179500613621221,0.00168699921587296,0.00220829602471445,0.00316499205194485,0.00436607529728037,0.00262225418328794,0.00212523504661343,0.00182742419376775,0.00215408477167306,0.00137821855009905,0.00164323946145703,0.00143451900483097,0.00174726716747254,0.00221329904882213,0.00148126398811839,0.00175907463461056,0.00215585419932634,0.00125188749232913,0.00680592715983667,0.00201068051835868,0.00157419458220569,0.00215891658699659,0.00201439562561918,0.00210044935208958,"Port St. Lucie, FL"
35980,0.00188918747379274,0.00238738349032782,0.00277315992986592,0.00232342001189214,0.00183094572340521,0.00197804205853232,8.8487580987993e-4,0.00132777048616058,0.00143556844086309,0.00119001394551186,9.4724246997659e-4,0.0012303512562525,0.00125444529104049,0.0010516921273349,0.0024455487779364,0.001252190895876,0.00126677591867089,0.00194977155536919,0.00284315449694297,0.00549158366006026,0.0015111908181527,0.00230132666622509,8.977031834761e-4,0.00253322679732166,0.00196657056338637,0.00244429869921985,0.00229119275799384,0.00188354077652824,8.1195040787689e-4,0.00103648237323844,0.00134825632948844,0.00131074818387417,0.00146049091034786,9.3108353680991e-4,0.00292887353923823,0.0019781766796733,0.00178557949173806,0.00309751198133681,0.00186273473135603,0.00153744189386223,0.00300386873566283,0.00222395380256358,0.00169464298776955,0.00234878515474112,0.00217317436197024,0.00209259916043499,0.00204196959674548,"Norwich-New London-Willimantic, CT"
17020,0.0018791229461898,0.00160433228698012,0.00157585004170209,0.00181048730017323,0.00204072114385209,0.00168641431185552,0.00642235560283777,0.00260787034310034,0.00272653172646371,0.00359490095472011,0.00305647598742564,0.00315354408366722,0.00366758547807742,0.00262464387649042,0.00132738833571561,0.00318069963359794,0.00114444194632392,0.00265998625357098,0.00155579065004032,0.00223055858483256,0.00142194748589103,0.0014252835890988,7.3024682944452e-4,0.00271957734735421,0.00191213510355939,0.00260577431470111,0.00111196520701713,0.00192425606516462,0.00120085078060527,0.00182333636805879,0.00180185397591996,0.00113949090747333,0.00191343851854484,8.8331225872585e-4,0.0021239308151675,0.00159666441537272,0.00197005459502364,0.0021873626260653,0.0027024904963031,0.00207377199447778,0.00153986930987455,0.0017042671333451,0.00142979049382835,0.00187100526813922,0.00206553587612401,0.0019394509712965,0.00194852720567872,"Chico, CA"
42200,0.00187758238666978,0.00204740434707142,0.00213797670010386,0.00253577004098791,0.00266490407211931,0.00255817910088215,0.00274688907168031,0.00170796004589824,0.00233073988222766,0.00224699275132187,0.00175180333491458,0.00243138721850281,0.00410212779448424,0.00236185837180785,0.00180160665754736,0.0045140372782364,0.00137216569747992,0.00105302985603251,0.0022651452682707,0.00151484007813979,0.00157442364683024,0.00200311071301904,9.442894367023e-4,0.00170904351736968,0.00329609235400784,0.00219828840262317,0.00162533862409247,0.00471080260470812,0.00311288261712185,0.00175309144057655,0.00163798794971434,0.00221563101248086,0.00185411823106662,0.00181541564183838,0.0022108211506397,0.00341779138261286,0.00235792879573485,0.00344038561809764,0.00449045612120475,0.00391517107320056,0.00230933168694933,0.00684228509226099,0.00128346166455652,0.00320813160463798,0.00236220284060549,0.00262884083939212,0.00257321007803256,"Santa Maria-Santa Barbara, CA"
40220,0.00185410934084299,0.00194614413832036,0.00237833237212353,0.0021293227099666,0.00168633900822585,0.00190573502059731,9.2622195250217e-4,0.00126955311934332,0.00250462505970646,0.00127805130801971,0.00123163078003644,0.00285622789951939,0.00184249611717894,0.01194682541067693,8.0124746034677e-4,0.00108948530343111,0.00534709158448678,0.00212839273931523,0.00195343349609563,0.00124035942489606,0.00338922011689122,0.00221704470025477,8.9834828306791e-4,0.00195877806301639,0.00180090472116773,0.0014387017839025,0.0040735582427417,0.00286242775563531,6.450179320818e-4,0.00173628570490504,0.00196096767682671,0.00132007631476173,0.00154939171458561,9.8987512694245e-4,0.00200160362168653,0.00139821924554968,0.00213879472623582,0.00221031172653528,0.00198533634809302,0.00250069213465471,0.0015835917880854,9.4793121947437e-4,0.00193599050078527,0.00103268290999542,0.00205807511937507,0.0018662478460745,0.00185921070719379,"Roanoke, VA"
49180,0.00185399450140956,0.00218450563216741,0.00227810972746285,0.00215519200836751,0.00200754816487372,0.0024466808329928,9.578805714751e-4,0.00214967213320761,0.00268142087595976,0.00200125435810167,0.00156847769602567,0.00237604458120643,0.00173311604849189,0.0018980837915863,0.00154883100086076,0.00216024861104984,7.8001503232223e-4,0.00203854330676644,0.00181942829938833,0.00297470758841332,0.0019723969751269,0.00254631554096234,0.00289278818738515,0.00162534776079593,0.00207251092476112,0.00213683887955653,0.00165363099770361,0.00160342807816029,8.0672731501434e-4,0.00172073084862083,0.00183107726857957,0.00141809711765011,0.00128780692513446,0.00152798274936125,0.00183386550942652,0.00159634091619,0.00204477188892903,0.00157837477133227,0.00157760796429909,0.00194381381641044,0.00133764817846913,0.00262461381394401,0.00254311305059097,0.00150116439582048,0.00216744544967898,0.00206243233460202,0.00207245717728647,"Winston-Salem, NC"
30700,0.00185156885477667,0.00213997813471438,0.00165325851842028,0.00253487404432721,0.00223003733247544,0.00153265751402242,0.00100857084669288,0.00151103963323277,0.00450551149814457,0.00261850590963502,0.00201112950801687,0.00269801160186718,0.00341153990734827,0.00184163566625203,0.002602014157647,0.00373897416163384,0.00100350507521185,0.00421965162819315,0.00247776512066393,0.00304673863543108,0.00285723804173946,0.00213111366860383,0.00143851256736984,0.00200447029306664,0.00292183963822627,0.00218021256646051,0.00167557553162856,0.00126607251379421,0.00195964036673047,0.00150264981521481,0.00149111926985588,0.00169982210532001,0.00182865359461065,8.8331225872585e-4,0.00368247737103065,0.00308459418349351,0.00255285839342163,0.00357792722289646,0.00260472271911136,0.0029175003994073,0.00224916448264515,0.00105700663073557,0.00190205033428433,0.00244264385917914,0.00258432242194573,0.00236885762432067,0.0023358256949757,"Lincoln, NE"
13140,0.00184709065980469,0.00213024231657397,0.00191051113264706,0.00194422729287683,0.00166629528250176,0.0019352385320218,0.00678603041890142,0.0022716213459179,0.00176870015748627,0.00236701280092669,0.00356493376416246,0.00157188329886474,0.00222094750921395,0.00260162154744606,0.00143265158543588,0.0010364444807447,0.00249362404518296,0.00369002418043099,0.00240533195225864,0.00304907815941423,0.00340997266849734,0.0021639628388477,7.3024682944452e-4,0.00224901114566733,0.00170852197265614,0.00159236402396528,0.00215701859136134,8.8271360033267e-4,0.00126653784271477,0.00108725065027938,0.00171972018489072,0.00127792782512856,0.00138075466596843,0.00588591473004778,0.00259847193800449,0.00171871041936512,0.00175066135542471,0.00202686841202,0.00162430321471471,0.00139099272911932,0.00150316935399591,0.00124483561085176,0.0024507400311308,0.00209911705521045,0.00186201614939334,0.00181926809012715,0.00180670934330491,"Beaumont-Port Arthur, TX"
43340,0.00183805270830348,0.00209416335443167,0.00187070554379534,0.00203456207238822,0.00167121889528793,0.00229998709059737,7.7587234296676e-4,0.0032584720653702,0.00261241258130933,0.00149363707387366,0.00164112409296441,0.00201708283921315,0.00201904767799381,0.00192468057516388,0.00183395291137927,0.00267168922507647,0.00354390539226026,0.00399869185370588,0.00148821578633324,0.00110198943710467,0.00147577464295078,0.00151572343826174,0.00109787535686828,0.00306516624565445,0.00185221285987862,0.00123335038793581,0.00169385431914693,0.00146484447921947,0.00996321992790653,0.00140392801136862,0.00141796339848248,0.0022906228673211,0.00118830661039509,8.8331225872585e-4,0.00264421938655379,0.00175914247103633,0.00190825365144779,0.00185993528277556,0.00179516323630096,0.00170676208531014,0.00248739389249773,0.00120687083025371,0.00319343848035072,0.00138380745095729,0.00172968694015169,0.00190488510421546,0.0018613007561223,"Shreveport-Bossier City, LA"
11460,0.00182107571835616,0.0017589311274212,0.00173152520991887,0.00233790971909495,0.00265254723326427,0.00210260917425255,0.00602264263536812,0.00309157881707923,0.00204367737468663,0.00273990679896605,0.00169229460120112,0.00468869427119205,0.00467572198346009,0.00273879895721548,8.5873664714428e-4,0.00126398802011963,0.00763846258851713,0.00390403545138661,0.00180656549790887,0.00127848218793437,0.00228062315287201,0.0018717304222501,9.1110745383972e-4,0.00253031481290371,0.00246438491733195,0.00271849925780503,0.00137444191327573,0.00130024358939662,0.00250927367426974,0.0025419524587509,0.00112083276563867,0.00191025473358239,0.00218229486443677,0.00112697975132387,0.00188984445857835,0.00539416972842696,0.00217484416066587,0.00549721946754163,0.0036413920154695,0.00177370131150111,0.00135836029565818,0.00711325837415241,0.00212524864425863,0.00182686468327381,0.0025440248013093,0.00252045838406333,0.00246490035455225,"Ann Arbor, MI"
49740,0.00180214074562641,0.00186427902655112,0.00251465520667815,0.00210394876542472,0.00161576264834611,0.00181775750489155,0.00465068398707037,0.00469939529873653,0.00631206488105337,0.00163290760366837,0.00211442936283095,0.00215762315859099,0.00118496529253685,0.00142642607720956,0.00320778222261045,0.00641643103746849,0.00113018812117304,0.00130483531854576,0.00151637830642458,0.00204255843799394,0.00183006923553357,0.00200776765728161,9.3608710002106e-4,0.00350282739877777,0.0015811704103791,0.00120479295895575,0.00147850342165003,0.00147107565101404,0.00118105378233859,0.00193691965274959,0.00182019375739493,9.144884862059e-4,0.00138137452907823,0.00680830454627314,0.0021432121323084,0.00134977484749119,0.00191218376288786,0.00181681235845707,0.00202638114992545,0.00149282108651323,0.0031778412207061,0.00227873349266554,8.9038421999349e-4,0.00311683018575918,0.00153421400413887,0.00196045525961089,0.00185353911546813,"Yuma, AZ"
21500,0.00179828388848895,0.00175312175674119,0.00188579272310643,0.00221604510674134,0.00150151363047725,0.00252717080870632,0.00127725363331234,0.00131643775573791,0.00149478760655083,0.00194866081170396,0.00124285517973689,0.00241042637121515,0.00292368467335323,0.00238943081097231,0.00106851454015366,9.6620021323738e-4,0.00113240880259898,0.00304250566293652,0.00145581816190563,0.00125543320423228,0.00180492675498562,0.00217018807462229,0.00180118316232178,0.0021390324594738,0.00206167781641187,0.00150187290539017,0.00134283849225278,0.00180743799129906,7.3951477313703e-4,8.9699706043691e-4,0.00156353435808441,0.00218800748180364,0.00110405873070793,8.8331225872585e-4,0.00168911201929107,0.00181777544282611,0.00186616240174479,0.00149230908608599,0.00217624998184076,0.00126553198542081,0.00138568880888217,0.00429608029549141,0.00244443785645287,0.00125412521650674,0.00185614343843305,0.0018142495127321,0.00179510280142854,"Erie, PA"
46220,0.00178945947769649,0.00176346544736935,0.00278395271221624,0.00322460582019799,0.00189745998423132,0.00277028771562028,0.00113578167121195,0.0020472853450823,0.00266550497889972,0.00308409703047686,0.00132232116398134,0.0033851902873597,0.00370658633956187,0.0010001558568657,0.00439562999733518,7.9425335117107e-4,0.00109710967109744,0.00200017531715033,0.00169798566052108,9.3460675504843e-4,0.00238581526031332,0.00272688387257075,0.00565598996265837,0.00118038576893959,0.00238914861755078,0.00315588537496395,0.00177899752645293,0.00142337926277909,0.01181763016540275,0.00149022579251288,0.00119386646932313,0.00111874387670742,0.00131612971814047,8.8331225872585e-4,0.00178740896120199,0.00320206663838765,0.00177711884471676,0.0033797612782751,0.00334909073938522,0.00335680527727764,0.0012022706815201,0.00552047712960546,0.003086484040323,0.0024811404899059,0.00233452752206267,0.00235134958987173,0.00238809250236254,"Tuscaloosa, AL"
48900,0.00178907509215707,0.00224136476096506,0.00211753400202674,0.00200007228086053,0.00238263576808295,0.00188984883668824,0.00516657188534078,0.00192347018804556,0.00265869009695058,0.00176930711302204,0.00230041975856452,0.00317444388319257,0.00393635950306696,0.00179798466020136,0.00205784907353658,0.00146305870773673,7.8001503232223e-4,0.00215513227425648,0.00210207367022811,0.00205090283242089,0.00269248276336934,0.00165989175878642,0.00246894471169487,0.00217948098957176,0.00224432833272632,0.00206485099236387,0.00103902328387592,0.00330298834654407,0.00200885693067614,0.0019446922988137,0.00457125905028874,0.00298066490826247,0.00229563563057234,0.00150470177030162,0.00236822442144376,0.00165451305771735,0.00175879720538906,0.00210791668372592,0.00451906325922455,0.00233797397517914,0.00251719780578747,0.00102388468442516,0.00166591074732447,0.0014710124106415,0.00260796530233862,0.00218801106219692,0.00221731183656982,"Wilmington, NC"
13380,0.00177130122015413,0.0019436299755171,0.0018694558134129,0.00181294530191073,0.00232779667900086,0.00196879639499981,0.00172082239332324,0.00164064760169606,0.00157273465460171,0.00212804618935609,0.00293427491785822,0.00216431396633048,0.00237272734664632,0.0013335436411866,9.4686565248718e-4,0.00183513483556496,0.00519464207100418,0.00186992309376984,0.00203496728543711,0.00242083946556073,0.00180556563803175,0.00162808371642667,8.1419416509916e-4,0.00311406791722798,0.00222538638384599,0.00259044272398543,0.00122557202956842,0.00151358965734466,6.450179320818e-4,0.00321328868353812,0.00134064159628757,0.00412889157867494,0.00235698586529451,0.00107966517546166,0.00186851684169455,0.00236812693653872,0.00222576885505335,0.00355157773068917,0.00324473892203891,0.00206377907975464,0.0013624421149961,0.00156849273362365,0.00157638457815149,0.00219055681665496,0.00230389607440988,0.00208525205301939,0.00208937181887413,"Bellingham, WA"
44140,0.00176865575440771,0.00193115004517329,0.00158355889319817,0.00306799399020895,0.00180242235638486,0.00299125818335156,0.00161021864476855,0.00186399311371039,0.00157875969031603,0.00200421502615307,0.00142123079293896,0.00327647309177612,0.00278298582720938,0.00230548401844347,0.00178200352212962,0.00381357013503693,7.8001503232223e-4,0.00145788448616144,0.0021054405103287,0.00214419392992241,0.00205806955904068,0.00246285156500234,0.0017822307517238,0.00202406662577188,0.00281055042638093,0.00175936914102477,0.00206472219555364,0.00205539896128527,0.00100936789120426,0.00102474157508003,0.00128199011100264,0.0012468401497402,0.00145500986801549,8.8331225872585e-4,0.00198391289271383,0.00247631698992634,0.00194499126974899,0.0036858247191334,0.00293836921145632,0.00193866179956347,0.00150920312887507,0.0032384371009131,0.00168899900700542,0.00256642551895071,0.0022119603188529,0.00222260456478779,0.00222076468124638,"Springfield, MA"
40420,0.00175909894906716,0.00180112889605268,0.00175725244813424,0.00195409003180543,0.00141845680983395,0.00191759331682154,7.7587234296676e-4,0.00162944121772435,0.00259536671568742,0.00211489895407304,0.00140172710084342,0.0013881092834581,0.00190024874144939,8.2831090201427e-4,0.00389841216093431,9.06401848263e-4,7.8001503232223e-4,0.00149238818157663,0.00201933054513948,0.00153158387487759,0.00292566663628304,0.00231707000685164,0.00222794163961746,0.00229438083482999,0.00183238412591346,0.00187878944340536,0.00151373131642943,0.00269213786708161,9.542442153052e-4,0.00199633132646053,0.00126093741327645,0.00136606513038861,0.00145368148227813,0.00136069397968207,0.00142844075297958,0.00145639205044869,0.00143746338724382,0.00174999620215724,0.00173622637524916,0.00172712364935598,0.00115799383742267,0.00180640072582216,0.00183561930765316,0.00300294263455177,0.00162014821924923,0.00170005559459551,0.00168565725009808,"Rockford, IL"
39540,0.00175330746498576,0.00129824090320273,0.00152997145602866,0.00146772729541246,0.00134866981749929,0.00142685280414295,7.7587234296676e-4,8.030269105253e-4,0.00273717425025755,0.00154569198018559,0.00210576075451311,0.00134256999241965,7.9339521372877e-4,0.00447436701351542,6.6001247161718e-4,0.00175542751766029,7.8001503232223e-4,8.8237679340242e-4,0.00219167590660272,0.00108909530784535,0.00255489022618686,0.0014945609674294,0.00202742152098871,0.00109010136703034,0.00126097566319849,0.00156398281565177,0.00204101581250658,0.00163351463280533,0.00162071166334959,6.2902985069586e-4,9.5641002616333e-4,0.00123682935734739,0.00102135727699952,0.00588591473004778,0.0014593097989768,9.3715709687807e-4,0.00168723698585272,8.9086659453907e-4,0.0014175088427463799,0.00170545542135181,0.00104487273811979,0.00573207811741237,0.00165500278846732,0.00110734592221331,0.00142925194770902,0.00139945593378298,0.0014050800407488,"Racine-Mount Pleasant, WI"
32780,0.00174333001220509,0.00177639966336869,0.00199587699726918,0.00171071508450379,0.00174598469683658,0.00182428510190905,0.00501671311744261,0.00279649050620096,0.00231330265183594,0.00229093962568189,0.00160306991196607,0.00227272795659041,0.00231338372622255,0.00142277283622478,0.00263855490720477,0.00251433486993818,7.8001503232223e-4,0.00763134565826684,0.00187765624682788,8.1281550037348e-4,0.00314559270524572,0.00113992730695538,0.00114053582118445,0.00230625254904696,0.00154506011694807,0.00130890762381069,0.00265142601235143,0.00226287504420505,0.00121441452792406,0.00198434674107091,0.00214268231182058,0.00150475139672477,0.00116690532517083,0.00207054735095513,0.00153217394641047,0.00120962881644326,0.00188231458359804,0.00138002420324208,0.00189963206519966,0.00157521389484803,0.00170673048184876,0.0031328656001395,0.00116293254294493,0.00160804927976194,0.00191869359625397,0.00176454659242019,0.00174052405507544,"Medford, OR"
33780,0.00174063863877318,0.00160516116965688,0.00136149200315325,0.00156380144174878,0.00142946199879411,0.00164554795688221,8.0970100511223e-4,0.00102349211367185,0.00180052363907418,0.0013549903244383,0.00115241153944006,0.00181847053167737,0.00201982337994488,0.00580135059277574,7.3308788806624e-4,9.9756221933763e-4,8.8231906092871e-4,0.00276272812519654,0.00196843136772204,0.00575240400886327,8.4160260446671e-4,0.00138948156932668,0.00317457870088692,0.00210113772189414,0.00143255395183666,0.00138092936315565,0.00178563469480238,0.00109697398247598,0.00273117809217739,0.00133265014383336,0.00209495082556791,0.00165762666765223,8.3624087491565e-4,8.8331225872585e-4,0.00147494284430756,0.00123863044392939,0.00150915517512691,9.4183795008049e-4,0.00166185841760204,0.00192638728418755,6.4361355702812e-4,7.1322742125829e-4,7.8063411372158e-4,0.00175382131670282,0.00163952038399559,0.00146893530690868,0.00150072891809748,"Monroe, MI"
12620,0.00173035769253835,0.00167971187721997,0.00164772457013317,0.0020075762581012,0.00179678492343459,0.0019663338485468,0.00114986699668607,7.0270436880801e-4,7.9782735646876e-4,0.00124569767424265,8.9702152548954e-4,9.887196354676e-4,0.00127585358480826,0.00111585577755934,7.4306439833936e-4,0.00135713255406587,8.2935698984331e-4,0.00829247862089075,0.00169319282254838,8.4060945967044e-4,9.6867578823227e-4,0.00242598447863353,7.3024682944452e-4,0.0040728652343851,0.00250183045073394,0.00180846189261636,0.00279440415146722,7.1122845547713e-4,6.450179320818e-4,0.00115300600849427,0.00177874305452489,0.00160926247319694,0.00111095161473157,8.8331225872585e-4,0.00135865293485393,0.00214227211769311,0.00168354958402905,0.00180669850710112,0.00210758704542013,0.00253882141729563,0.0031862042572727,0.00168261327392235,0.00114663083745611,0.00107081415797591,0.00218380564362879,0.00192467428422937,0.00188985445539211,"Bangor, ME"
26620,0.00172928214276631,0.00188310405319556,0.00148651772428061,0.00178659673496456,0.00180555028773457,0.00180208969109589,0.00104604718535009,0.00170675585963986,0.00381194204823,0.00179643529755925,0.00198742941930086,0.00186795232802016,0.00193747483994426,0.00201589955286157,0.00298039044510519,0.00180015173882268,8.0541162810514e-4,0.0014423324794124,0.00150647474523112,0.0017468246781923,0.0017337436833385,0.00281738760737241,0.00108048612328234,0.00113139120134302,0.00151419960177781,0.00188309987806234,0.00138841516572281,0.00110274128666597,0.00123194071235908,0.00112116834922931,0.00156597146811957,0.0012744336319697,0.00189747746244483,9.3108353680991e-4,0.00171547294778511,0.00149599305785854,0.0017369838289112,0.00129729624812171,0.00166543214722082,0.00143053753743609,0.00210968019501537,9.3216327392316e-4,0.00250309985549977,9.1663561836883e-4,0.00184402354383767,0.00182150728503511,0.00180337969980852,"Huntsville, AL"
44100,0.00172451579167607,0.00156565893602548,0.00139893027508462,0.00154236518977189,0.00154086530379942,0.00138838334918113,0.00666240763008,0.00182604997948336,0.00120145170829535,0.00129624737091765,0.00183706999882033,0.00172890010430492,0.00179100832924589,0.00344943757888833,0.00186228794466977,0.00119683610925292,7.8001503232223e-4,0.00435456659588296,9.9230087871601e-4,0.00175106153340314,0.00220294912824337,0.00132655509172426,7.7858195444448e-4,0.00115483859890613,0.00171675122547441,0.00125643461967325,0.00144853155369396,0.00149795349942532,0.00199040689629067,0.00161365092803592,0.001508517769944,0.00129765554239902,0.0015678877922008,8.8331225872585e-4,0.00145742233855267,0.00136629549364546,0.0019375824470652,9.1540427242654e-4,0.00150699404606044,0.00185269355530176,0.0023359401266309,0.00185014008259244,0.00200765521834055,0.00128231412479219,0.00150519340808914,0.00153089568018623,0.00154014692678267,"Springfield, IL"
15540,0.0017107039276467,0.00160849750237553,0.00147832973262349,0.00198276780436635,0.00190527085126693,0.00120971182785863,7.7587234296676e-4,6.5704624706723e-4,6.7050832845901e-4,6.5817195425338e-4,6.5575171819056e-4,6.6594877246603e-4,6.6938413037443e-4,6.6541659162714e-4,6.6001247161718e-4,0.00155335174495217,7.8001503232223e-4,0.00402949734761948,0.00140003946796408,0.00161154615928808,0.00270566127902263,0.00179361702716254,7.3024682944452e-4,0.00105031658296663,0.00263657387238796,0.00346897101237372,0.00131393632181791,0.0022341762472921,0.00222216162466629,0.00202963521491197,0.0014069264089989,0.001646119899524,0.00209942536520848,8.8331225872585e-4,0.00216432990191793,0.00216620450576992,0.00189267773071235,0.00268471574392001,0.0031310463087301,0.00195698443618093,0.00107443858953453,6.5793716418557e-4,9.8081506849566e-4,0.00127194374996153,0.00215328006914283,0.00191096176467979,0.00188545513909201,"Burlington-South Burlington, VT"
29700,0.00169506870209862,0.00183204024543194,0.00203563848822169,0.00189973769160961,0.00139080514062472,0.00180854380963246,7.7587234296676e-4,0.00361628201713991,8.8002791450431e-4,0.00173470760135857,0.00339513810682477,0.00137503678383143,0.0013329971664486,0.00150300950062504,0.00155630297356193,9.3094836025906e-4,0.0027662718895536,0.00139102463669003,0.00134714699626506,8.6957753295761e-4,0.00166819626338643,0.00164304687463734,0.00486530111347058,0.00176223991584592,0.00185215671571155,0.0012763303581567601,0.00339525230160831,0.00169051021000178,0.00614988535700568,0.00135056947966414,0.00121669949441289,0.00124007764347317,0.00109221191056713,8.8331225872585e-4,0.00149290388160298,0.00166510297207568,0.00132995613861363,0.00317213607980762,0.00187411288987953,0.0016205491405279,0.00210564694702824,0.0026181531875656,8.4532429301151e-4,0.0026579521489508,9.5734095548465e-4,0.00165101934678869,0.00163648354202346,"Laredo, TX"
26380,0.00168414065071357,0.00140604085212867,0.00198076097630701,0.00180050669226055,0.0013670150806874,0.00175784944177801,7.7587234296676e-4,6.5704624706723e-4,6.7050832845901e-4,6.5817195425338e-4,6.5575171819056e-4,6.6594877246603e-4,6.6938413037443e-4,6.6541659162714e-4,6.6001247161718e-4,0.00212625050795468,0.00467192559203643,6.0523692979142e-4,0.00122938804825379,0.00192594845082091,0.0011403946808865,9.2436644370351e-4,0.00486530111347058,0.00147823699094259,0.00286904985384753,0.00132235714436258,0.00360588829850201,0.00202297818870759,0.00429765112887687,8.1011528952946e-4,0.00252264155811529,0.00266723979551534,0.00107461442438786,8.8331225872585e-4,0.00133792573434589,0.00189843414764533,0.00177894110974322,0.00275000195245731,0.00207037405921302,0.00212902133220297,0.00125384037979933,7.9295092693536e-4,0.00148914984074833,0.00331555932168816,0.00174563302960456,0.00163438384670695,0.00161001783393922,"Houma-Bayou Cane-Thibodaux, LA"
23540,0.00168363950146252,0.0018090916237902,0.00178870544960861,0.00213806397343503,0.00258063048318192,0.0024812893334427,0.00265066612029985,0.00154734056425729,8.48531451929e-4,0.00285085124741827,0.00247057954597015,0.00301377587466831,0.00336336653428774,0.00338579638009936,0.0017278577587306,0.00217100657588154,0.00101366371352502,0.00204047576745985,0.00164653190400604,0.0019609935707049,0.001372725633534,0.00155939224303244,7.3024682944452e-4,0.00184563684950127,0.00343546326679572,0.00370940799417368,9.6804069383481e-4,0.0015243807275876,8.2211176279488e-4,0.001244588472354,0.00143212348331852,0.00161182400401911,0.0018904774977834,8.8331225872585e-4,0.00173637011163739,0.0037980418668328,0.00222803472194337,0.00282395754170211,0.00368136960968485,0.0016520796172309,0.001513844517329,0.00240674400505437,0.00196415307551647,0.00289894603701619,0.00252422855835026,0.00232935277050247,0.00240053855141392,"Gainesville, FL"
14740,0.001679272880831,0.00177371575802789,0.00141166587655604,0.0018895257600416,0.00171968335129249,0.00142427610077628,0.00131182384842514,0.00219531626927718,0.00209904839135779,0.00165555422761982,0.00126422792355687,0.00126873813703431,0.00102899570782635,0.00192168658976092,0.00476660180617509,0.001279158777514,0.00555217469539234,0.00239283420221488,0.00232016067281223,7.5587783520448e-4,6.2773944040424e-4,0.00182578954468411,7.3024682944452e-4,0.00187328571566915,0.001905005862043,0.00217774336558583,0.00135505426471205,0.0017857211996276,0.00692642097522081,0.00141191854708668,9.2679320810939e-4,0.00164235737572556,0.00175928214099018,8.8331225872585e-4,0.00135080366399021,0.0012095454212864,0.00169433520845644,0.00121762824322894,0.00165455549278027,0.00122638322294838,0.00809041694925658,7.0787784316417e-4,0.00134480370646916,0.00161043810474076,0.00190940153030495,0.00180661261292559,0.00179124039444348,"Bremerton-Silverdale-Port Orchard, WA"
32900,0.00163391818833328,0.00186079416416307,0.00127926744706944,0.00206079771612531,0.00132404236948848,0.00181103123813605,0.00243842612421594,0.00142204027517128,0.00202771565083824,0.00141188136682516,0.0015340540173811,0.00244768888352831,0.00193729137419485,0.00138945803239496,0.00158310409762112,0.00492055111189892,7.8001503232223e-4,8.4019502911181e-4,0.00160527300023011,0.00188897299296908,0.00251821021025453,0.00111578072695482,0.0054532728544719,0.00403769043655529,0.00170704056225767,0.00159400598600028,0.00199378255223031,0.00149774507433384,0.00393407927401125,0.00168574445033609,8.2362987519236e-4,0.00172192390984514,0.0011988159059542,8.8331225872585e-4,0.00190379931679711,0.00126330793087261,0.00154255131887883,8.0224137839904e-4,0.001745335468067,0.0014053157803867,0.00118977134468011,0.00369913037148128,0.00161192387705625,0.00169408915692126,0.00126469092552176,0.00166027790205453,0.00169531215853076,"Merced, CA"
11100,0.00163176660711354,0.00167170274946692,0.00135642760346368,0.00173007069713737,0.00160248766976053,0.00144344717189594,0.00210555681597524,0.00144380171155895,0.00270806788587556,0.00270534151525337,0.00157369064513968,0.00136813865105205,0.00188538204405189,0.00160389106172415,0.00199293947913975,0.00138654496172636,0.00219499361728064,0.00169169297323975,0.00225223895994272,0.00131867634943192,0.00150732837564557,0.00152907934975829,7.4573018091099e-4,0.00201489161990077,0.00182145144640552,0.00176144042008363,0.00168031281554925,0.00156309313775656,0.00429765112887687,0.00110072163796386,0.00141985121437019,0.00172288530799155,9.9829574564559e-4,8.8331225872585e-4,0.00249845370256986,0.00141923162308767,0.00205550190615697,0.00168460989122383,0.00176356983434447,0.00196963874557577,0.00226355206003306,0.00181236438840036,0.00136229417608694,0.00226837299057512,0.00173861339921136,0.0016137751197403,0.00165168480776392,"Amarillo, TX"
27900,0.00162627857927842,0.00191825862127519,0.00166922850515063,0.00198739975639077,0.00152036547877126,0.0017825845167074,9.431362835749e-4,0.00116230360793074,0.0020809407621455,0.00255530077349043,0.00239091891553899,0.00144023089642217,0.00582674972812655,0.0033203503933119,8.4148701558257e-4,7.2103975864207e-4,9.6867545813815e-4,0.00511165282695068,0.00125287984326075,0.0023759921295389,0.00141826355691988,0.00178840546567003,0.0037320462591993,0.00321511096389791,0.00236866284721831,0.00148594981219758,0.00139011951726238,0.0023640780552466,0.0063849691074819,0.00204966478915053,0.00139736440845435,0.00294952301439235,0.00156016365186502,8.8331225872585e-4,0.00177867905274466,0.00212643848931375,0.00186147414482703,0.00115279782855083,0.00142605224832308,0.00216432975090089,0.00123849854612983,0.00476988795242226,8.3017689764348e-4,0.00226651911548827,0.00198862860733057,0.00174419508889861,0.00175330123918618,"Joplin, MO-KS"
34940,0.00162297433087749,0.00261139617141939,0.00416490157791779,0.00179886201823114,0.00226735485887164,0.00295834892156446,0.00202927131943665,0.00126771163721765,0.00142360117843219,0.00135597364548288,0.00165854532980091,0.00141238991984326,0.00142136545905296,0.00171119689413226,0.00218276857559391,0.00236602076759345,0.01111962386368576,0.0017522968082654,0.00243870704704882,0.00117448992456036,0.00118012903751234,0.00160913643103801,7.3024682944452e-4,0.00173615181297092,0.00225120199854451,0.00186994326914774,0.00256176084266574,0.00158742562371523,0.00420780223305675,0.00129247593872672,0.00208498326614615,0.00255666626360024,0.00199982426296864,0.00838575751677056,0.00177561029949617,0.00153236689117024,0.00197779195110701,0.0023541416347025,0.00185550644562515,0.00196739187466579,0.00152823374551874,0.00134960299701748,0.00119010148232765,0.00276479231363417,0.00224067172819846,0.00199098305096151,0.00206525995680741,"Naples-Marco Island, FL"
47380,0.00161800874090204,0.00178325725988672,0.0018830389391433,0.00224411923904121,0.00175064958577565,0.00232617137660378,0.00543582443287226,0.00160275950060245,0.00179623559397256,0.00212787137161409,0.00119883141298508,0.00241509237679239,0.00420264836244615,0.00215464160456173,0.0027536413338541,0.00189865221599036,0.00140717282894791,0.00364573327991157,0.00178228288780495,0.00192152431368506,0.00199016323117297,0.0016478536706474,0.00490609243988946,0.00192653959482055,0.0020527605466961,0.00198579836951701,0.00185641368171737,0.00183837670355759,9.2788741023021e-4,0.00121772346069033,0.00165963425037156,0.00178533009044194,0.00132981050108186,0.00427893085751265,0.00208307507654017,0.00183638840663839,0.00202992519146102,0.00178104186349289,0.00233140351833873,0.00232882730140872,0.00153852927133368,0.00122635699628849,0.00217531021851564,0.00295035766442526,0.00202386571172582,0.00196154760520963,0.00196178120250476,"Waco, TX"
15180,0.00160895004432108,0.00166511548120747,0.00201528829367893,0.00176600287922688,0.00129420714466535,0.0018252413800524,0.00590618681067778,0.00127165902340297,0.00201257467780527,0.00131239457934864,0.00210908513372863,0.00152717186191009,0.00134990743241277,0.0024554444989189,0.00114018991600164,0.00184909007678497,0.00213611374810514,0.001090112663051,0.00193222784637976,7.0006676733928e-4,0.00194292640515452,0.0012319486798347,0.00284433057153984,0.00115092587952671,0.00118888313458734,0.00142421043998717,0.0017742626418114,0.00229169924241745,9.3649410378736e-4,8.66084886101e-4,0.00174011843621691,0.00188725571724455,0.00154562494242382,8.8331225872585e-4,0.00165231104321264,0.0015807819140009,0.00236754157895386,0.00128529093254378,0.00113939949106743,0.00148067987874607,0.0011704041255031,7.8653404656151e-4,7.6436557571285e-4,0.00311344918965293,9.3891060931098e-4,0.00151284898475055,0.00152098359901563,"Brownsville-Harlingen, TX"
31340,0.00159823773558693,0.00193846573161061,0.00194455697329317,0.00196868035761507,0.00201505068821673,0.00173422485340615,0.00370139708166083,0.00147051875356085,0.00384692049672702,0.00266769486675855,0.00189597581824322,0.00207196912097669,0.0026899604420463,0.00257923064849842,0.00246422625916593,0.00126803066602956,8.1992396855252e-4,0.00121447378981552,0.00183427677462373,0.00253781951986576,0.00131420188434458,0.00257193980348452,0.00150582831408099,0.0013255658903744,0.00168154853801075,0.0020752539241877,0.00268899749537245,0.00116035047248023,8.3615549522355e-4,0.00326214338583091,0.00210780945281935,0.00167834889223197,0.00128718335396448,8.8331225872585e-4,0.00318117977234316,0.00289788720957526,0.00186408405828892,0.00260961232237426,0.00209349737844651,0.00215354734213097,0.00165503493409063,0.00241402103467299,0.00211686383509944,0.00108222588093362,0.00229446232237427,0.00201375100200567,0.00200133951991186,"Lynchburg, VA"
33740,0.00159823391674057,0.00154568224888445,0.00157981952892766,0.00177304953640628,0.00127888534336028,0.00164899456090771,7.7587234296676e-4,0.00154266660208894,0.00223424545340641,0.00296263584131982,0.00145447339467346,0.00293940180844481,0.00244157935560128,0.00218117543881162,0.00160188364391177,6.1578718165157e-4,0.00190932974228817,0.00402949734761948,0.00183915136377728,8.7727110670795e-4,0.00135665310403587,0.00146313763237114,7.3024682944452e-4,9.5319540458176e-4,0.00147764551944038,0.00135546739968524,0.00109513144472173,7.0998034755399e-4,6.450179320818e-4,0.00152683969162925,0.00173448436036641,0.00157344848241001,0.00156635171399139,0.00163414401108722,0.00109899889570073,0.00151408080297355,0.00171702561232093,0.00126018244085848,0.00142193821705326,0.00136534076112101,0.00144689578562958,0.00262317771307325,0.00174213228085588,9.6171689887584e-4,0.00148191470163543,0.001488669123973,0.00150628912850309,"Monroe, LA"
36220,0.00158533964356568,0.00114081494842384,0.00106206320942178,0.00146225411751315,0.00115486820298376,0.00129270576501004,7.7587234296676e-4,0.00413829562686284,0.00147045578405651,0.00136185940486949,0.00213056267226454,0.00139712163201843,0.00115351408163282,0.00110436393915112,0.00127115033267187,0.00106814775996929,0.00565147961098142,0.0016211163570524,0.00137682921270284,7.4337109443344e-4,9.8235249853294e-4,0.00162147706144945,7.3024682944452e-4,0.00225624510089918,0.00116441656953194,0.00166363009218133,0.00166592047862947,8.7130601131978e-4,6.450179320818e-4,0.00132564680046464,9.8315002987732e-4,0.00151477159281761,0.00120074146369226,8.8331225872585e-4,0.00110635147882779,0.0014841645761529,0.00148902801338781,0.00114355568693125,0.00110541298543861,0.00126902773037364,5.8770317778838e-4,8.6216857425023e-4,0.00107493263891028,0.0025567936920548,9.9819774803867e-4,0.00138009843863345,0.00130568610152624,"Odessa, TX"
42020,0.00156380924188318,0.00184671893565822,0.00163915567114906,0.0021613713948959,0.0022659260415066,0.00176544911579236,0.00973334423315759,0.00197111978434014,0.0014498681821394,0.00250822212452808,0.001650930419352,0.0019520166991678,0.00522826072748542,0.00336574531633473,0.00295185518701607,0.00244588315779985,0.00104152370503705,0.00184156100425114,0.00226156920491852,0.00401118679279651,0.00107649306466502,0.00221388161234969,7.7786659353312e-4,0.00261208146404626,0.00182180561010779,0.0036380717175087,0.00132604318882515,0.00179456714617312,0.00865928233524127,0.00161103422080266,0.0010833996299119,0.00381876663643672,0.002457375654092,8.8331225872585e-4,0.00230683903495625,0.00283316558300223,0.0016793416459423,0.00483087783799783,0.00356651721528682,0.00201997370481099,0.00218005852560511,0.00191180760502614,9.5221850456842e-4,0.00167364604175646,0.00257841011503435,0.00225963120662107,0.00223165037015078,"San Luis Obispo-Paso Robles, CA"
34740,0.00155439130622595,0.00152715993937143,0.00179445312567034,0.00171235095846738,0.00135932839346522,0.00156695180561538,9.4125691345571e-4,0.00146793764610378,0.00232247027886099,0.00143087564100621,0.00246799666232722,0.00310401001259015,0.00250510032554344,0.00100758748685484,7.7496836000946e-4,0.00113636268847098,7.8001503232223e-4,0.00402949734761948,0.00131596331010877,0.00125750350377891,0.0010328289052137,0.00271623900928681,0.00145663241743387,7.3491796903653e-4,0.00134743641300649,0.0013321240167711,0.0012261649726162,0.00110371870558713,0.00531127539812971,0.00209769837661056,0.00119340520645527,0.00152915473063168,8.8245321926541e-4,8.8331225872585e-4,0.00156485214796711,0.00144100763783665,0.00141001332649643,0.00177059632020021,0.00187364903564726,0.00167126849944109,7.6051051606183e-4,0.00391168702421772,0.00168115062654864,0.00141281540559395,0.00153709913411027,0.00152436844484012,0.00152401413718981,"Muskegon-Norton Shores, MI"
36780,0.00154937906874836,0.00135624865596733,0.00129092167801848,0.00164006488135108,0.00151144896303089,0.00141948843230697,0.00125015697003837,0.00190008083332501,0.00215585188043007,0.00197597731851007,0.00137540333792731,0.00234995331264925,0.00160222403620092,0.00249211035757253,0.00164750690793481,8.0693626534178e-4,7.8001503232223e-4,7.175586091628e-4,0.00109854185179692,0.0012169170066119,0.00205608052071954,0.00184382507099261,0.00101769087485389,0.00125202667392994,0.00242645630763861,0.0010697220837244,0.00113770445610629,0.00222024773927637,0.00429765112887687,0.0018500420188354,0.00179501315233461,0.00159717678784124,9.9684030490606e-4,0.00725820005810158,0.00154740687906987,0.00118408389482798,0.00163881846349143,0.00171602336891829,0.0021405924811366,0.00130960531354412,0.00158927411103854,6.163894723467e-4,0.00137710689522313,0.00136424736141398,0.0017389709080345,0.0015651452391433,0.00157442820060982,"Oshkosh-Neenah, WI"
39820,0.00154626005251108,0.00168192976251109,0.00146573906693574,0.00161834919632983,0.00145450454084304,0.00151377767477183,0.01084657109065153,0.00141938483797164,0.00117939001612312,0.00179829788646861,0.00191574325106737,0.00117081118462111,0.00124632947641984,0.00172853800718902,0.00115475189523942,0.00182559459178895,0.0014204718978453,8.5705936306687e-4,0.00155079237302142,0.00134565417216165,0.00116987062103524,0.00177772389267949,7.3024682944452e-4,0.00101705467764912,0.00161143129285437,0.00188348763385659,0.00198327143192769,9.7675878471463e-4,0.00113182563076,8.5606056281313e-4,0.00130266232258588,0.00233611149141877,0.00207292394919863,8.8331225872585e-4,0.00225820160389761,0.00122131050446604,0.00155456612066632,0.00157366037898018,0.00156682934222184,0.00186915081213964,0.00236475906326128,6.9634782998928e-4,7.6169113463209e-4,0.00108645636419815,0.00168954041090198,0.00150974920958453,0.00151940211409948,"Redding, CA"
36980,0.00154485058535402,0.00153138893601721,0.00146889146789936,0.00149003507384123,0.00118036432011608,0.00129539048578548,7.7587234296676e-4,6.5704624706723e-4,6.7050832845901e-4,6.5817195425338e-4,6.5575171819056e-4,6.6594877246603e-4,6.6938413037443e-4,6.6541659162714e-4,6.6001247161718e-4,0.00438332164193911,0.00306240812266523,7.4352455535204e-4,0.00103287867765298,0.00263787200816331,0.00105553939578933,0.00215725103719685,0.00166711476702674,8.2667341245104e-4,0.00157331487701428,0.00155234174813993,0.00314378752217063,9.7307181953316e-4,8.133820221309e-4,6.1359985176781e-4,0.00243318442592072,7.871830928966e-4,0.0024155416054865,8.8331225872585e-4,0.00134394561640583,0.0016461100999511,0.00123132006774932,0.00134826059189754,0.00131043074964796,0.00106842108638273,8.3001786025182e-4,0.00222220877203822,8.6046468812843e-4,7.9493798013056e-4,0.00140196797153136,0.00134286319337358,0.00132787150530977,"Owensboro, KY"
24780,0.00154155198542637,0.00170842701597915,0.00184920763070917,0.00252792142236195,0.00192824977293486,0.00356888921973022,9.3958012729072e-4,0.00110882914900313,0.00175439689432569,0.00222143493319635,0.00217557721701669,0.00317255216689106,0.00251031866377041,0.0015960079970515,0.00104117255283136,8.861023842394e-4,0.00519464207100418,0.00107821906806659,0.00133934525656083,0.0026419007776133,0.00120959309509539,0.00188921292676958,9.8362157769838e-4,8.7338702599885e-4,0.00178253811529833,0.00173399677638893,0.00112714451873961,0.00249779084481951,6.450179320818e-4,0.00232097267856227,0.00114882344414939,0.00141024545104197,0.00120356228546735,9.3108353680991e-4,0.00118536726827377,0.00203031861935534,0.00211506147430578,0.00136529316422157,0.00228368886783126,0.00181318924293642,0.0012548292804939,0.00386385503385875,0.00327775794130474,0.0012912434677272,0.00195261434605533,0.0022216701102609,0.00215942710512732,"Greenville, NC"
25260,0.00153674040786101,0.00132099062240304,0.00109869893147543,0.00163032615384386,0.00119078403683418,0.00149951416474579,0.0037806343756013,0.00103017302490316,0.00130278668053965,0.00101466433011453,0.00108907028300913,0.00157702891509417,0.00205647055353307,0.00358286329952396,0.0024703827477927,0.00169820285672803,7.8001503232223e-4,0.00105125312036267,0.00169728451332937,0.00223434643099684,0.00455321313625153,0.00190927496301848,7.3024682944452e-4,0.00223059257057018,0.00151026235363685,0.0011673071999202401,0.00194794341869244,0.00081216725363055995,0.00142635432414625,7.0812483513191e-4,6.2618908029211e-4,6.0842730301453e-4,8.877190426429e-4,8.8331225872585e-4,0.0011673602124134,8.6533880894296e-4,0.00168369278778513,0.00107294042685793,0.00139831447745108,8.2763764572445e-4,0.00323501042464045,0.00416967621072571,0.00184014907179967,0.0016156434036216,0.00123017216041618,0.00142322773544644,0.00141519171834613,"Hanford-Corcoran, CA"
27100,0.00152718560910229,0.00170704018511065,0.00152823027904048,0.00202231213509469,0.00123274517645233,0.00171736170182218,8.3789155690012e-4,0.0029697702556346,0.00148459713185741,0.00154856554871134,0.00117916736308994,0.00138929747986611,0.00119594584459258,0.00164575263886731,0.0057468699603703,0.00122323273341974,7.8001503232223e-4,0.0021430904218281,0.00201942584036074,0.00158772187762216,0.00161121686638493,0.00171681923759639,0.00395532810061881,0.00119330571067091,0.0021683242095347,0.00159629106356437,0.00146721420163392,6.414068040238e-4,0.00126460985417384,0.00138997366284449,0.00193461732947515,0.00161862544560282,0.00264866636403194,0.00588591473004778,0.00123305123535385,0.00109052349300537,0.00138639302128377,9.9044884334857e-4,0.00147668419077027,0.00195039435702278,0.00136681054692743,6.163894723467e-4,0.00111298931246453,6.9341677487345e-4,0.00175799648836187,0.00153616257932823,0.00153854087539227,"Jackson, MI"
13900,0.00152609679890974,0.00132672841853113,0.00173888722874413,0.00142432950979863,0.00146271461101713,0.00162364621571736,0.00139746949880746,0.0020096086146999,0.00224319088318241,9.2772298697804e-4,0.00179648054162027,0.00142845640558202,9.7919958556236e-4,0.00113139800629964,0.00434684481927739,0.00153312919566354,0.00240495799920841,0.00395262761530583,0.0012868738633764,0.00103984452592179,0.00400677333674841,7.7521542528469e-4,7.3024682944452e-4,0.00135655100653575,0.00150734555310198,0.00249446097692342,0.00192685311634257,0.00117253873482017,6.450179320818e-4,0.00129763978709083,0.00137026052090873,0.00386266087590848,0.00144169366248599,9.0258838847907e-4,0.00105769018040655,0.00132483385841335,0.0017980446647074,8.0868777609824e-4,0.00134545829267872,0.00188788653037368,0.0022139014500725,6.163894723467e-4,0.00116489258470071,0.00167204717582408,0.00147669090210724,0.00145817391333092,0.00144986983710991,"Bismarck, ND"
29420,0.00152158486593513,0.00190634759043156,0.00271988927558222,0.00205722486140871,0.00150445082041859,0.0021828224230551,0.00516657188534078,0.00242174432538725,0.00191952687516769,0.00155313773499161,0.00157972506496704,0.00188298892321333,0.00224467917978704,8.9282984131486e-4,0.00217476186313388,0.0016150797055908,0.00316234860218655,0.00492606311207348,0.00194720020420613,9.4262008207425e-4,0.00185518698337363,0.00171942569033585,0.00124442935731055,0.00109637498082511,0.00162560482269272,0.00209929248351005,0.00156773088772386,0.00111825482515328,0.00150249735055333,0.00193346311627175,0.00146107344205147,0.00205925461716334,0.0010916625440406,8.8331225872585e-4,0.00166068979390041,0.00117647840731927,0.00177196284379517,0.00230520230700686,0.00183770487437431,0.002000653038679,0.00183245563813413,0.0018644679301231,9.2688406634162e-4,0.0023222416907456,0.00194854278014355,0.00178191719649858,0.00177419660447757,"Lake Havasu City-Kingman, AZ"
17780,0.00152151970641453,0.00181207495840445,0.00197160304163572,0.00233525311898254,0.00244539446737781,0.00289888506139414,0.0012118772902758,0.00179018597160325,0.00157473396228627,0.00352029080556199,0.00168324616815475,0.00210833395878351,0.00444378692431778,0.00370346440640444,0.00174431110522522,0.00272934296516087,0.00201316017396467,0.00418237540860418,0.00164130997040179,0.00144772767387561,0.00172841443923026,0.00127692583405974,0.00165269990363584,0.00199495083516787,0.0030886440490707,0.0021941901949772,0.00217149417800715,0.00156817289956178,0.00140760444003494,0.00271192303049008,0.0013245798297456,0.00246342030968407,0.00190717361662952,0.00112111885885979,0.001769526868848,0.00315962038463538,0.00174520906005278,0.00466711831868551,0.00354560319237536,0.00303607432409528,0.00190128823926065,0.00126338433066421,0.00201980694429701,0.00288529130975812,0.00254672604425745,0.00236685286256182,0.00236622788335693,"College Station-Bryan, TX"
31460,0.00151094797823613,0.00120927341744392,0.00111589610467111,0.00133822681000535,0.0011492673474528,0.00123026832537461,0.00508753616739629,0.00251064768752339,0.00124106080552561,0.00212140095871346,0.00183216605848565,0.00101016034391615,9.128172954849e-4,0.00176296159529675,0.00143493848246374,0.00196791529251756,0.00249226373779145,8.2796387615002e-4,0.00171053950989256,0.00660478103774664,0.00103659344318201,0.00100833360401472,7.3024682944452e-4,0.00145567927822953,8.4068288758717e-4,9.3595653485348e-4,0.00155639529538473,0.00148403778644117,9.1809214201715e-4,0.00106700204987443,0.00267726976963682,0.00120156969826513,0.00124726812706642,8.8331225872585e-4,0.00149684811844251,0.00153379542679577,0.00154835416465326,0.00105052425505773,0.00105141939106994,0.0010935554876382,0.00110695090293115,0.00172515380825968,8.5470015477195e-4,0.00147894341311694,0.00110925839147027,0.0012347964920887,0.00125417245716711,NA
44220,0.00149692080722717,0.00158237298098553,0.00127123549325754,0.00184121202960771,0.0011330348109398,0.00170321520619428,0.00516657188534078,0.00173421626208588,0.00250594621578913,0.00205614228910637,0.00256412091112172,0.00129840357023791,0.00136871459210134,0.00156590151309212,7.3827258979625e-4,0.00138833765000486,7.8001503232223e-4,0.00402949734761948,0.0013036085755162,0.00147135812962156,0.00134734939225531,0.00202710693937682,0.00178441864989518,0.00113859478803571,0.0018497036537798,0.00146682917017962,9.3770270605575e-4,0.00190820439694984,0.0010748418120385501,0.00165509778840698,0.00161594772658412,8.5423138434027e-4,9.7755468643344e-4,9.4533111097533e-4,0.00161750620400194,0.0013442462193551,0.00128796553199553,0.00107701876399637,0.00189192331271684,0.00187628654026867,0.00133974487335424,0.00176779748328288,0.00138153809162455,0.00250679751747067,0.0016191948698857,0.00151461660721156,0.00148722539821192,"Springfield, OH"
41100,0.00149427430796231,0.00150926076010903,0.00242068119386127,0.00167282549165751,0.00161082002902226,0.0017138552591212,8.4255231420488e-4,0.00226458980403127,0.00216938124242181,0.00195546368502915,0.00147907928195481,0.00157868232635466,0.0022865246946232,0.00102970262721792,0.00200533007156188,6.4094063246338e-4,0.00157994380301062,8.8072171491394e-4,0.0014980320009681,0.00162539389000241,0.00106502358484835,0.00162062555522913,0.00486530111347058,0.00267403369087602,0.00244816638942718,0.00111304490329156,0.00112144875928511,0.00119400668424379,0.00498105195522607,0.00122281371822336,0.00171578171298041,0.00281208738513302,0.00127586112161288,8.8331225872585e-4,0.00145705357738031,0.0020569465276026,0.00143173772716578,0.00117656121512139,0.00183646082506563,0.00289679527084406,0.00115605886801543,6.163894723467e-4,8.3478173007377e-4,0.00180082143392795,0.00184194299783988,0.00168552526427287,0.00163306049393011,"St. George, UT"
45060,0.00149418045830175,0.00157711885707543,0.00161501211396453,0.00199445049753861,0.00170123055864551,0.00222468383979971,0.00209331079652071,0.00178524124058168,0.00169685051938561,0.00167655818050233,0.00160861121067229,0.00236992940598343,0.0025308556622189,0.00187258902589948,0.00154607749786159,0.0020693161050813,8.2718013877621e-4,0.0026583418929468,0.00160342108143445,0.0012453584344504,0.00123291780125775,0.00135122457502213,0.00150425654618561,0.00160543023648853,0.00183575180371275,0.00165218088175235,0.00138462151437199,0.00140700042261834,0.00132388819022018,0.00174415161648091,0.00128973327634987,0.00150063046862512,0.00133617789034664,8.8331225872585e-4,0.00143597232447381,0.00234312150260627,0.00165952748291193,0.0022776210620613,0.00221838150578774,0.00156475537858918,0.00122595707493027,0.00171745971293643,0.00144910505216588,9.888696988978e-4,0.00214108820950804,0.00187582211486912,0.00183581681465781,"Syracuse, NY"
16620,0.0014921388224974,0.00139741269756014,0.00181344822550298,0.00144589953705497,0.00135924446592875,0.00134230007882303,7.7587234296676e-4,0.00127266570236553,0.00110243395438196,0.00174404545439209,0.00168764865154969,0.00184255771667765,0.00108958027089068,0.00178773758676571,9.2029779478854e-4,0.00284044846743943,0.00146155071817853,6.7822191599458e-4,0.00126796706602649,9.9727726821733e-4,0.00242099738793116,0.00233193622391962,7.9423947055831e-4,0.00134693660693357,0.00161362571812091,0.00112169737423056,8.9827990537621e-4,9.0396535464918e-4,6.450179320818e-4,0.00215331547727756,9.8811095809657e-4,0.00202987411456739,0.00130313915025088,8.8331225872585e-4,0.00132577432200018,0.00111204458538057,0.00145101119013041,0.00116378205120789,0.00143836552548295,0.00106022965779836,0.0017824284288416,0.00192300060526426,0.00155507481077675,0.00130051848030745,0.00146938525513807,0.00139110997511799,0.00139231918912979,"Charleston, WV"
27500,0.00148968447094917,0.00156632396806053,0.00189757617104921,0.00179716966517082,0.00136117131804623,0.00143173325422947,0.00165567681877347,0.00106478238456481,0.00147803476833445,0.00123276575328886,0.0017544077670057,0.00232659788316663,0.00214013087607923,0.00142397531328063,7.4337542800057e-4,0.00172902212668087,7.8001503232223e-4,6.0523692979142e-4,0.00174832077350678,0.00230578596650109,0.0017857022325258,0.00210689959026701,8.9519824898145e-4,0.0025191442781454,0.00161253208789642,0.00207200048740699,0.0011958482835669,9.296454738279e-4,6.450179320818e-4,0.00115382349308805,7.4122570020545e-4,0.00121898651313466,0.00146441841209411,8.8331225872585e-4,0.00152815115997227,0.00108385497971005,0.00110764330761876,8.1848409924229e-4,0.00179594080158201,0.00359085627953565,0.00174233105164059,0.00108124613617011,0.0012360575217657,0.00273005437181883,0.0016657680761143,0.0015799579052858,0.00157481716320706,"Janesville-Beloit, WI"
19460,0.00147779577772488,0.00166066483398722,0.0014576538876603,0.00173336384939078,0.00117835857978542,0.00143669474563814,7.7587234296676e-4,0.0047168625173281,0.00150328375054141,0.0014597852629063,0.00155338610806314,0.00115145068240711,8.9056876781775e-4,8.5076460844466e-4,7.2736732209967e-4,0.00165765779783237,8.1992396855252e-4,0.00225475300780833,0.00171738940369591,0.00142506128573037,0.00490205536765141,0.00178816942837949,0.00138276968959062,0.00178471586281183,0.00254650477426617,0.00123713628691392,0.00229865026212768,0.00142347663735674,6.9715955752479e-4,7.8325530526385e-4,0.00245142724063772,7.624643740223e-4,0.00179638394286642,0.00250580820783032,0.00106140636573378,0.00138910251474785,0.00167925989765331,0.00150709670082817,0.00122790385478052,0.00127281704756291,0.00142553786990083,0.00410546801971464,0.00177587409202148,0.00296550936557572,0.00144210114270575,0.00148188507887522,0.00145232779653886,"Decatur, AL"
23580,0.00147584317168116,0.00131582395202664,0.00190213872081452,0.00142842279801579,0.00122140574042008,0.00147850821163438,0.00230225338750993,0.00180435767636627,0.00187068155918268,0.00131626100450539,0.00219352243277786,0.00112063177223037,0.0011225765181698,0.00128592031594128,8.9083912286991e-4,0.00616131799908987,7.8001503232223e-4,0.00105915845426519,0.00169180284641703,0.00358967629554101,0.00140008460489843,0.00152785044696956,0.00108893740367447,0.00155832413878748,0.00120325179662427,0.00113468676201922,0.00188982817435431,0.00140890291306954,0.00429765112887687,0.0011440082470443,8.4221261660055e-4,0.00264595999920375,0.00117327863482799,8.8331225872585e-4,0.00144474894319911,0.00128072339756323,0.00124353541058484,0.00112905915367705,0.00103366346755196,0.00102737584141241,0.00105581668585613,9.5185738344103e-4,0.00107734982168905,0.00243658060577865,0.00128899516839606,0.00133170207457215,0.00133217430132554,"Gainesville, GA"
49700,0.00146552739068522,0.00167261047392586,0.00143150696430121,0.00177717316298823,0.00140342738745246,0.00163343407002656,0.00206755820012556,0.00143221768506902,0.00143511189247522,0.00193697267315614,0.00206494035550079,0.00186884242666789,0.00166715644017293,0.0045920669989954,0.00236643226374016,0.00272891797195341,0.00259586130226882,7.9174370355092e-4,0.0015968608105413,0.00441871849230117,0.00353747915026654,0.00147596089716151,7.3024682944452e-4,0.00202863848561333,0.0016943121757238,0.00159870234935263,0.00219101582184496,0.00136398587144696,8.5830975788144e-4,8.0418070631278e-4,9.6735171622074e-4,0.00132101182078595,0.00108121199376676,8.8331225872585e-4,0.00103866156579972,0.00174923234924163,0.00223427882705708,0.00172799470031756,0.00108362421422286,0.0011951522750836,0.00177969977706214,0.00561548879424003,0.00136527637135081,0.00203671269019837,0.00141101096163672,0.00160521560952079,0.0015836757563436,"Yuba City, CA"
21140,0.00145967184459814,0.00167320192294594,0.00144013018091873,0.0016899581496229,0.00127445077653196,0.00156121921965171,0.00516657188534078,9.251950336163e-4,0.00286389824304166,9.2934021118152e-4,0.0015729678490879,0.00119332987711286,0.00109242305562975,7.7604752769523e-4,0.00244838040762045,0.00241246262949745,7.8001503232223e-4,6.722442835795e-4,0.00130741085997383,0.00144549250033508,0.00126689650940356,0.00307327372564503,0.00223151955167123,0.00577508260615328,0.00140793236677955,0.00163638062399173,0.00153595972274171,0.00139320162027529,6.450179320818e-4,0.00171308391394562,0.00136353701712924,7.4527500550718e-4,9.3248752913992e-4,0.00588591473004778,0.00104316914651296,0.00113811634145967,0.00179652612307406,6.7048794972317e-4,0.0013454495335978,0.00117494751993601,0.00169039967625958,9.7190760429368e-4,0.00169071603798317,0.00106260326380554,0.00140624274907939,0.00139461833257618,0.00146452773523118,"Elkhart-Goshen, IN"
48140,0.00145689451603051,0.00127956335666478,0.00130682428186196,0.00144217914252785,0.00115137836364805,0.00144494622851591,0.00258662822150093,0.00134024988334704,0.00144046642876491,9.3034928040644e-4,0.00230408859867889,0.0015310802098679,0.00157914812365485,0.00121392102618351,0.00461930458103242,0.00204914015649307,7.8001503232223e-4,0.00136147155250286,0.00171023491022596,0.00131977345626448,0.00157574178011164,0.00140784543045411,9.5092577573406e-4,8.2784522623995e-4,0.00120000576007469,9.6400853343404e-4,0.00163581097874763,0.00174799467408828,8.4581535468202e-4,9.1167769869796e-4,0.00195183182972504,0.00222922654043148,9.4628360874776e-4,8.8331225872585e-4,0.00208897095972909,8.6247324396096e-4,0.00114701989180033,6.4876640246751e-4,0.00126981768135586,0.00129910386498041,0.00126119842354422,0.00416809776746987,6.1358702187298e-4,0.0029482606867319,0.00138432741263252,0.00130357146542677,0.00128185986400529,"Wausau, WI"
16580,0.00144610191920819,0.00127139099425353,0.00139071831153943,0.00180748719645489,0.00166910803348171,0.00262651992276945,7.7587234296676e-4,6.5704624706723e-4,6.7050832845901e-4,6.5817195425338e-4,6.5575171819056e-4,6.6594877246603e-4,6.6938413037443e-4,6.6541659162714e-4,6.6001247161718e-4,0.00120610914486859,0.00987138772475173,0.00150962149065806,0.00101105217422044,0.00175945255967306,0.00163399523598136,0.0012524519497026,9.2293251054571e-4,0.0012307313107918,0.00168045325993674,0.0013686317188899,0.00113389103442319,0.00201793791837408,0.00583992546316035,0.00138490197592227,0.00103628757072394,0.00135276789924239,0.00132786705686008,0.00136734273583932,8.680321873213e-4,0.00283124080102919,0.00211685913917402,0.00145864566245035,0.00241806767442147,0.00135732984316034,0.00103299375151412,0.00165776245255666,0.00199297337405016,0.00193134342894856,0.00171517460209207,0.00168579221166372,0.00171945169024027,"Champaign-Urbana, IL"
29200,0.0014357175473609,0.00151957185491158,0.0016078920562699,0.002486970065596,0.00185979952748965,0.00232857494904217,0.00136907132333284,7.6917696731496e-4,0.00285544841121983,0.00226428920722109,0.00213408786852479,0.00319768579400991,0.00327457273848009,0.00142161872123974,0.00171349877213958,0.00223076934349822,0.00519464207100418,0.00104757607288376,0.00195906042596322,0.00170011775026354,0.00243954395588622,0.00271167629411501,0.00486530111347058,0.00127278179023428,0.00235738931380251,0.00183931078498741,0.00129645409528843,0.00221906792266595,0.00719130713024849,0.00121586695086825,8.5450547778535e-4,0.00264641004709987,0.00131942292250753,9.7226312061391e-4,0.0020099703531383,0.00301054520654945,0.00174529832875236,0.0024612854078411,0.00344603189657824,0.00170643216678758,0.00123930835442019,0.00433308581750748,0.00205929106748213,0.00257658559658608,0.00225303084977604,0.00214111922932006,0.00208501274542221,"Lafayette-West Lafayette, IN"
42100,0.00143118936923837,0.00153768446222318,0.00156789596170259,0.00153556092815369,0.00184534462091799,0.00155932622712524,0.00280241563587143,0.00202929313042883,0.0019146932053284,0.00202852178480199,0.00129459915171385,0.00173007277829444,0.00290305255967238,0.00225625756033486,0.00177565553137272,0.00216948738414662,0.001443035376668,0.00152657428609953,0.00174423318828673,0.0022674963150393,0.00143047792947876,0.00187246177867466,9.2418991676647e-4,0.00147051615768636,0.00188323638786751,0.00135277666796198,0.00123767428609861,0.00231119777474804,0.00180597034139354,0.00128969332738649,0.00114070830000858,0.00108950672059506,0.0021558280728914,8.9253127730348e-4,0.00142065235221001,0.00198735941717335,0.00162551287427064,0.00302036189228039,0.00185416884203639,0.00176801860999133,0.00125784120453103,0.00108028047569823,8.9065536924494e-4,0.00165570775184603,0.00172599554215764,0.00179087907998063,0.00170787847696202,"Santa Cruz-Watsonville, CA"
27180,0.00142592584670775,0.00141003282315808,0.00120225787071895,0.00179982518155005,0.00109961981412603,0.00139814821338401,7.7587234296676e-4,0.00222612691696846,0.00130594850972322,0.00115592351046266,0.00137481167737506,9.8663022573996e-4,0.00340352063122913,0.00350745410824057,7.3604603167141e-4,0.00257348950258561,7.8001503232223e-4,0.00165743966478258,0.00171409783533766,7.5060955302191e-4,0.00109619273204193,0.00250751677946361,0.00155527188007521,0.00180049337537494,0.00142119441237253,0.00184848614126338,8.0522438798582e-4,0.0011219206842937,6.450179320818e-4,0.00125590885424337,0.00103287290246189,7.7837856503101e-4,0.00135730059662153,8.8331225872585e-4,0.00156816563708366,0.00113283498001449,0.00128140101670142,9.4510462858791e-4,0.00183453993069268,0.00100653792399813,0.00133498075583594,0.00331394975345379,0.00213997190756839,0.00165899037627635,0.00131647921750734,0.00140590004337983,0.00140352909217577,"Jackson, TN"
35660,0.00142185670362759,0.00139036457363844,0.00145439359062238,0.00141871262165094,0.0013604481103999,0.00113974517783871,0.0023645623612564,0.00243247604903703,0.00114333372975974,0.00112074547809882,0.00101749132654742,0.00157654211824249,0.00119196112992754,8.4501403059362e-4,0.00161770134217381,0.00182843234852391,7.8001503232223e-4,0.00207183100591318,0.00169646296510258,0.00336382931593934,0.00145310364521279,0.00191110791232791,0.00327939517446536,9.9988584055849e-4,0.00125410013916668,0.00105354144737868,0.00100574076705289,0.0052223263265052,6.6025022749708e-4,9.6167327808735e-4,0.00100761568771969,0.00124170393419642,0.00104594227100041,8.8331225872585e-4,0.00173018084960905,0.00138493888312228,0.00152131495227742,0.00144222050238724,0.00175064668686687,0.00174110207741488,0.00113356777995989,9.3504502199723e-4,0.00173788879202638,0.00146464256223271,0.00142358359353659,0.0013920602040159,0.00137106980065225,"Niles, MI"
33140,0.0014161542475802,0.00160637229365453,0.00109757551412267,0.00145354197397254,0.00132384213657903,0.00155880569108476,7.7587234296676e-4,8.4782652759472e-4,0.00181626687782888,0.00132027353979534,0.00108473395784386,0.00135946817607004,8.7743723865902e-4,0.00314529810164098,0.00259198557368647,8.2874647693202e-4,7.8001503232223e-4,0.00402949734761948,0.00234231392988041,0.00282441053667631,0.00121952113638218,0.00143130268539681,0.00167940090639114,0.00139767749501784,0.00138698474254223,0.00182163562707617,0.00108884446672784,0.00120945297561007,0.00455444020652039,0.00112793776934934,0.00151123936615695,0.00328243505232694,0.00135220947896346,8.8331225872585e-4,0.00117032460933836,9.1941485928401e-4,0.00190082597945098,0.00181649783313064,0.00127586630448708,0.00109506819485519,0.0015155641095958,0.00165828595648109,0.00140406142240335,0.0014262353899217,0.00144266371012295,0.00142867026352409,0.00138661908597157,"Michigan City-La Porte, IN"
41420,0.00141549863911871,0.00133818211301517,0.00170529865466434,0.00146956859590805,0.00144149401348094,0.00161943456493335,0.00490301393401661,0.0026567100228444,0.00179572319922407,0.00162824569014272,0.00160888597713637,0.00221289925053779,0.00225589593368195,0.00253848195434768,0.00233986616850595,0.00309230492387057,7.8001503232223e-4,0.00447219210487056,0.00119594649063037,0.00461726400230837,0.00146608152252387,0.0010256892203644,8.8461823691282e-4,0.00416107918786785,0.00184630701416682,0.00210178900905259,0.00145029091131703,0.00148521770908531,0.00528624745116013,9.8258422232704e-4,0.00167934038627216,7.5430049680396e-4,8.8235226954507e-4,8.8331225872585e-4,0.00205276177688867,9.5868098058057e-4,0.00147668736509475,0.00149900236773842,0.0020625653667455,0.00180400103117464,0.00110891709483555,0.00185144762220524,8.5195812835276e-4,0.00185800057850984,0.00139630688536122,0.00146451893476845,0.00144945945776753,"Salem, OR"
24140,0.00141424680660951,0.00184523505615265,0.00162811441495028,0.0017177527671822,0.0014090346232111,0.00144501973868671,0.00124559337907181,9.0290771178896e-4,0.00244894403343375,0.00133788752253332,0.00176198531255228,0.00151497563767273,0.00122845613237724,0.00132406061019224,0.00142776933774177,0.00160671903411649,8.5402796860386e-4,0.00503900249384742,0.00218594377026115,0.00360531036159492,0.00113590323170227,0.00122753561696909,0.00738122359131911,0.00160455739826704,0.00150688390993297,0.00227565758827832,0.00160011102379849,6.3258952380703e-4,6.450179320818e-4,0.00147079995112989,9.3555664772611e-4,7.9910774120941e-4,0.00338693316249975,8.8331225872585e-4,0.0016227469418293,0.00182066356895928,0.00191412805588163,0.00416953891888498,0.00131595276999999,9.8541657663926e-4,0.00189639728184122,0.00410546801971464,0.0022462370667273,0.0012961189079792,0.0014017768188263,0.00155245904300252,0.00155114922332973,"Goldsboro, NC"
39140,0.00141067238537111,0.00201129721108467,0.00294958792416098,0.00187756034168902,0.00173935035616584,0.00221850386095809,0.01068199650442313,0.00349713781264982,0.00109389530173148,0.00207679736395537,0.00191427956287334,0.00200106589181717,0.00141328682267337,0.00210551626164739,0.0011957856252173,0.00120843761181078,0.00346532716527086,0.00130145043120623,0.00163756898560762,9.5708437654422e-4,0.00109841845423492,0.0021228509736407,7.7428477601745e-4,0.00166636215901479,0.00224783834921814,0.00196381769837674,0.00109147318072724,0.00151041179765491,8.5673125482694e-4,0.00113581149899112,0.00102666949207909,0.00379731123123387,0.0015657198546563,0.00588591473004778,0.00299526428648385,0.00162601516203692,0.00180442185701407,0.00144393125946409,0.00155292565607353,0.00158922138818684,0.00117044644233788,0.00268316509615703,6.7276625522695e-4,0.0013090150054523,0.00207319083516898,0.00180162215017328,0.00178912961919241,NA
40580,0.00140106135316033,0.00124663803127288,0.00102769936115244,0.00132962733241642,0.00109586800220332,0.0010821340254891,7.7587234296676e-4,0.00296033192385392,0.00167990052383605,0.0022630442375362,0.0015112358742149,0.00119479259903109,0.00100822970155612,9.6678936103025e-4,0.0018815797272106,0.00558285225621373,7.8001503232223e-4,8.0722312574253e-4,0.00107923457582161,0.00195275426637336,0.00176914996950982,0.00243878833517534,0.00486530111347058,0.00133817512619048,0.00134402469460512,0.00116990288566034,0.00106385720853401,8.4835134356353e-4,7.2487441748058e-4,6.2804056129424e-4,0.00161754084551124,5.9941145136643e-4,8.751249697171e-4,8.8331225872585e-4,0.00143602250783082,9.1433687035474e-4,0.00120337872966506,7.6277546326693e-4,0.00148987668375101,0.00234706885616694,7.9003693367339e-4,0.00101674359496472,0.00172387634886085,6.9061832114426e-4,0.00107190576400547,0.00121313115890637,0.00120944349178646,"Rocky Mount, NC"
27780,0.00139627511705447,0.00157628643321431,0.00169835113383818,0.00170198796879309,0.00112031702693371,0.00179292633368287,7.7587234296676e-4,0.00148595801263403,0.00120686510298041,0.00147116988437485,0.00114599230344503,0.00197570912301364,0.00276759861966133,9.9526956595684e-4,8.0156419575948e-4,0.00417488421588895,0.0016263033247587,0.00412325943550443,0.00155204607490719,0.00184987531702012,0.00108141001463023,0.00145953537947198,0.00486530111347058,0.00104625375946777,0.00139609563976993,0.00150505147137339,0.00122403103640716,0.002462920981916,6.450179320818e-4,8.6095708576243e-4,0.00124823991849788,0.00119595823823377,0.00123549575876989,9.8522780284645e-4,0.00149180831989897,0.00111931935577615,0.00133296223139482,0.00200349861683475,0.00107422260498704,0.00243885804309317,0.00136524499277319,9.8262856573786e-4,9.1319180996668e-4,0.00104429652788348,0.00154637275772878,0.00140889141681378,0.0013789405197584,"Johnstown, PA"
17860,0.0013917477012088,0.00130186146317714,0.0018713184632289,0.00183736577446609,0.00176344125303394,0.00159657488290868,7.7587234296676e-4,6.5704624706723e-4,6.7050832845901e-4,6.5817195425338e-4,6.5575171819056e-4,6.6594877246603e-4,6.6938413037443e-4,6.6541659162714e-4,6.6001247161718e-4,0.00306695505403797,0.00519464207100418,0.00159950166741033,0.00343926664728801,0.00105542065929996,0.00148948137533459,0.00128707787778677,7.4194440900295e-4,9.2575006783564e-4,0.00241220300038499,0.00280901744885151,0.00237892430658963,0.00340345963805161,0.0019277052947573,0.00301730536809052,0.00120765415415305,0.00193217723434017,0.00105008199586363,8.8331225872585e-4,0.00155345922942912,0.00222821760530619,0.00155887712268122,0.00119296278313947,0.00338788774739235,0.00254270493924844,0.00124582517036934,0.00217978466136787,0.0015993679106058,0.00195325778844026,0.00190697856544897,0.00179483196294126,0.0017739773062021,"Columbia, MO"
45940,0.00138674792330742,0.00134754859880525,0.0010875790887206,0.00148043624815558,0.00139302613381338,0.0014169032520186,0.00122286156190129,0.00138985817675308,0.00124742373689781,0.00152678984285211,0.0014442996714508,0.00163978150069794,0.00103444658247768,8.3797524840918e-4,0.00164603826553443,0.00184781585862045,0.00132766940196836,9.4311241949204e-4,0.00108503394334129,0.00200808745764516,0.00174879020808472,0.00128225200587518,0.00108465717234701,9.8048336435721e-4,0.00181481075567035,0.00183196392089254,0.0011293752293748,0.0017961696127201,7.5021318831849e-4,0.00116181245909489,0.00170122556479546,0.00145210535934207,0.00142859741276899,0.00117723450035063,0.00110795212043155,0.00177936104529611,0.00127805422524667,0.00128546231133674,0.00142765448331241,0.00147144222513232,0.00133720060479873,0.00115227790129284,0.00176808362486487,0.00209992822208978,0.00122979647059532,0.00143945312850138,0.00142847154398574,"Trenton-Princeton, NJ"
13460,0.00137928454256266,0.0016306865977909,0.0015241908372611,0.00141395614491839,0.00149989429786418,0.00135732722898171,7.7587234296676e-4,6.5704624706723e-4,6.7050832845901e-4,6.5817195425338e-4,6.5575171819056e-4,6.6594877246603e-4,6.6938413037443e-4,6.6541659162714e-4,6.6001247161718e-4,0.00118430650920901,0.00519464207100418,0.00176631302255605,0.00150175081780143,0.00182253861772924,0.00270935983453878,0.00121909180434763,7.3024682944452e-4,0.00121895158591111,0.00181990999844941,0.00120908867651047,0.00127068977504913,0.00158953875129013,0.00190347274747464,0.00151654161482464,0.00145235153109205,0.00126270316541245,0.00156946956422352,0.00588591473004778,0.00104716970452516,0.00158360940464581,0.00178745072003016,0.00213971858679281,0.00140179840762983,0.001438369814117,0.00147850234817222,0.00193418689912881,6.585547906416e-4,0.00103645470587349,0.00164241624135533,0.00148864006306396,0.00145611282710548,"Bend, OR"
25940,0.00136804898083006,0.00179426777421673,0.00194463767168938,0.00127399990222175,0.00153108214102008,0.00136435522032841,7.7587234296676e-4,6.5704624706723e-4,6.7050832845901e-4,6.5817195425338e-4,6.5575171819056e-4,6.6594877246603e-4,6.6938413037443e-4,6.6541659162714e-4,6.6001247161718e-4,7.9157907917481e-4,7.8001503232223e-4,0.00920096989114902,0.00127098999767347,8.3395591479142e-4,0.00665456748385463,0.00107670669976786,0.00127248645012216,0.00222858678407811,0.00133397584093513,0.00300812844032166,8.4826317788684e-4,6.4522783692559e-4,0.00566779606184944,0.00364022550986004,0.00200117440851186,0.00302912491638886,0.00109301788654203,0.0012473490562957,0.00156883164583004,0.00135858126394511,0.00161664382887145,0.00124856068920035,0.00211847167093776,0.00153036538845288,0.00174090325610764,0.00133575838334139,0.00144460061904335,0.00102048197143282,0.00153920816384874,0.00136427987745562,0.00140396253132267,"Hilton Head Island-Bluffton-Port Royal, SC"
19300,0.00136012659810788,0.00230259138523314,0.00271841645234368,0.0017256515323627,0.00193577869045509,0.00205431860630831,7.7587234296676e-4,0.00167086064471511,0.00300199823236021,0.0034660939474052,0.00249499870784126,0.00166150410385289,0.00132921245548758,0.002485435174493,0.00244347220492095,0.00126119403521877,8.6677437247036e-4,0.00325098310170373,0.00262117489880635,7.719932001548e-4,0.00208362465399464,0.00168138941060316,7.5020152398538e-4,0.00197769356906725,0.0020083026905615,0.00229755918566029,0.00239015397201388,0.00160793843419659,8.2602596565237e-4,8.3651119837144e-4,0.0013597033561326,0.00169971696469595,0.0014914364695421,8.8331225872585e-4,0.00148959407678819,0.00125596166838025,0.00190778666360157,0.00115653620335538,0.00156254616710745,0.00131745681818037,0.00165009070923317,0.00167923933892012,0.00111454115687907,9.2220870792937e-4,0.00224315618526573,0.00173613530125074,0.00182281890539558,"Daphne-Fairhope-Foley, AL"
14010,0.00135929439909384,0.0012718715660882,0.00143708185223098,0.00155797631310903,0.00143592929775693,0.00130495003524186,7.7587234296676e-4,9.2072530703981e-4,0.00175087811685724,0.00160675425240725,0.00203399962318193,0.00157471107888057,0.00166061438885437,6.7792903601875e-4,0.00328754912415856,0.00235368258436318,0.00155377719236166,6.4859876049816e-4,0.00109257979624593,6.8514486927286e-4,7.5909671968357e-4,0.00167391715125487,0.00486530111347058,0.00101435551154503,0.00154859812940593,0.00233666462738383,0.00223921151016975,0.00113682384264636,6.450179320818e-4,7.8337482919915e-4,0.00169531610448973,0.00144247723451667,0.00137544069437716,8.8331225872585e-4,0.00126211671611417,0.0017790100448238,0.00152229791738312,0.00195828591213093,0.00178236331969738,0.00115825746241818,0.00113116341032851,0.00410546801971464,0.00114812372275016,0.00143967149817851,0.00157280407302155,0.00149861550609368,0.00147376490306897,"Bloomington, IL"
30620,0.00135152188086552,0.00147840806071189,0.00146043474387917,0.00155910577324355,0.00109710676261384,0.00137807092498476,0.00136319283855379,0.0010564182764166,0.00485596657316756,0.00267876392933392,0.00229392435559599,0.00181338831889281,0.0012821425519207,0.00229404089492157,0.00136182298817402,0.00183498718970148,7.8001503232223e-4,0.00402949734761948,0.00103959524493903,0.001121904778927,0.00149938712142676,0.00167504214620856,0.00161997269361248,0.00172716504485535,0.0012824674380603,0.00106021491142442,0.00264141861829448,0.00257325018502711,0.00153373371589435,0.00130599289420168,0.00175836730419509,8.8197437895286e-4,0.0015579983355842,8.8331225872585e-4,0.00119065690216196,8.5699042229322e-4,0.00127936178800641,0.00147280216740431,0.00141402508443936,0.00110469632907018,8.0476461502058e-4,0.00410546801971464,0.00163507655439715,0.00138320946190172,0.00135579876191932,0.00135948506236225,0.00134062000952249,"Lima, OH"
30340,0.00134974063897413,0.00150564515739454,0.00136245569363115,0.00147813632867398,0.00141614706980837,0.00151770603865519,0.00136962362390556,0.00593595259341924,8.5436498974291e-4,0.00110145764969166,0.00148246858867202,0.0015395742215186,0.00150820359431019,0.00310957965982108,0.00405459431727633,7.0582174569521e-4,7.8001503232223e-4,7.7926322272304e-4,0.00284813071463666,0.00140986295041275,0.00160825713026922,0.00213306093503585,7.3024682944452e-4,0.00207405175662985,0.00110064445741658,8.3064911609849e-4,0.00277375896110932,0.00489389734070945,9.7878300953288e-4,6.7019800739675e-4,0.00168703697366619,0.00169483745479618,0.00125957455481765,8.8331225872585e-4,7.4440389810125e-4,0.00129164808054909,0.00166121240766511,0.00423531559642814,0.00136037893288648,0.00229489052387187,0.00100283506839992,9.6525314212593e-4,0.00110381401034649,0.00157370486767036,0.0016419851875553,0.00153381873835968,0.00145389334995728,"Lewiston-Auburn, ME"
22380,0.00134712510604942,0.0012984020576489,0.0011754742998276,0.00168162371696896,0.00183239302817791,0.00187965859397179,0.00516657188534078,9.076007053005e-4,0.00105235683609346,0.00165307539733329,0.00154965481222387,0.00232099707049193,0.00474387646367945,0.00231576188181155,0.00109105575181575,0.00165152221961366,7.8001503232223e-4,6.0523692979142e-4,0.00110140677568083,0.00151600652838066,6.9260271261443e-4,0.002367889376477,0.00486530111347058,8.5798928640294e-4,0.00160190504444862,0.00199555325283172,0.00169417249728618,0.0013926112337238,0.00153875353847975,0.00207057918692084,0.00112381081229232,0.00186886561778429,0.00130725801147592,0.00219183106160792,0.00147496629031604,0.00267405325167433,0.00137635574385782,0.00278958615785491,0.00272647557697175,0.00166301960038927,0.00131287182941759,0.00254173942480798,0.00119057007717841,0.00157035517750057,0.00189329682108666,0.00192253349666433,0.00178778150149181,"Flagstaff, AZ"
26140,0.001341243754833,0.00164301757735667,0.00201784579228102,0.00154890476388592,0.00129884333714602,0.00169142879672258,8.7497158238363e-4,0.00127140807468757,0.0018882289099797,0.0014159556096259,0.00102166609461418,0.00105047875677278,0.00341403036378338,0.00135204884701712,9.2465111161468e-4,0.00145278157965756,0.00114329710913284,0.00182978592177683,0.00175726943076703,7.3121635508166e-4,0.00100877468439791,0.00168954957586725,0.00117934330516171,0.00256753420326978,0.00129866643211227,0.00178566753199709,0.00148020354236076,8.034598185673e-4,0.01296406343726066,0.00127968569242269,0.00120561383981898,0.00182051288911633,0.00107076410340633,8.8331225872585e-4,0.00145744049714973,0.00144416346966027,0.00192793471961429,9.1652430365078e-4,0.00123448997816342,0.00139015584070623,7.6854083396742e-4,0.00114015766700315,7.0645795363397e-4,0.00137846323309991,0.00166901481227877,0.00139943018544541,0.00142056085684043,"Homosassa Springs, FL"
44300,0.00133780402005154,0.00138434578578584,0.00142711805580907,0.0024756656691116,0.00195323949627591,0.00211067744015089,0.00147980004020385,0.00108322153798309,0.00151842323604442,0.00180681786196466,0.00104929278154732,0.00249846757766243,0.00328973181849961,0.00151589358672594,0.00129215237680602,0.00339865801189794,8.4992939486723e-4,0.00103854330462774,0.00184251478192511,0.00133031759110333,0.00101225523039739,0.00155568124010222,7.3024682944452e-4,8.5367177355139e-4,0.00340851109691026,0.00191004734170534,0.00201198324209573,0.00139585322550043,0.00702011667666615,8.9470847838182e-4,0.00136972131963798,0.00126684831439702,0.001775880217487,8.8331225872585e-4,0.00201322893855238,0.0027491797821175,0.00153671915134269,0.00407910847749949,0.00541363330011898,0.00119456624536114,0.00107719311644168,0.0023574097727303,0.00134857930201195,0.00142402424880912,0.00225045329600403,0.00206736371151186,0.00209414787721957,"State College, PA"
27620,0.00133506643677985,0.00136612052143059,0.00139644012154339,0.00137946713380246,0.00117802469132886,0.00104440926821301,7.7587234296676e-4,6.5704624706723e-4,6.7050832845901e-4,6.5817195425338e-4,6.5575171819056e-4,6.6594877246603e-4,6.6938413037443e-4,6.6541659162714e-4,6.6001247161718e-4,6.3565036115752e-4,7.8001503232223e-4,0.00193303128158003,0.00172348419196346,0.00210780104283555,0.00165075477397352,0.00152869148500479,7.3024682944452e-4,0.00225877527243821,9.4197706820663e-4,0.00147000025368302,9.1835403948299e-4,0.00108525596634024,6.450179320818e-4,0.00493940371353392,0.00323363188816807,8.3571578691011e-4,9.6340071654288e-4,8.8331225872585e-4,0.00154884127100469,0.0010104125871828,0.00123150848583412,9.6815480393986e-4,0.00106322646780158,0.00154658260490461,0.00261933652356838,6.163894723467e-4,0.00123261625590937,0.00186882076616862,0.00134454243682893,0.00128661585664896,0.00126446347782268,"Jefferson City, MO"
26980,0.0013330525397691,0.00143091526743024,0.00137289674990354,0.00172588624837862,0.00182593225629203,0.00140914425232101,0.00529019467416221,0.00194114386340229,0.00152693103419441,0.00275856989325221,0.00169093570522748,0.00228450089822593,0.00281818663344189,0.00119581728217237,0.00127802376284224,0.0014766074457313,7.8001503232223e-4,0.00260096364107028,0.00152527057534503,0.00296350227318855,0.0010455159647697,0.00160882954006446,7.3024682944452e-4,0.00143879525444092,0.00223623272529509,0.00254258302672975,0.00111158064758462,0.0012448520905992,0.00130187267067239,0.00108787722568397,0.00120129987198667,0.00163643247297354,0.00113713965619066,8.8331225872585e-4,0.00109351521100124,0.00262571255619379,0.00176635966860282,0.00245195586202237,0.00291713040579734,0.00134157521009197,0.00167004882825727,9.1371340942231e-4,0.00124768603677781,0.00148815798843648,0.00194096751970964,0.00173013818179401,0.00177948454848733,"Iowa City, IA"
48300,0.00133109777366804,0.00135281920506606,0.00147147343839025,0.00124446380020644,0.00130016453771324,0.00129986575877763,0.0013449891466359,0.00203916830637861,9.6835155955956e-4,0.00140748065231565,0.00112649774417646,9.6794389468076e-4,0.00149596748914758,0.00110423977596933,0.00112614336204839,0.00345012122832105,7.8001503232223e-4,0.00226936112644544,0.00103211293448224,0.00480227992586265,0.00103395567263902,9.9159052800985e-4,0.00486530111347058,0.00222444619183156,0.00146033941737298,0.00136275671720874,0.00136279498601607,0.00144736889414741,0.00442430900120335,0.00102681595675992,8.7668960024166e-4,0.00205928488615782,9.4490111893348e-4,0.00588591473004778,0.00185933158305117,8.3153985129722e-4,0.0012715894872486,0.00143697036950758,0.00150704091159962,0.0011237524819576,9.037913324493e-4,0.00470967297694649,0.00146255235917737,7.856767794181e-4,0.00130530380663667,0.00130978408825084,0.00128056826668028,"Wenatchee-East Wenatchee, WA"
37460,0.00132721699772081,0.0013316806212571,0.00103118508304007,0.00118741985766824,0.00132298578851707,9.87869355996e-4,0.00516657188534078,0.00249872993247177,8.8866112353535e-4,0.00134672724261435,0.00146387230177522,0.00186030906737596,0.00217075119441031,0.00500388715466795,0.00263989756002762,5.8911720979168e-4,7.8001503232223e-4,6.2564880563795e-4,0.00110137133126936,5.8464891133612e-4,5.9112812988231e-4,9.1901785653041e-4,7.3024682944452e-4,0.00389795635468877,0.00139734193055859,8.8514023023342e-4,7.5250203391594e-4,9.8684702168746e-4,0.00429765112887687,7.9480297580324e-4,0.0014125952797911,0.0041028029985959,7.1560825691595e-4,8.8331225872585e-4,0.00194873130239775,9.2441075263352e-4,0.00126718979213949,0.00540548259651671,0.00156699016710953,0.00186357389293078,0.00173599454195836,6.3346330163858e-4,0.00102462692601455,0.00108790968774433,0.00134159444550873,0.00128177898224025,0.00124016314060027,"Panama City-Panama City Beach, FL"
41140,0.00132374196048906,0.00149873780789288,0.00117172149839334,0.00153352948575165,0.00117142060552219,0.00130994834567107,9.675680951244e-4,0.00112884742370143,0.00160505765330103,0.00123808966282495,0.00132743041504363,0.00202982009169249,8.933100666813e-4,0.00442024188350862,9.3960637611758e-4,0.00168929164055011,7.8001503232223e-4,0.00290316009066681,0.00162753312598563,0.00162100787574926,0.00292839049846591,0.00138081940836583,8.8681558415755e-4,7.8531153581829e-4,0.00140679719618622,0.00209913426022248,0.00113503673856671,0.00213362322724164,6.7051525824703e-4,7.0074462166082e-4,0.00137077331998658,0.00141836902517678,9.1846766167104e-4,8.8331225872585e-4,0.00155792671546772,0.00108267334460096,0.0016560108636939,7.8812825797089e-4,0.00159888525606987,0.00149073224601868,8.6876007500171e-4,6.163894723467e-4,0.00127235585052402,0.00191671028263817,0.00140577289331006,0.00136031648421194,0.0013443545396907,"St. Joseph, MO-KS"
31900,0.00132273982069001,0.00163401596931918,0.00180759664358117,0.00158559125893787,0.00134428055773823,0.00175416390752601,7.7587234296676e-4,0.00129646711439076,0.00169800288451471,0.00115086513436338,0.00113017645743215,0.00183114839963679,0.00117753515857499,7.4209131923418e-4,0.00211939603899975,7.2081648694928e-4,8.8885758567757e-4,0.00212505231295677,0.00119334461667669,8.4060165255563e-4,0.00131772326664505,0.00187790482522648,9.6524723512239e-4,9.5201681875901e-4,0.0013633973262199299,0.00149285030231898,0.00107527188435969,0.00204558682891212,0.00162848824861298,0.00259410581521722,9.0271905716052e-4,0.00192289107943207,0.00110333937933388,8.8331225872585e-4,0.00158408423469406,0.00123933788017945,0.00179045803628927,6.5658578451665e-4,0.00160072997379876,0.00169616136838843,0.00106118338013768,0.00103019791144605,0.00148815267029757,0.00143898236937363,0.00151648491062776,0.00147254955043346,0.00145550604912422,"Mansfield, OH"
12700,0.00132251377337953,0.00189978909742945,0.00282227131927057,0.00142961491787442,0.00161837969351677,0.0018439411432602,0.00516657188534078,0.00134794150997072,0.00105769048595494,0.00147779900929153,0.00120508682008447,0.00150476533711113,0.00101848730512301,0.00120711338346124,0.00103803247687529,0.00106760410552948,7.8001503232223e-4,0.00137363907008196,0.0018888333296899,8.4220619661544e-4,0.00164708120039859,0.00140873022436842,0.00109830625133933,0.00130944609710632,0.00149063134085806,8.4994562976917e-4,9.4584372401591e-4,0.00103675441160459,0.00222119076691336,0.00123619139061679,0.00104419433967084,0.0010505115629797,0.00158124352035461,8.8331225872585e-4,0.00195997822034766,0.00186563253962458,0.00163034425657142,0.00152946253710062,0.00108501552102074,0.00167670412690909,0.00148174483175755,0.00169682968369701,9.3786968510023e-4,7.4818981109622e-4,0.00190181661006327,0.00152362300505484,0.00153745821683868,"Barnstable Town, MA"
43100,0.00132048099623944,0.001591128065146,0.00171243539181058,0.00150459001061453,0.00110803417756283,0.00132557612145208,7.7587234296676e-4,0.00108109030961626,0.00145163314688834,0.00103878589611594,0.00138672463330328,8.6866638189716e-4,0.00100660185707329,7.4277828455549e-4,7.7021454717852e-4,0.00291939660782272,7.923505217025e-4,7.4359024300853e-4,0.00124475978263832,0.00171694455476256,0.00212402498483232,0.00119278579500069,0.00351014864458057,0.00249132407908075,0.0011828811043314,0.00107482546487438,0.00240658310853211,0.00117810518119243,6.450179320818e-4,0.00402970207049352,0.00111153701996255,0.00419180614522022,8.878646392154e-4,8.8331225872585e-4,0.00163336083986912,0.0010989499739017,0.00119363857756327,0.00103331836582654,0.00177147715576529,0.00152327733128437,0.00102567278109536,7.0425722797074e-4,0.00124227806830247,0.00102075860557671,0.00123423334382033,0.00130788602738707,0.00127524082839169,"Sheboygan, WI"
11500,0.00130866457592708,0.00164666523582541,0.00168755995378494,0.00177870372469505,0.00132798539666682,0.00215620479769046,0.00114522109907008,0.00159801222018906,0.00231543400317508,0.00172444766875062,0.00460755865661711,0.00152980997263383,0.0011989568157136,8.7789396218808e-4,0.00155217465964639,6.9353253217603e-4,0.00519464207100418,7.9213359898628e-4,0.00175041441760825,0.0032870834219683,0.0014217032425821,0.00174712502544557,7.3024682944452e-4,0.00273258900732019,0.0016229212474365,0.00164087394333596,0.00205950131218466,8.0771502224587e-4,6.450179320818e-4,0.00172389680824407,9.5849203778682e-4,0.00241103704032224,0.00115392626653727,8.8331225872585e-4,0.00123864404282511,0.00116490412114865,0.00121525351479035,8.3588511467951e-4,0.00194759371136467,0.00126400683256156,0.00125757608438587,0.00115023159055752,0.00165825131385763,0.00247730599340792,0.00152759733058114,0.00151792575756589,0.00155514107718883,"Anniston-Oxford, AL"
34060,0.0013066443864964,0.00141512651694486,0.00137090627343874,0.00204662804492448,0.00166345851331958,0.00166205606253966,7.7587234296676e-4,6.5704624706723e-4,6.7050832845901e-4,6.5817195425338e-4,6.5575171819056e-4,6.6594877246603e-4,6.6938413037443e-4,6.6541659162714e-4,6.6001247161718e-4,0.00227911248733281,0.00240778752627301,7.0421643158538e-4,0.00113058602141021,0.00157941002481762,0.00108878678392089,0.00121461646664699,7.3024682944452e-4,0.00122507285571083,0.00240200453826046,0.00289202812676831,0.00429139311834106,0.0018473547507889,7.8545745943699e-4,0.00204983915944854,0.00101620759624024,0.00137531209303459,0.00105755752877347,8.8331225872585e-4,0.00145818069277956,0.00238196711809445,0.00157458269278022,0.00342086073891009,0.00296495680495483,0.00259259182401372,0.00123538989993775,0.00117667923872232,0.00128737763230857,0.0015183220504376,0.00204546598255148,0.00169038162176709,0.00178763748763107,"Morgantown, WV"
38340,0.00130429783960935,0.0015918941590778,0.00160931281026554,0.00148636823993449,0.00145711973032012,0.00147659271348081,0.00195423740770047,0.00491448693382133,0.00106511056638784,0.00110553846885594,0.00120986399214163,0.00163417333098527,8.8677419429774e-4,0.00116039686232443,0.00104651644702509,8.5532622794682e-4,0.00519464207100418,0.00402949734761948,0.00146057033014955,0.00115089469813412,0.00100194532152218,9.358474041213e-4,7.3024682944452e-4,0.0033982611493105,0.00184194604136434,0.00128089195196828,0.00138307315286954,9.3698710455775e-4,0.00429765112887687,0.00117052959641128,0.00161297049379291,0.00147886294506993,0.00145097336516792,8.8331225872585e-4,0.00120230297393888,0.00274339200257464,0.00209173776509616,0.00128185626464528,0.00122686075661598,0.00174758192852502,0.0011170297438916,0.00169360110647792,0.00106424580029698,8.1144805752242e-4,0.00158990734130901,0.00146947241330558,0.00145952962613978,"Pittsfield, MA"
22500,0.00130309672540387,0.00155278963987067,0.00142040999993741,0.00164597193096061,0.00120192353351894,0.00190563431515374,7.7587234296676e-4,6.5704624706723e-4,6.7050832845901e-4,6.5817195425338e-4,6.5575171819056e-4,6.6594877246603e-4,6.6938413037443e-4,6.6541659162714e-4,6.6001247161718e-4,0.00237802512291522,0.00519464207100418,0.00273428446511842,0.00177510802435674,0.00185502828784277,0.00199255779823404,0.00130160395274337,0.00125208676303198,9.061677651423e-4,0.00116916659134396,0.0015958777196507,0.00126626732461214,0.00197404511529729,6.450179320818e-4,0.00139148724085347,0.0011988415652436201,7.0008348268464e-4,6.630620944447e-4,8.8331225872585e-4,0.00124995886855758,0.00185412687933567,0.00122461583666213,0.00129837697018417,0.00124971913307515,9.7290330653898e-4,0.00110252752297194,0.00427157300289154,0.00168353862648529,7.627125279602e-4,0.00135381227858376,0.00140363295809178,0.00140492916641964,"Florence, SC"
48660,0.00130212682751414,0.0014483049191863,0.00141452352978377,0.00171456747557295,0.00136601025233108,0.00138306862697419,7.7587234296676e-4,0.00130273189539228,0.00103972708763243,0.00163080672809127,0.00128027522166396,0.00135098379302332,0.00143880705401239,8.8729343179031e-4,0.00231366602766113,0.00325090385753827,0.00191073154680586,0.00216043187503933,0.00110510201563816,0.00117112495678386,0.00175298960538362,0.00178923701550814,7.3024682944452e-4,0.00196418992926375,0.00201212653967026,0.00144718937700041,0.00173370598945549,0.00127821518083018,7.2749027778234e-4,0.00408285230269011,0.00115340986459224,0.00239887854420425,0.00109584423075864,8.8331225872585e-4,0.00114114947276451,0.00149708817060831,0.00161515107967413,0.00138796745340096,0.0019632829307198,0.00201045751123116,0.00319591378854939,0.00425251177531386,0.00182805117538855,0.0019767014809782,0.00173703181213404,0.0015188632442084,0.00152254561577871,"Wichita Falls, TX"
25500,0.00130085406306147,0.00123270711155984,0.00150781135849264,0.00172137506841751,0.001391454023694,0.00135988837903339,0.00887165682224906,0.00181806091498049,0.0011957537041012,0.00173886237597773,9.6876724001851e-4,0.00168245470011005,0.00356391298240133,0.00111792307220412,0.00125514640243962,0.00228895977043135,0.00551733104721514,0.00164971224407115,0.00116097300608731,0.00323946011624801,0.00165415693932977,0.00112082642870686,9.6709703221555e-4,0.00133902906574138,0.00202005611229301,0.0031893515466254402,0.0010685273993373,0.0018875210308062,0.00293911025186718,9.5007575368377e-4,0.00179444373462546,0.00237842672668269,0.00134042545344832,8.8331225872585e-4,9.6301040732404e-4,0.00151009422420035,0.00141463791276116,0.00258755733800713,0.0020109044344213,0.0017577932611351,0.00114879561445176,0.00156362788882076,9.475347637589e-4,0.00167838288889183,0.00165531552189686,0.00151485579990619,0.00152218667765702,"Harrisonburg, VA"
20940,0.00129424814515791,0.00142096884146347,0.00121097327234626,0.00116470923932241,0.00138764101819089,0.00102074325406155,0.00198348653884974,0.00227574941729645,6.7050832845901e-4,8.6636484192548e-4,0.00132703444188815,0.00233098335771118,0.00236293384790167,0.00204226358619603,9.4565168093559e-4,0.00153639935520086,7.8001503232223e-4,0.00188254693764104,0.00146231153238038,9.7614522584826e-4,0.00191511247892159,8.4810945394482e-4,7.3024682944452e-4,0.00123828602764678,0.00150566019883516,0.0012290128132541,9.5771943910634e-4,0.00306110788566715,0.00429765112887687,0.00118991401848418,0.00414551091407517,9.614645755815e-4,0.00152357584110686,8.8331225872585e-4,0.0011829853977668,0.00139387846236931,0.00206803365149518,7.2285516174274e-4,9.8160034244522e-4,0.00101687410633647,0.00155109173681202,0.00290105009349806,7.8583941567538e-4,0.00160205142024815,7.8119431469603e-4,0.00119008247155769,0.00123987499356851,"El Centro, CA"
14020,0.00129339259979719,0.00137349298684077,0.0014347144398988,0.00229179612097116,0.00186573474098691,0.00236632937523325,7.7587234296676e-4,0.00108267380864919,0.00273147514068791,0.00165291976511216,0.00117626314735426,0.00246829387436566,0.00420754584543852,0.00182082546525221,0.00150060910445276,0.00509387819381502,7.8001503232223e-4,6.0523692979142e-4,0.00148209103702081,0.00155521265963139,0.00289427373326318,0.00229386671073319,7.4330087734778e-4,0.00127293942508246,0.00289175007760418,0.00234197512895833,0.00188861713624382,0.00360243180456134,0.001811635589162,0.00157969943758963,0.00197190479505709,0.00151818075583114,0.00135524125258447,8.8331225872585e-4,0.00111059799610205,0.00220840375576335,0.00131846178440905,0.00377594039289811,0.00424328118389008,0.00169854021449096,0.0012365082143306,0.00178144232667154,0.00146681146683572,0.00162922453353011,0.0021792222320271,0.00203735810292147,0.00201174161826306,"Bloomington, IN"
34620,0.00129168616978652,0.0018725940054174,0.00161028728746392,0.00203095253344757,0.001659100392116,0.00168966194325806,7.7587234296676e-4,0.00431163971170813,0.00487971363347341,0.00160624426556585,0.00243092788861597,0.00244841031427125,0.0032141839639548,0.00226379022639199,0.00109261437147483,0.0011593043853852,7.8001503232223e-4,0.00111486858452797,0.00124324711548616,0.00116791371793658,0.00463107405509084,0.00148984417777088,0.00486530111347058,9.8972034365102e-4,0.00195286082749514,0.00205226819424291,9.9715871489953e-4,0.00143610790219808,0.00260299635713323,0.00132335388674155,0.00125548773000778,0.00128068096876267,0.00128510359770578,8.8331225872585e-4,0.00415126942633597,0.00174221114392008,0.00170514176736314,0.00242021607274585,0.00308051989715539,0.00229011390098981,0.00118339316747753,0.00130712099989181,0.00195960926531932,7.996303389322e-4,0.00196618178132962,0.00190763436803322,0.00182767998864674,"Muncie, IN"
29940,0.00126936925565034,0.00137953125597775,0.0012226966249704,0.00182736204309234,0.00179819044525722,0.00155536044258225,7.7587234296676e-4,0.00185200066423598,0.00116522443356051,0.00216123795131223,0.00165613750198047,0.0017508568594597,0.00339362792014239,0.00102695519084732,0.00150426666020955,0.00353214625346149,7.8001503232223e-4,0.00464832712766014,0.00122231097185658,0.00218775107133882,0.00135109198815315,0.00123041965081883,7.3024682944452e-4,0.00145891521238461,0.00244473793778216,0.00227021119938718,0.00189364224869292,0.00229457584887723,0.00520258910158072,0.00122395304866768,0.00108368978657943,0.00121463107364151,0.00142226213799582,8.8331225872585e-4,0.00177527080833519,0.00203408020484704,0.00121236247481204,0.00340127064739985,0.00442981181394101,0.00245953096119871,0.00141651698782881,0.0052367530400066,0.00148533306514101,0.00116149034062973,0.00197718924712929,0.00179188989119818,0.00179507393800487,"Lawrence, KS"
42140,0.00126738872602107,0.00160483605756603,0.00203536788847726,0.00131597695149655,0.00157004056419276,0.0016318410974237,7.7587234296676e-4,8.7156680370958e-4,8.059476650266e-4,9.777454749028e-4,0.00101561778574548,8.7625274716197e-4,0.00105286810468845,9.0562863000039e-4,7.9336707113078e-4,0.0016430772407997,0.00105104438657032,0.00434837555116695,0.00105205535179673,0.00121347164942584,0.00170786348451529,8.3663273845301e-4,7.3024682944452e-4,8.1002022350381e-4,0.0014565744927987,0.00139586289403292,8.1603883025034e-4,0.00102949403591833,0.00486138501916375,0.00158364833048872,0.0012494475096384,0.00217051173943994,0.00253753717707439,8.8331225872585e-4,0.00137518012158968,0.00114354703213885,0.00166215504452526,0.00238423227673881,0.00144082043235952,0.00122080228488778,0.00161649854629776,0.00107692633662155,8.0105829027891e-4,0.00180554895078069,0.00143675369822411,0.00144299424762694,0.00146561515262033,"Santa Fe, NM"
17420,0.00126733099094768,0.00116413486559627,0.00111243412356786,0.00127283054354719,0.00112712226303017,0.00149782047395744,7.7587234296676e-4,0.00165431087252648,0.00182862184541274,0.00218596560216313,0.00246882100211685,0.00125880764640615,0.00236903483100108,0.00238761366492935,9.9404412736246e-4,5.8911720979168e-4,7.8001503232223e-4,6.0523692979142e-4,8.8420044632437e-4,0.00441511744250772,0.00142800122567062,0.00126310077062369,7.7290859018704e-4,5.8016000341445e-4,6.0940611540031e-4,0.00122576342999876,7.5226239447331e-4,6.4198815173811e-4,6.450179320818e-4,5.9223215091258e-4,0.00108264128115317,9.9521683926105e-4,7.6597857602235e-4,8.8331225872585e-4,8.8916283437106e-4,0.00116399143683736,0.00161823676196616,5.8764678445373e-4,0.00162450224656624,7.9526286237146e-4,5.7970664602183e-4,0.00463680802217435,0.0011342916228083,7.7472209535407e-4,0.0012346523740287,0.00125047523895718,0.0012063121632122,"Cleveland, TN"
41660,0.00126053328086484,0.00150427621015673,0.00142906878315793,0.00148612267737848,0.00130387314978322,0.00134215188514255,7.7587234296676e-4,0.00365372249795855,0.0018034019715986,0.00107445091233779,0.00212593684879817,0.00229323202074324,0.00249821362279981,0.00296183597881131,0.00148995536326568,7.7474885235267e-4,0.00126855846216202,8.094934422474e-4,0.0016549620224655,0.0010363899890515,8.2379901091463e-4,0.00113257443841794,7.3024682944452e-4,0.00548473053431619,0.00144482691490986,0.00222562982651626,0.00228660485422773,0.00160646430440302,9.408445641356e-4,9.4452607832899e-4,0.00141967096256327,0.00140045989588157,0.0012177810941194,0.00588591473004778,0.00127006947816602,0.0014761886723207,0.00114113889076505,0.00173492484857547,0.00148261835840659,0.00177349500524615,0.00220651704971168,7.1596439685921e-4,0.00105665641625806,0.0019888049331535,0.00134085765233935,0.00138535886226487,0.0013788739375975,"San Angelo, TX"
24020,0.0012598939597075,0.00142929811781895,0.00129901783403608,0.001296001704872,0.00114964628346285,0.00123343904725966,0.00516657188534078,0.00181164228493519,0.001075239507767,0.00194377202110184,0.00259132757280999,0.00137213774375381,0.00138088548281818,0.00141530554859558,0.00105436751998592,9.6270254865298e-4,0.00158005117047943,0.0014622185006659,0.00135806227388218,0.00153710513980963,0.00206385245052903,0.00125544022755911,7.3024682944452e-4,0.00207534463039126,0.00146113686918812,0.00122278744234718,8.13643281255e-4,0.00172668871837615,7.105670612755e-4,9.1732523359773e-4,0.00167695070278277,0.00108073318839966,0.00109011609534634,0.00167368566736111,0.0012675298667529,9.6750227979053e-4,0.00133583116852493,8.3888767624121e-4,0.00107369724469205,0.00143415093111162,9.3605391229607e-4,6.163894723467e-4,8.6094869426602e-4,0.00107814992926471,0.00131634771546705,0.00123985320708933,0.00120996167247062,"Glens Falls, NY"
25620,0.00125747514724285,0.00132016061701759,0.00103915386942189,0.0013610211818652,0.00132483497484346,0.00133973329930009,7.7587234296676e-4,0.00172312195251455,0.00207417048009946,0.00181961934093115,0.00193209076510512,0.00150400404995353,0.00202446403203631,0.00112035041181722,7.2802139024664e-4,7.2965480213292e-4,0.001443035376668,6.0523692979142e-4,8.3046324366366e-4,0.0040985638560479,9.7962481756127e-4,0.00182383475465475,0.00113858410081228,0.00473928484439738,0.00111587670813212,0.00250026896726928,0.00388371228850389,7.5257439445988e-4,0.00429765112887687,0.00391570545679488,8.2700153857331e-4,0.00386266087590848,0.00128112879497701,8.8331225872585e-4,0.00150169939390388,0.00132026158747854,0.00127114053979603,0.00478439528171222,0.00162669477289251,0.00390806290323522,0.00102602047552129,0.00410546801971464,0.00161465918365606,0.00215666338572318,0.00133187268965665,0.0013728945010161,0.00134313094106333,"Hattiesburg, MS"
20700,0.00125721323726922,0.00115245083942,0.00102602085977591,0.00114552254869682,0.00103470912500917,0.00110420468425099,7.7587234296676e-4,0.00112765379688243,0.00169853113561754,0.00106006771561108,9.3387633847139e-4,0.00105671238714923,0.00119324401169238,7.2824543524551e-4,9.2987837815467e-4,0.00391873219833333,0.00519464207100418,0.00138811031114824,0.00112420283697484,0.00119067225453222,0.00118459272542204,9.2065875278621e-4,0.00624600277831821,7.2826605949123e-4,0.00140204464098378,0.00101333772069067,8.8381501045555e-4,0.00136533762361891,0.00117018578219515,0.00136930292825003,0.00117502873105543,6.8536410384076e-4,0.00105380620660278,8.8331225872585e-4,9.8982446890291e-4,8.4097259806793e-4,0.00151728605264529,7.6714644998265e-4,0.00140512360240118,9.8811410056407e-4,0.00101066898673475,0.0020082277739589,8.7836864092765e-4,0.00126391995279403,0.00112080496731431,0.00105455993179149,0.00109342057011764,"East Stroudsburg, PA"
37620,0.00125533896392288,0.00119608243529952,0.00151637122212245,0.00130818377884638,0.00109302009801087,0.00126701521282903,7.7587234296676e-4,6.5704624706723e-4,6.7050832845901e-4,6.5817195425338e-4,6.5575171819056e-4,6.6594877246603e-4,6.6938413037443e-4,6.6541659162714e-4,6.6001247161718e-4,0.00395970636369378,0.00240982212761975,6.5826166289533e-4,0.00122883667145962,0.00115721889662142,9.5895835573347e-4,0.00110335763378108,0.00508482421261454,0.00108210551898785,0.00112557106611125,0.00172763523888699,9.4529037793862e-4,0.00203483408628906,0.00336954476277252,6.0147229339907e-4,0.00251062550046593,0.00543135416244833,0.0038649671248971,8.8331225872585e-4,0.0019611544623249,0.00131909635323854,0.00103528819821933,9.6688064865723e-4,0.00114313619146296,0.00133651963236037,0.00127074914954836,7.1513340591023e-4,7.7988713208285e-4,9.91626446282e-4,0.00128030300118003,0.00119657776688102,0.00120326809334102,"Parkersburg-Vienna, WV"
13980,0.00124424691746463,0.00155152930644966,0.00129564594068613,0.00211077870086469,0.00174436230130823,0.00272951576704145,7.7587234296676e-4,0.00112703511890362,0.00130192235554511,0.00207708110935263,0.00119336835333245,0.0020942324209854,0.00308475938488628,0.0011032761439543,9.5407398794756e-4,0.0032666122582816,0.00129928574433554,7.2235477466957e-4,0.00165045962437483,0.00146265952451133,0.00136123059087071,0.00255285644169311,7.3024682944452e-4,0.00129852173672936,0.00239271159022479,0.0018962188780275,0.0014344649578020101,0.00145167014175895,9.5857100123787e-4,0.00122440951763498,9.1741682276654e-4,0.00114612196355335,0.00138737394176797,8.8331225872585e-4,0.00134887738911412,0.00258264861012042,0.00143053827039646,0.00165227550398575,0.00230342696893847,0.00155534242160047,0.00115785141034862,0.00304006208838009,0.00106961373633242,0.00160031015140578,0.00214479621873851,0.00182316502363803,0.00186122832561732,"Blacksburg-Christiansburg-Radford, VA"
42680,0.00124068104980856,0.00171286456666729,0.00270547554280261,0.00152459435955207,0.00145272898482162,0.00186231512935637,0.00230305106231639,0.00213557900269363,0.00101193029504213,0.00111359330219446,0.00134654957997932,0.00131664752989775,9.9063153599011e-4,9.870535208014e-4,9.773133752379e-4,0.00133494000113428,7.8001503232223e-4,0.00101531091385611,0.00150676833366271,0.00225838021404605,0.00116907575343643,0.00416743160056544,9.0558162642077e-4,0.00289885484346248,0.00181945921814343,0.00114582909495624,7.8358146583185e-4,0.00264055242330316,7.168887689407e-4,8.4716823934409e-4,9.9231219964336e-4,0.00304070865420905,0.00163762080813463,0.0020821305163367,0.00205278101748948,0.00126293186186597,0.00197458454870236,9.7266172421698e-4,0.00125863270536617,0.00135998179614991,9.8700020745172e-4,6.163894723467e-4,0.00138232008221729,0.00139444069904744,0.00165957771196305,0.00138544684046717,0.00148919477366559,"Sebastian-Vero Beach-West Vero Corridor, FL"
23460,0.00124032145310574,0.00130403936033233,0.00129622224233025,0.00134435978907509,0.00107800458037749,0.00112973266363476,7.7587234296676e-4,6.5704624706723e-4,6.7050832845901e-4,6.5817195425338e-4,6.5575171819056e-4,6.6594877246603e-4,6.6938413037443e-4,6.6541659162714e-4,6.6001247161718e-4,0.00391873219833333,7.8001503232223e-4,0.00402949734761948,0.00100054267540395,0.00399378055589371,0.00187539722359013,0.00125099490955001,0.00486530111347058,0.00114544079370722,0.00139023052197374,0.00141044741362256,7.3748068856174e-4,0.00131492034401448,6.450179320818e-4,5.9807368064279e-4,0.00157007576478151,0.00108767074705345,0.00115423698956799,8.8331225872585e-4,9.2570322872297e-4,9.8037412744164e-4,0.00162376276660723,0.00329358282890739,0.00113958312241694,8.1395817851884e-4,0.00129416136222771,0.00595552040533606,0.00132073156533504,8.8957537399579e-4,0.001256209203209,0.00112660385020306,0.00120545897554629,"Gadsden, AL"
20100,0.00123874717766276,0.00154425070281374,0.00148715676414708,0.00155247726374407,0.00117922079376346,0.00130528708568458,7.7587234296676e-4,0.00317107284057655,0.00182402964800153,0.00138462507448053,0.00117749750930221,0.00287803948484999,0.00180849409247336,0.00135103633182548,0.00121701151682795,0.00184868889856089,7.8001503232223e-4,9.397427387702e-4,0.00153708124376335,6.8272835998008e-4,0.0017571618806742,0.00109587977782215,8.7268180331429e-4,0.00137966002823711,0.0013579691760425,0.00229426659158571,0.00104729043837476,0.0021739466188481,0.00185139411954805,0.00156946250981284,0.00156262657904604,0.00129917970528117,9.80922211698e-4,8.8331225872585e-4,0.0013528238275783,0.00126478029914557,0.0014704102425631,0.00151253700499616,9.4923416650561e-4,8.9356931778335e-4,0.00202082321417358,9.8598718999372e-4,0.00152410647766416,0.00119056592438545,0.00130706566251011,0.00136973743645552,0.00135425152577819,"Dover, DE"
18880,0.00123838440305323,0.00155099435381733,0.00150906384778732,0.00151726251758375,0.0013051973243056,0.00129587014604911,0.00150557109171733,0.00261621010492939,0.00100101785198396,0.00138722940201249,0.00245029875842767,0.00218470495008174,0.00151425491315808,0.00277615801290613,0.00636558603290344,7.6837057805481e-4,7.8001503232223e-4,0.00650225196533784,0.00147975459796424,0.0041503863665289,5.8178563664481e-4,7.0257498079969e-4,7.3024682944452e-4,8.6114877366922e-4,0.00134205593609906,0.00130074463803539,8.2308415654164e-4,0.00289006837524029,0.00102690140027767,0.00125150988174793,0.00133056438718026,0.0028288438799048,0.0014816764172584,8.8331225872585e-4,9.5023008077011e-4,0.00145505188321175,0.00163740545491293,8.2369575472513e-4,0.00163717921589949,0.00202610770577735,0.00136039432962818,0.00410546801971464,0.00109765123255271,0.0010166484413054,0.00152056891173381,0.00146857645740814,0.00140084504006009,"Crestview-Fort Walton Beach-Destin, FL"
27740,0.0012278349703248,0.00141178753735846,0.00195383874663259,0.00142419730855652,0.00141728165119076,0.00139315699163237,0.00591249504217972,0.00160317832898595,0.00302752581122058,0.00173585933749944,0.00159854272461097,0.00239442303018543,0.00196642867476587,0.00806307003142029,9.552681725275e-4,0.00391873219833333,7.8001503232223e-4,0.00439144836803739,0.00155910578670382,0.00389080006400735,0.00454886914715564,0.00240476533619873,0.00675255139343257,0.00467546115612985,0.00130477191225985,6.5492874141986e-4,8.9072201175323e-4,0.00348078867013707,6.450179320818e-4,7.1573614865182e-4,0.00122137498659482,0.00402291007613022,0.00438766773696203,8.8331225872585e-4,0.00395567337274015,0.00163090707441683,0.00167282524501377,9.1755787391789e-4,0.00160321619317494,0.00117122417884882,6.1665424176896e-4,6.163894723467e-4,0.00222567739028597,0.00110712215952846,0.00152801232112141,0.00141216230868301,0.00142365867126069,"Johnson City, TN"
12220,0.00122123746435294,0.00158934109271764,0.00153139788882381,0.00157333587707017,0.0015687464469056,0.00159288325797464,7.7587234296676e-4,6.5704624706723e-4,6.7050832845901e-4,6.5817195425338e-4,6.5575171819056e-4,6.6594877246603e-4,6.6938413037443e-4,6.6541659162714e-4,6.6001247161718e-4,5.9110229196629e-4,0.00112111623072673,6.0523692979142e-4,0.0020645575721322,0.00134344329782531,0.00219450452129904,0.00105921026791259,9.3136066456295e-4,8.2989749680261e-4,0.00240251114096844,0.00292114241987263,9.5317702843678e-4,0.00120074665271003,0.00288660356029281,0.00147145417063177,0.00223460992349995,0.00119533928385003,0.00108594922054003,0.00139086227357391,0.00138556496825178,0.00226317495386053,0.0013039295291267,0.00669382875604067,0.00202111346302966,0.00145131418096965,0.00101218503505497,0.00230420069271647,0.00155273611759658,8.784428294432e-4,0.00165900130658275,0.00153351851034149,0.00155399209458468,"Auburn-Opelika, AL"
27860,0.00121930351650017,0.00129796831153587,0.00122708459497584,0.00136972956633193,0.00120475151454057,0.00113503337810799,8.0782163499304e-4,0.00168980241868865,0.00119532555765798,0.00146784965809271,0.00155086584581214,0.00161261165440608,0.00187201677202102,0.00120048904416536,0.00282072299997835,0.00402437236496866,7.8001503232223e-4,6.0523692979142e-4,0.00247406725989861,5.9866434761725e-4,7.2799607181294e-4,8.4328439713326e-4,7.3024682944452e-4,0.00194094818953866,0.00181760888039827,0.00106196164218629,8.8277340840178e-4,5.8648509365271e-4,0.00429765112887687,0.00414190250495125,0.00386010473271657,0.00175388803983531,9.6464877357779e-4,8.8331225872585e-4,0.00335236114631684,0.00143009685922764,0.00246145441423876,0.00115550560380898,0.00117229451558752,0.00100249727809463,6.0734110141694e-4,6.163894723467e-4,0.00156316283056418,5.7505572153369e-4,0.001223991638655,0.0013021913410001,0.00129134072489173,"Jonesboro, AR"
40980,0.00121433678223238,0.00131698631138297,0.00128101230031232,0.00139534814131509,0.00108148187903354,0.00127006200489543,7.7587234296676e-4,0.0015686972229976,0.00206677012299477,0.00113520520709653,0.00108024547983775,0.00147233517312338,0.00231177225999376,6.6541659162714e-4,6.8319780116046e-4,0.0026076510038321,7.8001503232223e-4,0.00149532658976942,0.00102867222406039,0.00113412512813144,0.00193340313155226,0.00155734437943709,0.0013447217472694,9.7404998230764e-4,0.00120681536382107,0.00153782457194909,0.00119989577140033,0.00105599285187566,6.450179320818e-4,8.1659021019843e-4,0.0011312761522529,0.0026739238406459,9.9936807362454e-4,0.00588591473004778,0.00130938829054724,0.00120169998041956,0.0011738011966154,0.00100495473068027,0.00131850515448192,0.00126492650287801,8.440054591338e-4,0.0010836011162564,0.0014688385741004,9.0014285894589e-4,0.00121228303122937,0.00124414268930767,0.00122749315452596,"Saginaw, MI"
30140,0.00119518334112884,0.00173703034282714,0.00170458217130669,0.00154209998684842,0.00108053631574485,0.00150447756304663,7.7587234296676e-4,9.5657825669923e-4,0.00150677625307033,0.00168276305671318,7.4737118264124e-4,0.00125875532686425,0.00125344898289959,0.00413553559120452,0.00129560518468183,0.00489884592737746,7.8001503232223e-4,7.9630172959101e-4,0.00106411711744791,0.00398569209282455,0.00226653083838211,0.00238520503615296,0.00374218434975637,8.219470442771e-4,0.00202368221455189,0.00119529979931886,0.0017429053842331,0.00263388811461071,0.00429765112887687,0.00136353820113165,7.7461665346722e-4,0.00110735619651105,0.00126498698538516,9.7662527615052e-4,9.9766613143087e-4,9.5055016317208e-4,0.00124994150974483,0.0013264913249509,0.00101934269134267,0.0013947111535856,9.485778946079e-4,6.163894723467e-4,0.00143952026400152,0.00113977989921096,0.00130421728339786,0.00136070447549275,0.00134753209369439,"Lebanon, PA"
30020,0.00118444402123999,0.00113936494822253,0.00115742183747541,0.00109438930641994,0.00108148107268472,0.00114435780608993,9.1895914126849e-4,0.00128158594920698,0.00110537849090778,0.00178335918021694,0.0015309013548146,0.0013508996180349,0.00174523996229522,0.00243537203776622,0.0029584221132187,5.8911720979168e-4,9.4110201128813e-4,0.00402949734761948,0.00108603731819599,0.00110607368680369,0.00461629467131128,9.6376170612701e-4,9.8542857799985e-4,5.8016000341445e-4,0.00131078142846848,8.1932740539253e-4,0.00122054330870877,6.0132387214036e-4,6.450179320818e-4,0.00391570545679488,8.6292970533096e-4,8.4210925753123e-4,0.00120985450186879,8.8331225872585e-4,8.5151754131953e-4,0.00143989593859671,0.00124130875719922,0.00167266615811684,8.5984204495167e-4,5.8654018347667e-4,0.00168221035866746,6.163894723467e-4,0.00114961569865942,0.00247176564971175,0.0011352289755124,0.00107402520625976,0.00108460475440309,"Lawton, OK"
34580,0.00118156163468899,0.00134105583070345,8.9357118441096e-4,0.00111911251203757,0.0010685247437175,9.6179646274317e-4,0.0036198120763169,0.00264851875119533,0.00161427030099713,0.0015682586848639,0.00116137652042244,0.00276097016445926,0.00157874790591503,0.00208662344449035,0.00146767606576004,9.0633119286752e-4,7.8001503232223e-4,6.0523692979142e-4,0.00101554049805743,5.8464891133612e-4,0.0011598480179728,0.00129788198393249,7.3024682944452e-4,6.3020411221429e-4,0.00116621072625809,8.4525803454871e-4,0.00120098739998675,6.6994949407546e-4,6.450179320818e-4,6.1571278675222e-4,5.8001195394579e-4,0.0015086499706752,8.4318437763207e-4,8.8331225872585e-4,9.1124989569955e-4,8.1702947092663e-4,0.00156548726198656,0.00401761440514152,6.8061524490651e-4,8.8387522814599e-4,8.0945493686769e-4,0.00410546801971464,0.001883591301522,0.00117821945520055,0.00108185972834952,0.00108466907369393,0.00107990393138499,"Mount Vernon-Anacortes, WA"
39460,0.00117227805220997,0.00187529605154792,0.00242154467647675,0.00151951887784,0.00143846271064703,0.00179741099863138,0.00637685085407405,0.00133048471872184,9.5760893727068e-4,0.00132445207532632,9.8330489393215e-4,0.00125332619442789,0.00162626271150294,9.2189930179756e-4,0.00127344616652251,0.0010839395589312,7.8001503232223e-4,9.9503159013353e-4,0.00226067793721649,6.6225427372509e-4,0.00118401516874998,0.00179131443886831,0.0012120890835429,0.00122979661497837,0.00166749603774735,0.00111865874412396,0.00184244429654104,0.00242733528044424,0.00560069262546225,0.00184153730796146,0.00150420056383828,0.002017980124217,0.00136537659487042,0.00105609264346304,0.00216466709934906,0.00123301867150786,0.00129353997350129,0.0012016519742314,0.00119146519877149,0.00220339277853531,0.00146549282810142,0.00106550895467499,0.00123472360619218,0.00138044743540926,0.00161302133765436,0.00140943442573986,0.00147940524020926,"Punta Gorda, FL"
15500,0.00117194984631494,0.00139362567681435,0.00132175254306551,0.00128107002161773,0.00119919778427899,0.00110169469658541,0.00124034850332012,0.0014807296198911,0.00286910243668725,0.00101618090667067,9.1987495960645e-4,0.00204954405383341,0.00152502162064529,8.9329015988878e-4,0.00121826544044127,0.0014455657959045,0.00588062421736579,6.24519621529e-4,0.00143531226890612,0.0011817367642771,0.00106273874297632,0.00106342797999572,0.0021423252066881,0.00204367332462873,0.00168424682879098,0.00113177346055604,0.0021431851102761,9.5856111058489e-4,0.00175062146970702,7.3401441653243e-4,0.00115982583959773,0.00115500525280209,0.00115689378396603,8.8331225872585e-4,0.00160928458486358,0.00128791451411671,0.00124115356034059,0.00167273691897034,0.00120671224994934,0.00130716183551039,0.00106407947955496,0.00207546310782379,0.00128405176311189,8.8756789729217e-4,0.00136878729641718,0.00124991842341429,0.00124579398514443,"Burlington, NC"
19500,0.00116976914321788,0.00132793953066088,0.00168552921714736,0.00139149753362653,0.00120960976602042,0.00145305070520337,7.7587234296676e-4,6.5704624706723e-4,6.7050832845901e-4,6.5817195425338e-4,6.5575171819056e-4,6.6594877246603e-4,6.6938413037443e-4,6.6541659162714e-4,6.6001247161718e-4,0.00167701234674583,7.8001503232223e-4,0.00116586519251894,0.00126946436130173,0.00266184227470765,0.00165810500138516,0.0011118646519341,7.8873472723669e-4,0.00187045785225386,0.00112974666789446,0.00130353120525309,9.3516491245213e-4,0.00157516863985803,0.00573074443214997,0.00287100387561337,7.2779568705141e-4,9.9182898674847e-4,7.98934792625e-4,0.00266283607164302,0.00271850730833979,0.00133405446547184,0.00150713122007167,0.00168119619642138,0.00153233190302519,0.00158004090789482,6.7093363728718e-4,7.2174749212339e-4,0.00156598277717024,9.5378279320351e-4,0.00123834179647548,0.00127098390866177,0.00128788846061367,"Decatur, IL"
34900,0.00113320171009866,0.00127067557008686,0.00163428141347667,0.00114835134037659,0.00125319562279687,0.0013805794867943,0.00133917060855365,0.00141861989786977,0.00139086895775114,0.00128721984153894,0.00185266498565014,0.0012643559198008,0.00145516682817993,0.00734744908066337,8.1052624003865e-4,0.00132809071985492,7.8001503232223e-4,6.0523692979142e-4,9.984448767224e-4,0.00236993263511965,0.0012246064337666,0.00110772099433548,7.3024682944452e-4,0.00151512894751382,0.0013679270594435,7.9148885900403e-4,9.0506723676758e-4,7.8157682995489e-4,9.3520972722336e-4,8.928497755051e-4,9.8365995351842e-4,0.00160758745858727,0.00123245025427797,8.8331225872585e-4,0.00125960149135719,0.00130437591111236,9.610467171095e-4,0.00109889984864809,9.9847885768427e-4,0.00121251152300702,0.00133373892161173,0.00692613975658154,0.00117239398090489,0.0019425562568149,0.00117616410548598,0.00119283782356733,0.00120957502466698,"Napa, CA"
29100,0.00111808801599568,0.00126040131939424,0.00138311202853978,0.00170069345736337,0.00141100520190125,0.00178607924469403,9.5307716654768e-4,0.00131613718588808,0.00137484716772014,0.00207450826722766,0.00116224691938371,0.00209582887710693,0.00285623842755068,9.5117520927459e-4,0.00101321086816152,7.1497141966178e-4,7.8001503232223e-4,0.00159789701898374,0.00155110478276386,0.0016432115687979,8.008548309221e-4,0.00144899668031278,0.00379189772687437,0.00134181444442777,0.00150166489110603,0.00175463510425896,0.00135402262482264,0.00116018235883953,0.00583025005952226,9.9768492073129e-4,7.8854432092207e-4,0.00110956811683984,0.00116698073130223,8.8331225872585e-4,0.00167282794653762,0.00130648655786863,0.00138583151654097,0.00124309913310727,0.0020511242137551,0.00240077155312754,0.00155432988513126,0.00410546801971464,0.00187664433762872,8.9562022146126e-4,0.00162559956390774,0.00148053661132805,0.00150631348815769,"La Crosse-Onalaska, WI-MN"
31700,0.00108938774080548,0.00100147751895678,0.00102051500221886,0.00105357799682422,0.00101341621933105,9.4188223627904e-4,7.7587234296676e-4,6.5704624706723e-4,6.7050832845901e-4,6.5817195425338e-4,6.5575171819056e-4,6.6594877246603e-4,6.6938413037443e-4,6.6541659162714e-4,6.6001247161718e-4,8.5579016484808e-4,8.3879001113411e-4,8.766408159978e-4,0.00113976803038846,8.1970899203263e-4,9.8211525540504e-4,0.00151155562666649,9.8208883640845e-4,0.00121255725730021,0.00124347903879172,0.00140033458572007,8.0622328689667e-4,0.0010572399015549,6.450179320818e-4,0.00146601609833121,0.00102531379480978,0.00104269804790318,9.8336122507243e-4,0.00108696876003157,0.0012174845970681,0.00119210266996042,0.00104995346556721,9.9962220019154e-4,9.4832230624363e-4,9.7412655196966e-4,0.00122351848211857,7.4994127297915e-4,6.8970632130017e-4,9.3023216717925e-4,0.00120706341437334,0.0010326882175222,0.0010340233695032,"Manchester-Nashua, NH"
28100,0.00108773251243298,0.00106916773576542,0.00146052270542556,0.00117130258105846,9.2942049428477e-4,0.00116127040747427,7.7587234296676e-4,6.5704624706723e-4,6.7050832845901e-4,6.5817195425338e-4,6.5575171819056e-4,6.6594877246603e-4,6.6938413037443e-4,6.6541659162714e-4,6.6001247161718e-4,0.00191188392816152,7.8001503232223e-4,6.4621264973377e-4,0.00145954746862572,0.00110806324280668,0.00113247173920735,0.00137740272984842,0.00197680341355153,8.2823972408555e-4,9.2836893294731e-4,9.6449596160426e-4,0.00113106647102153,0.00217209440902581,6.450179320818e-4,5.8869648818114e-4,8.4197268538836e-4,0.00121447889088985,6.9723467152185e-4,8.8331225872585e-4,0.00121225956348284,0.0011691610908817,0.00126132059414376,0.00102487379745446,8.2485126127881e-4,7.616113652117e-4,0.00109046352722189,6.163894723467e-4,9.4803815495919e-4,8.1876629393116e-4,0.00118929791208458,0.0010422343222047,0.00104613848877309,"Kankakee, IL"
44940,0.00108715842430861,0.00141306607247344,0.00151452557089195,0.00122316607788488,0.00118257975212097,0.00124360266652994,0.0020678888769716,0.00246162264318929,0.00165305302274065,0.00117851954654374,0.00113905731664277,0.00125480675784915,0.00117682984272489,9.906748496569e-4,0.00227162182593389,5.8911720979168e-4,7.8001503232223e-4,6.0523692979142e-4,0.00075415510291876005,9.0924508244594e-4,0.00232438478409184,0.00173375899331736,7.3024682944452e-4,0.00406349183495626,8.4927131317029e-4,9.3617880539108e-4,0.00397394756216323,0.00390228041266847,6.450179320818e-4,6.3309265492484e-4,0.00679352103893434,5.8048918880793e-4,0.00382079135028761,8.8331225872585e-4,0.00422743511765071,7.6043902693622e-4,9.7195525908401e-4,0.00386459580609312,8.0010654322801e-4,9.4269259679457e-4,0.00218672924280632,0.00410546801971464,0.00134557172855616,6.9325411313973e-4,0.0012204892333828,0.00119956379881022,0.00120640040042303,"Sumter, SC"
46340,0.00103326193244285,0.00132324757028271,0.00141319909216266,0.00138345162678365,0.00122724709535065,0.00131966111369605,0.00251564356007173,0.00163504324852539,0.00123423914942592,0.00137388336260778,0.00128325248168524,0.00172357398129443,0.00116452593000542,0.00168237066897044,0.00106346573085536,9.3766103143754e-4,0.00196175599185695,9.1366930719648e-4,0.00171623983003654,0.00120598175073065,0.00118543659442024,9.1066461718997e-4,9.5668960513445e-4,0.00123719837492394,0.00146096213260539,0.00165356520782815,0.00110551194120948,0.00113174954199191,0.00118715725417045,0.0015118965362658,9.8941978158766e-4,0.00110527556282063,0.00112384667460469,0.00117799478514179,0.0017217756676279,0.00114621125822174,0.00121013802410099,8.828191346109e-4,0.00142669687358552,0.00256458760581136,9.5033396404157e-4,0.00125086595995672,0.00137596110261898,0.00139172992771167,0.00133376327543955,0.00124359094041325,0.00129916219143456,"Tyler, TX"
16940,0.00102890380614922,0.00111296779134415,8.8524535259561e-4,9.9244402638204e-4,0.00100401931082413,8.2355768241142e-4,9.5629187440925e-4,0.00132692028314846,8.6282707052571e-4,0.00124917816528055,0.00127409628844734,0.00116637948874798,0.00121093414684648,7.6153324310318e-4,0.00298119668277812,0.00396895808412855,7.8001503232223e-4,6.2355548694212e-4,0.00116831367355174,5.8464891133612e-4,5.9869980552416e-4,6.1388739830302e-4,7.3024682944452e-4,5.8016000341445e-4,8.9751970409291e-4,8.906231603702e-4,6.4559422542828e-4,0.0044627287607035,0.00429765112887687,9.9492314989274e-4,5.8001195394579e-4,5.8048918880793e-4,7.1968854222806e-4,8.8331225872585e-4,0.00398112484165175,7.5055176675689e-4,8.33841864776e-4,0.00386459580609312,0.00325700205104526,0.0043917156752886,0.00108459832260698,6.163894723467e-4,0.00415100474778836,0.00115364054038072,9.9212647149086e-4,9.8262085933489e-4,0.00100129017304973,"Cheyenne, WY"
31860,0.00100645982411644,0.00157516630679244,0.00215428114763167,0.00165019908865932,0.00128118812811163,0.00215748648837561,0.00244644333910468,6.7148812317659e-4,0.00116981250883526,0.0021025202445422,0.00140425111103767,0.00239516764502124,0.00145757166219544,7.0754182107889e-4,0.00149280111886556,0.00213608357843361,7.8001503232223e-4,6.0523692979142e-4,0.00205929677427979,0.00286742236376818,0.00390344752318768,0.00194740774850694,7.3024682944452e-4,6.4631940981365e-4,7.7696267929256e-4,0.00421377394260853,0.0038134074197637,0.00174070771888676,6.450179320818e-4,0.00391570545679488,5.8902218309097e-4,0.0015409574400233,5.8696619637872e-4,8.8331225872585e-4,5.7677764118606e-4,8.4141877636193e-4,9.0634436929904e-4,6.6017105075542e-4,0.00223723732919038,0.00125624447680713,0.00403624171429674,6.163894723467e-4,7.5290323695113e-4,0.00381711166102207,0.00156055026270134,0.00144785903763969,0.0014175186063701,"Mankato, MN"
20020,9.9342790541115e-4,0.00133815597483899,0.00142029230501398,0.00107698691574625,0.00112682288767085,0.00109136312765407,0.006748943582255,0.00215842052644933,0.00273025724539318,0.00193124138755966,0.0010615791168384,0.00162812725569611,0.00130640240031958,0.00162655006127818,9.2263017534928e-4,0.00401667267563401,8.0243985187844e-4,0.006549276254467,9.8862101858033e-4,7.8721596533829e-4,0.00608313785994257,0.00161640007753475,7.3024682944452e-4,0.00552841286535967,0.00248842888039737,0.00409772224481219,0.00423989611431903,9.6550210133102e-4,6.5376151184898e-4,5.9269332431234e-4,7.0730831234706e-4,7.602242194324e-4,0.00118565783132383,8.8331225872585e-4,0.00134157504674871,0.00265845912064564,0.0014463039639744,8.4088241991507e-4,7.2530939001911e-4,0.00159823260496289,8.4909601702107e-4,8.0734752018155e-4,0.00105827986181631,0.00129495377557119,0.00113488789367545,0.001067146098811,0.00110077378868275,"Dothan, AL"
13220,9.6496937539561e-4,0.00139283084490296,0.00212167457496723,0.00136821921336959,9.4383240491324e-4,0.00144334706628782,7.7587234296676e-4,0.00154622135738986,0.00442359120612081,0.00127014952538586,6.6638831781486e-4,0.00118603687878525,0.00222862184675331,6.6541659162714e-4,0.00121417169815162,0.00413219221296302,0.00519464207100418,0.00402949734761948,5.9634958215817e-4,5.8464891133612e-4,5.952263601293e-4,5.8365518953714e-4,0.00486530111347058,0.00413577356391514,8.5953318565229e-4,0.00196535122473585,0.0038134074197637,5.8648509365271e-4,6.450179320818e-4,5.9069490624674e-4,5.9130600245647e-4,5.8048918880793e-4,5.855875402171e-4,8.8331225872585e-4,7.318448669355e-4,0.00128094101286452,7.9605924030075e-4,6.522652995347e-4,9.4295812865415e-4,6.1677847731082e-4,6.0361685697896e-4,6.163894723467e-4,0.00114803010029099,0.00111333317767913,0.00125641507789657,0.00117659676789057,0.00119718179918249,"Beckley, WV"
47580,9.5192889126322e-4,0.00124596403824063,0.00120608877154,0.00109398362176335,9.3463777383631e-4,0.00101573330034004,0.00105630898863818,0.00272295488117929,0.00167342654095787,0.00167564628535982,0.0013253983443926,0.00107625200564355,8.6803020320871e-4,7.822576940894e-4,0.00139454289614305,6.2683377110922e-4,7.8001503232223e-4,0.00402949734761948,6.9312854621233e-4,6.680303525225e-4,0.00135205592767879,0.0013750725614697,7.3024682944452e-4,0.00457961807156306,7.9608698662682e-4,8.5401706640343e-4,0.00401612801615449,0.00439498459066734,6.450179320818e-4,6.0381231236595e-4,7.800938246661e-4,5.8048918880793e-4,0.00186790831266563,8.8331225872585e-4,6.5071758747019e-4,0.00130134553458979,0.00115789893571456,0.00386459580609312,0.00174932776756485,8.4672619318097e-4,0.00107492023429901,6.163894723467e-4,0.00111740908341498,0.00104597507615559,0.00100272733966377,0.00101712946128448,0.0010101419020458,"Warner Robins, GA"
27060,9.101151232835e-4,0.00116693266998602,0.00186072927675261,0.00159468439368252,0.00164424465618397,0.00242853781873263,7.7587234296676e-4,0.00186160643871252,9.569682929027e-4,9.0073296455457e-4,0.00122769804359157,0.00223532551267625,0.00256209839556505,0.00109417537684289,8.3109471294556e-4,0.00205124084266355,9.5513485331237e-4,0.00107071926552158,0.00141362484210432,0.00103697745231628,9.5235837600054e-4,9.5452886480773e-4,7.3024682944452e-4,0.00185415660475493,0.00147547165860863,0.00136989004953891,9.5155030646575e-4,0.00127830260502446,0.00429765112887687,0.00206199891402039,9.9862091577882e-4,0.00103063431516592,0.00101461506056645,0.0070853686281581,0.00110556810634446,0.00301431365113075,0.00154221541245958,0.00176622715974248,0.0012787958132902,0.00154426053665911,8.3204494026193e-4,8.0205623013896e-4,0.00128126531006521,0.00162606064539148,0.00162822483436463,0.00167364602635482,0.00159612767171217,"Ithaca, NY"
17660,8.9789232994886e-4,0.00105344840417059,0.00104158625952693,9.7588951481955e-4,9.7076691647805e-4,9.9824738298187e-4,7.7587234296676e-4,9.8610320165919e-4,8.9136502219842e-4,9.9633283673575e-4,0.0010425905324114,9.6274983766498e-4,0.0012133356980457,9.5787095660873e-4,0.00128188256289152,0.00135717456733135,9.3738869754704e-4,9.3979216727598e-4,0.00115071442173387,6.6542201269611e-4,8.2048435332328e-4,0.0010099529807094,7.3024682944452e-4,6.9432468031037e-4,9.1769004636039e-4,0.0010173886781839,0.00105401244587013,8.8924626124922e-4,7.9817492695529e-4,9.8718968605788e-4,0.00136704145574278,8.8647362535202e-4,8.4210624243395e-4,9.4616920357329e-4,9.3411887710753e-4,8.8439797513253e-4,0.00102866030399488,0.00129788742106891,8.3622268311117e-4,8.7592268950986e-4,8.9195666123275e-4,7.4053234633683e-4,5.8106356994302e-4,7.9466752555969e-4,0.00113355268206309,9.7165275036835e-4,9.7438757512838e-4,"Coeur d'Alene, ID"
46540,8.9690535665378e-4,9.6982479511555e-4,9.4078010931037e-4,0.00104354209926348,8.6301824922315e-4,0.00116709556700189,9.431362835749e-4,0.00103952515527695,9.5775749047059e-4,0.00110913614136271,9.2672180320325e-4,9.6819916916114e-4,9.7988073809541e-4,0.00106130628294769,0.00120163053501751,7.7351831374307e-4,7.8001503232223e-4,7.693510910323e-4,8.4408933753555e-4,7.0652280565383e-4,8.1318844802149e-4,8.1514180929837e-4,9.5789385695939e-4,8.1955209377434e-4,9.7082176258033e-4,8.6385550995614e-4,8.9802073052104e-4,7.1542288508327e-4,8.8453219618613e-4,8.6423039654394e-4,7.8812518626513e-4,9.8335027903331e-4,8.4504425013869e-4,8.8331225872585e-4,7.6885634732405e-4,0.00101589771792775,9.0341105907926e-4,8.5153589393888e-4,8.468589254237e-4,0.00109604690542322,9.0591101502478e-4,0.00138304596497021,0.00081423196027708995,7.0719381541555e-4,0.00102558512049046,9.5624730024361e-4,9.3910770249034e-4,"Utica-Rome, NY"
39380,8.8931881799097e-4,9.7459811656759e-4,0.00108768519857814,9.9182867854884e-4,8.6155584272325e-4,0.00114585336928592,8.5480588797285e-4,8.8847569442651e-4,8.6408270561953e-4,8.6234006813045e-4,8.9119928016157e-4,9.5884434190751e-4,8.8628800598417e-4,8.9751513098296e-4,7.8377061510355e-4,9.1682639976564e-4,8.2282643664199e-4,0.00104872602179574,9.3385595182877e-4,7.8507433842223e-4,7.1739152910491e-4,8.0215887070184e-4,0.00115037170713083,8.2247260975028e-4,8.9741579521994e-4,8.8311532400517e-4,8.281214882095e-4,0.00105907953294286,0.00111165198146493,8.6646788291584e-4,6.336307097418e-4,6.5408459395433e-4,7.1823038139227e-4,8.8331225872585e-4,0.00120365598428019,7.9318404509724e-4,9.6408020914524e-4,8.3140555178634e-4,8.771951171275e-4,8.5887425418409e-4,8.706976817443e-4,0.00140080723269238,7.7122834638065e-4,0.00166262222406234,8.8964682598843e-4,9.0803391822992e-4,9.1999424749568e-4,"Pueblo, CO"
45540,8.4208243734744e-4,0.00110840279579124,0.00172495631924192,0.00104075549460757,0.00113514247022145,0.00124322127101699,7.7587234296676e-4,0.00301285746338454,0.00583110368712563,0.0017762062436801,0.00227625143612142,0.0013354804044408,0.00139198381201775,0.00151042414065415,7.7176962751503e-4,5.8911720979168e-4,7.8001503232223e-4,0.00148282123996648,9.32112754204e-4,8.2932054218263e-4,6.9102628872316e-4,0.00157849116484585,7.3024682944452e-4,6.5862430966726e-4,6.7113477423249e-4,6.4985743082019e-4,6.469975679199e-4,5.9617944981744e-4,6.450179320818e-4,6.2321252238185e-4,0.00204998909925443,6.991991282982e-4,7.5638976058797e-4,8.8331225872585e-4,0.00113654803298724,7.4846204332798e-4,0.00101711812281543,6.0459551134369e-4,0.00106032731871116,6.0562921527261e-4,5.9165867623742e-4,6.163894723467e-4,9.7980198907097e-4,7.059033974565e-4,0.00117669769137782,0.00111821419364858,0.00110075225818161,NA
24300,8.3285649910862e-4,9.4592163214797e-4,0.00100249294029706,9.3734724789143e-4,9.3010371031748e-4,8.679894307995e-4,7.7587234296676e-4,0.00121979681585389,9.1124706453214e-4,8.9673196523011e-4,9.0214655063131e-4,9.5692489331229e-4,8.6327364184068e-4,9.0656789749471e-4,0.0010755697355736,9.3347484192872e-4,0.00226375395575825,7.3925163736757e-4,0.00110474836758134,6.8368163792191e-4,8.3180787741587e-4,0.00105152519914785,7.8322998391507e-4,8.8045823513511e-4,9.889747370023e-4,0.0011125029626156,7.6715689394949e-4,8.7111091179316e-4,7.3751836100206e-4,8.0087931232132e-4,7.6682337850664e-4,9.8376326995702e-4,8.3407796420932e-4,8.8331225872585e-4,8.2825423177446e-4,0.00120083146487827,0.00102184691625622,8.4055569507452e-4,0.00100487550180584,7.8467002120058e-4,8.5441966572605e-4,7.1341879490784e-4,6.5621222005606e-4,0.00105256454266593,0.00101716794209128,9.2731178384884e-4,9.3040210092185e-4,"Grand Junction, CO"
12100,8.1233640308658e-4,9.8194338711618e-4,9.9452853456209e-4,9.7335439605655e-4,8.4602971282302e-4,0.00100595977255857,8.2776844021114e-4,9.178236568294e-4,8.1028810263106e-4,9.4010176038224e-4,7.9409878207568e-4,9.9392999377741e-4,0.00115693714660888,8.7503261497742e-4,9.2931269721912e-4,8.9538912794616e-4,7.8001503232223e-4,7.57400403354e-4,9.1127139868251e-4,6.9417402165645e-4,9.495891030257e-4,6.5162443189422e-4,9.318580535987e-4,6.8719375374435e-4,9.3732027992446e-4,9.1613894261377e-4,6.8580887160419e-4,7.6784976956e-4,7.721219202185e-4,6.5817994707727e-4,7.4807402867857e-4,8.7243302148183e-4,7.5683507230779e-4,8.8331225872585e-4,8.0498549122103e-4,8.0009444886881e-4,8.3598708333725e-4,0.00144236276723447,0.00108584314981983,0.00103191704686166,8.2864411144621e-4,0.00128685888462445,9.510769100736e-4,8.7458784133277e-4,8.7795219429377e-4,9.0932647361087e-4,8.9943781754406e-4,"Atlantic City-Hammonton, NJ"
13780,7.9854073047533e-4,7.8932107233436e-4,8.0611977961279e-4,8.751157392272e-4,8.1583323193743e-4,9.2085007674406e-4,7.7587234296676e-4,6.5704624706723e-4,6.7050832845901e-4,6.5817195425338e-4,6.5575171819056e-4,6.6594877246603e-4,6.6938413037443e-4,6.6541659162714e-4,6.6001247161718e-4,9.8646960712484e-4,0.00100048190810816,9.4557643895963e-4,8.7692244599087e-4,9.0914106415309e-4,7.4979186009233e-4,9.1748579846087e-4,8.8025108495856e-4,8.3055871699786e-4,9.0598936823291e-4,8.5209937458167e-4,6.779660118233e-4,7.6641343762415e-4,9.7772345331913e-4,6.6926517032054e-4,6.7850683314959e-4,7.8946379601376e-4,7.7686678281147e-4,8.8331225872585e-4,7.4077474150035e-4,0.00103529581997075,8.6698438374536e-4,0.00102671393925835,9.9131602466881e-4,7.4280598225821e-4,7.0336840992996e-4,8.2428994760263e-4,7.054763303065e-4,6.7487755932696e-4,9.0322409789785e-4,8.5252540595962e-4,8.4194476459219e-4,"Binghamton, NY"
41060,7.8495670333559e-4,6.7212531825887e-4,6.3270818164852e-4,7.0927614163726e-4,7.300616064705e-4,6.5478311610209e-4,0.00125650335818145,0.00129669615990598,0.00149931624817975,9.2403696854474e-4,9.5807385231714e-4,0.0010505840962945,0.00142015953287378,0.00104568151173608,7.3439084038883e-4,6.4380513589082e-4,7.8001503232223e-4,6.5105087072277e-4,7.2913446791469e-4,7.4291033979633e-4,8.2217223854663e-4,6.6573514407863e-4,7.3024682944452e-4,6.0194696352338e-4,6.5398317768419e-4,7.0560359391501e-4,5.9655358621447e-4,0.00104156127007286,6.450179320818e-4,9.022891024418e-4,6.1812716788368e-4,5.839083719847e-4,6.0975103826609e-4,8.8331225872585e-4,6.0056648159751e-4,7.0711352955603e-4,6.8883820234801e-4,5.9417568541077e-4,6.3546117960902e-4,6.4080505187969e-4,6.2789018398402e-4,6.163894723467e-4,7.1153391788575e-4,6.0701496313108e-4,7.3202599297815e-4,7.2454319787162e-4,7.2099600673944e-4,"St. Cloud, MN"
20740,7.5340704696034e-4,7.8481975550439e-4,8.2074765943324e-4,8.8076228213232e-4,8.2823024479479e-4,8.2405530338891e-4,7.7587234296676e-4,6.5704624706723e-4,6.7050832845901e-4,6.5817195425338e-4,6.5575171819056e-4,6.6594877246603e-4,6.6938413037443e-4,6.6541659162714e-4,6.6001247161718e-4,6.8716797013076e-4,7.8001503232223e-4,6.7176221628606e-4,8.89565971901e-4,0.00110210182275582,0.00102655777908294,0.00115604565888026,0.00119952619761228,7.9571266767951e-4,0.00113727169850039,8.6818942571373e-4,0.00109280131602749,0.00112059352936358,7.2763363826304e-4,7.8592497880886e-4,7.3381377038712e-4,6.9108287572652e-4,7.4729682655331e-4,9.3985951804949e-4,8.5132340812823e-4,8.275292481898e-4,8.595106435082e-4,9.4913177415885e-4,9.1236018638902e-4,8.1749903724794e-4,7.5061311739155e-4,9.4370727291776e-4,7.5971801862878e-4,7.3346417546598e-4,9.5577922434422e-4,8.4429502014744e-4,8.5259477438024e-4,"Eau Claire, WI"
36140,6.7507858800171e-4,7.7712435759973e-4,8.8428502593012e-4,7.4673480698223e-4,7.5065904395031e-4,7.5630916430715e-4,7.7587234296676e-4,9.3335875413219e-4,7.6959478536705e-4,7.3330667152872e-4,7.8715849797211e-4,7.8585043747762e-4,0.00148055237153183,8.5393742046072e-4,7.3656249839529e-4,6.1973755564494e-4,7.8001503232223e-4,7.6180477337569e-4,7.6803017412202e-4,6.1490361284863e-4,8.1657031821008e-4,6.3832779039205e-4,7.3024682944452e-4,7.5318153251526e-4,7.0803480743346e-4,6.6774205073398e-4,6.6561580340273e-4,6.1708072102802e-4,6.8949167143023e-4,6.6565824382193e-4,7.6986994862447e-4,7.0200356962947e-4,7.2848485986027e-4,8.8331225872585e-4,7.3047054906523e-4,7.5971070807132e-4,6.5763502475781e-4,7.3102833691523e-4,7.368171731443e-4,7.2912107266094e-4,0.00100338844484965,6.6887526370967e-4,6.3960360014755e-4,6.1881758417874e-4,8.1488491326842e-4,7.7533374859695e-4,7.4896877284778e-4,NA
10540,6.6020995257602e-4,6.957000857537e-4,7.3071068242087e-4,7.2348849732699e-4,6.4953321800121e-4,7.0702019593634e-4,0.00124759424288408,8.6122165062633e-4,9.1642068375762e-4,0.00108903771844393,9.0711709233622e-4,9.6687952025177e-4,8.6306540387521e-4,8.2590648499111e-4,9.4772945763119e-4,6.4271442850608e-4,7.8001503232223e-4,6.3030442905027e-4,6.6368816363728e-4,5.8464891133612e-4,6.2097509880557e-4,6.8416034930404e-4,7.7841333350866e-4,5.8016000341445e-4,6.8580845648085e-4,6.2198249744109e-4,6.3067951313165e-4,8.0923782966913e-4,6.450179320818e-4,6.1283122943489e-4,6.2307200658873e-4,5.8048918880793e-4,5.8353478125047e-4,8.8331225872585e-4,7.3799512561632e-4,6.0763176089074e-4,6.5287116494756e-4,6.0032213513568e-4,5.9132133502971e-4,6.4894942530201e-4,6.7210121983595e-4,7.9688035184759e-4,5.7894546011941e-4,7.4784396725555e-4,7.0237090203907e-4,6.8444610029421e-4,6.8126844117624e-4,"Albany, OR"
15680,6.4836700988252e-4,6.2035768426162e-4,6.1086590174209e-4,6.3248673923403e-4,6.2941650685315e-4,6.3811187962412e-4,8.8111706964155e-4,7.6926618359426e-4,6.7050832845901e-4,8.2050823485388e-4,8.0174741620478e-4,7.7458505436282e-4,8.3933810466219e-4,6.8960731745092e-4,0.00134071129829468,6.2365763962985e-4,7.8001503232223e-4,6.0523692979142e-4,6.7087199932555e-4,5.8464891133612e-4,5.8178563664481e-4,6.0340276939353e-4,7.3024682944452e-4,5.8016000341445e-4,5.9907786222898e-4,6.2566472626784e-4,6.2466712778446e-4,5.8648509365271e-4,6.450179320818e-4,6.1861085576822e-4,5.8001195394579e-4,5.8048918880793e-4,6.2968059011299e-4,8.8331225872585e-4,5.8113284526746e-4,6.7386800751198e-4,5.8530380307104e-4,6.1627625591235e-4,5.9846038051093e-4,5.8728767898655e-4,6.7776821959177e-4,6.163894723467e-4,6.2114369736817e-4,5.7231467013563e-4,6.3566727009663e-4,6.2986065031922e-4,6.3137057973297e-4,NA
18700,6.4506012706193e-4,6.5031948233263e-4,7.1830745771478e-4,7.3216235767021e-4,7.5263209847181e-4,6.7741936399539e-4,0.00252505005197773,0.00103204390894185,0.00109333303204128,9.9424073400581e-4,9.4938250545883e-4,0.00142743666845132,0.00191821785671782,9.4144917425884e-4,9.3188617743521e-4,8.2796134171672e-4,7.8001503232223e-4,6.3994577491906e-4,5.9866454788749e-4,7.3889343262789e-4,6.7656030561619e-4,6.2911454771926e-4,7.3024682944452e-4,6.3073443704879e-4,7.3162202007191e-4,9.3723687959922e-4,5.905401641833e-4,6.6035358611251e-4,6.8893899905113e-4,5.9918319494621e-4,6.1209259774539e-4,5.955717039367e-4,6.3786907275668e-4,8.8331225872585e-4,5.7677764118606e-4,9.4500986785522e-4,6.3157481225768e-4,7.2629504178265e-4,8.298169589994e-4,5.9438920112226e-4,6.5671165840181e-4,6.459563474619e-4,6.0746527665697e-4,6.9300264595281e-4,7.7481071176975e-4,7.4718767999829e-4,7.4563186124934e-4,"Corvallis, OR"
